:1000000000800020BD0100006D1F0000291F0000BE
:10001000291F0000291F0000291F0000291F0000C0
:10002000291F0000291F0000291F00006D1F00006C
:100030006D1F0000291F0000212F0000252F000048
:100040006D1F00006D1F00006D1F00006D1F000080
:100050006D1F00006D1F00006D1F00006D1F000070
:100060006D1F00006D1F00006D1F00006D1F000060
:100070006D1F00006D1F00006D1F00006D1F000050
:100080006D1F00006D1F00006D1F00006D1F000040
:100090006D1F00006D1F00006D1F00006D1F000030
:1000A0006D1F00006D1F00006D1F00006D1F000020
:1000B0006D1F00006D1F00006D1F00006D1F000010
:1000C0006D1F00006D1F00006D1F00006D1F000000
:1000D0006D1F00006D1F00006D1F00006D1F0000F0
:1000E0006D1F00006D1F00006D1F00006D1F0000E0
:1000F0006D1F00006D1F00006D1F00006D1F0000D0
:100100006D1F00006D1F00006D1F00006D1F0000BF
:100110006D1F00006D1F00006D1F00006D1F0000AF
:100120006D1F0000710500006D1F00006D1F0000B5
:100130006D1F00006D1F00006D1F00006D1F00008F
:100140006D1F00006D1F00006D1F00006D1F00007F
:10015000D11B0000ED1B0000091C0000251C000045
:100160006D1F0000ED2400006D1F00006D1F0000DA
:100170006D1F00006D1F00006D1F00006D1F00004F
:100180006D1F00006D1F00006D1F00006D1F00003F
:100190006D1F00006D1F00006D1F00006D1F00002F
:1001A0006D1F00006D1F00006D1F00006D1F00001F
:1001B0006D1F00006D1F00006D1F0000574B4CF2BB
:1001C000205210B5DA814DF62812DA8100BF00BF47
:1001D00001F0D0FE524B4FF010621A63514A9A63FD
:1001E000514ADA63514A136913F4807303D153619E
:1001F0004FF4A85313614E4B9A78110703D59A78A0
:1002000042F008029A704B4B4B482A221A704B4B13
:10021000DA1C121AC11E22F00302994288BF002282
:10022000474902F087FE474B4748DA1C121AC11EA5
:1002300022F00302994288BF0022002103F018FF38
:10024000424943484FF4DE7202F074FE414B424A89
:10025000802103F8011B9342FBD14FF0E0233C4A7D
:10026000C3F8082D3D4B8A221A70A3F5805324222F
:100270005A70A0221A709A799207FCD59A79D406FE
:10028000FCD4374B9A7902F00C02082AFAD10322E7
:100290001A7140225A719A799006FCD5304A9379A6
:1002A0005906FCD51E4B2F4959640221996420211F
:1002B0001170917901F00C010C29FAD12A4A5A6087
:1002C0004FF0E023294A5A6100229A6107221A61FD
:1002D000274AC3F8202D62B601F0A2FE134B5B69DA
:1002E000DA0705D5234801F08FFE234B234ADA6154
:1002F000234B1B785B0609D51F4C204BE2699A42C1
:1003000004D11C4801F080FE0023E36101F038FEB7
:1003100003F018FF01F000FEFEE700BF00200540DB
:1003200000800440823F04000100002B00D0034005
:1003300000D0074000E007402087FF1F208DFF1FEF
:10034000688700004097FF1F208DFF1F00000000FE
:100350000082FF1F00E400E05FE400E00050064080
:100360000040064000000301C0100500FF760100B8
:100370000000202046CDC76900E00340A5C3945A81
:1003800000F00740FFFFFFFFFFFFFFFFFFFFFFFF42
:10039000FFFFFFFFFFFFFFFFFFFFFFFFFFFFFFFF6D
:1003A000FFFFFFFFFFFFFFFFFFFFFFFFFFFFFFFF5D
:1003B000FFFFFFFFFFFFFFFFFFFFFFFFFFFFFFFF4D
:1003C000FFFFFFFFFFFFFFFFFFFFFFFFFFFFFFFF3D
:1003D000FFFFFFFFFFFFFFFFFFFFFFFFFFFFFFFF2D
:1003E000FFFFFFFFFFFFFFFFFFFFFFFFFFFFFFFF1D
:1003F000FFFFFFFFFFFFFFFFFFFFFFFFFFFFFFFF0D
:10040000FFFFFFFFFFFFFFFFFFFFFFFFDEF9FFFF23
:100410000548064B1B1AD90F01EBA301491002D066
:10042000034B03B118477047208DFF1F208DFF1F1E
:100430000000000008B5054B1BB105490548AFF3A6
:100440000080BDE80840FFF7E3BF00BF00000000E8
:10045000208DFF1F60470000036818470B6803608A
:10046000704700BF0B680360704700BF704700BF54
:1004700010B5044601F060FB204610BD0C4B93F80C
:1004800000144A1CD2B253F8211083F8002452B948
:1004900093F80204D3F8042480F00100013283F8B9
:1004A0000204C3F8042401F50061282001F00ABE0B
:1004B0003C8DFF1F70B5942001F07AFD0A4D0B4E64
:1004C000044600F095FFD4F8840034602946FF22EA
:1004D00001F01AFA33682946D3F88800BDE8704065
:1004E000FF2201F011BA00BF710500004491FF1F07
:1004F00038B50A4C0A4D23680146D3F884002970A8
:1005000001F02AFA074B297880F0010252B21A70E2
:100510002068BDE8384000F099BF00BF4491FF1F3C
:10052000398DFF1F388DFF1F0F498B695A1C13D05F
:10053000CA5C82B052B28DF807209DF80720013BBB
:100540008B6153B2094A002B137001DA02B0704775
:10055000107802B0FFF7CCBF044A002B137000DA0A
:1005600070471078FFF7C4BF7C91FF1F3087FF1FD3
:1005700010B5264C264A237853B9264B26491868CD
:1005800092F90020097800F061FF0123237010BD6B
:10059000204B92F90010186800F0AEFF1F4B1B783B
:1005A0001A46172A80B25BB20CD91A3B0E2B13D80D
:1005B000DFE803F01517191B1D1F1212272921232D
:1005C000121225000E3AD2B2154B23F81200FFF793
:1005D000ABFF0023237010BD183AD2B2F4E70F220C
:1005E000F2E71022F0E71122EEE71222ECE71322E5
:1005F000EAE71422E8E70C22E6E70D22E4E70E2200
:10060000E2E70A22E0E70B22DEE700BF9C91FF1F32
:10061000388DFF1F4491FF1F398DFF1F3087FF1F4B
:100620005091FF1F08B5054B1B781B0600D408BD71
:10063000FFF77AFF024B00221A7008BD3087FF1FB8
:100640009C91FF1F10B504468CB00020FFF732FFCD
:10065000114A4FF400430C2093FBF4F3013B138049
:1006600001F042FE0D4B0E4A009302A908A8069322
:100670000292FFF7F3FE4FF4B76206A9094801F0B2
:10068000EDF9069B08A8DB689847009B02A8DB6889
:1006900098470CB010BD00BF9A91FF1F1045000095
:1006A0007D0400004891FF1F08B50021022001F0E1
:1006B0005DFE0021032001F059FE0021042001F01D
:1006C00055FE01210D2001F051FE1720012101F0FE
:1006D0004DFEBDE808404FF48070FFF7B3BF00BF88
:1006E0002DE9F04FB14CDFF8C8B2B24D2368DBF80A
:1006F00000102A68CBF8002083EA034081EA014118
:1007000081EA511180EA501053404B40424083EA45
:10071000410382EA40025A40A74923602A609BB203
:1007200092B201EA433301EA4231A44AA44E136073
:10073000A44BDFF8948219608BB0032001F008FE0F
:100740003060022001F004FEA04BA14C1860042090
:1007500001F0FEFDC8F80000152001F04DFB2060FF
:10076000162001F049FB2268DFF868923668A0F590
:100770000070121A40F2FF339A42A8BF1A46012AAB
:10078000B8BF0122531EC3EB031303EB431505F25D
:10079000FF15914B6D08A3FB0535904B1860904BEE
:1007A0002D0A1A608F4B05351D60D9F800309E4226
:1007B00002D0012E00F09C838B4B8C4C01930F20B8
:1007C000C9F8006001F018FB894D8A4F286010209D
:1007D00001F012FB2B68884DDFF82092DFF820A291
:1007E000A0F50072981A40F2FF36B042A8BF30461A
:1007F0000128844BB8BF01201A60386002F00EFF58
:100800004FF07E5102F054FE7F4902F05BFF7F49BA
:1008100003F00CF87E4902F04DFE7E4B186011206B
:1008200001F0EAFA2860122001F0E6FA2A687A4D0F
:10083000A0F50070121AB242A8BF3246012AB8BF12
:100840000122531EC3EB031303EB431101F2FF110B
:10085000614B28604908A3FB013170485B4B026083
:100860001E68D9F80020090A05319642CAF800101E
:1008700002D0012E00F0BE82694B6A4D0293132014
:10088000C9F8006001F0B8FA674E3060142001F03A
:10089000B3FA3668A0F50070361A40F2FF339E4274
:1008A000A8BF1E46614B012E1860614BB8BF0126E0
:1008B0001E60304602F0B2FE4FF07E5102F0F8FDAD
:1008C000514902F0FFFE514902F0B0FF504902F0D9
:1008D000F1FDD8F80090574A3B680390B9F1010F39
:1008E000106003F1FF3300F0228240F6345202FB25
:1008F00003F3394903F2FF1381FB03211944DA178B
:10090000C2EB6122002B40F68C2106F1FF3301FB84
:1009100003F303F2FF1330494FEA5303A1FB031320
:100920004FEA1323ACBF78327732643301990298CF
:1009300009680068404E414F091A41480260414A27
:100940004148136000294BF28263404A3381B8BFAB
:1009500049423B8109294FF000031370037004DC06
:100960003B490B78002B00F02681DFF8E880144B20
:100970001968164B1A68114300F03682227A002A51
:1009800070D062682088C2F1807100FB01F102EB37
:10099000112231498A4240F20B81304A62600022C2
:1009A0002272DFF8BC90FF246CE000BF2887FF1F95
:1009B0002487FF1F2C87FF1F0000FFFFA091FF1F50
:1009C0008892FF1FAC91FF1F8092FF1F9092FF1F24
:1009D000E491FF1F5892FF1F11204080DC91FF1F00
:1009E000E091FF1FD891FF1F8C92FF1FF891FF1F0E
:1009F0006C92FF1F6892FF1FE891FF1F5C92FF1F20
:100A0000EC91FF1F6492FF1FA470BD3F00807F44E4
:100A10000AD7A33C6092FF1FF091FF1FF491FF1FC4
:100A20009492FF1F0892FF1F7092FF1F7892FF1F82
:100A30007C92FF1F7492FF1F1892FF1F2892FF1FC6
:100A40003892FF1F3C92FF1F8492FF1F4892FF1FA6
:100A5000D091FF1FBC91FF1FFFFEFF0000FFFF00B2
:100A60005D8F023F6268618802FB01F1A2EB1122F7
:100A70006260C2F30744204602F0D0FDC04902F094
:100A800021FE8146BF4A14602A7A6C68002A5ED033
:100A90002988C4F1807201FB02F204EB1224BA4AE5
:100AA000944240F28280B94A6A6000222A72B84AAF
:100AB000B84DFF24146098F80820002A5CD1D8F8BB
:100AC0000420B8F8021002FB01F1A2EB1122C8F8D1
:100AD0000420C2F30743B04A1168B04A4846136085
:100AE00002F0E8FC4FF08C4102F0ECFD4FF0605159
:100AF00002F0E8FD4FF08F4102F0E4FD02F0CEFF7E
:100B0000A74B5860A74B2846196802F0D3FC4FF05A
:100B10008C4102F0D7FD4FF0605102F0D3FD4FF051
:100B20008F4102F0CFFD02F0B9FF9F4B9F49586003
:100B30009F4B1A689F4B1B6801FB02F201FB03F3FA
:100B4000D20BDB0BF260FB600BB0BDE8F08F6A8864
:100B500004FB02F2A4EB12246C60C4F307442046A9
:100B600002F05CFD864902F0ADFD894A146098F8F8
:100B700008200546002AA2D0D8F80420B8F80000C2
:100B8000C2F1807100FB01F102EB11227E498A4221
:100B900007D97E4AC8F80420002288F80820FF23DD
:100BA00099E7C8F80420130C95E76C60240CD6E78D
:100BB0006260140C5FE7804BDAF800201B68134476
:100BC0004F2B4FF0010202700A7000F3D280142301
:100BD00002937A49DFF8E8810B60D8F80C0002F044
:100BE00019FD0146824602F065FC0146754802F097
:100BF0001DFE7549024620F00040019202F000FF00
:100C0000019A002800F023824FF07C51104602F038
:100C100059FD019A114602F055FD019A114602F064
:100C200049FC4FF0874100F1004002F04BFD02F01B
:100C300035FFA8F80000029802F0ECFC514602F0E3
:100C400041FD01465F4802F0F1FD5F49824620F018
:100C5000004002F0D5FE002800F0F1814FF07C51F9
:100C6000504602F02FFD514602F02CFD514602F095
:100C700021FC4FF0874100F1004002F023FD02F01B
:100C80000DFF524A524912680992099A514BA8F82D
:100C900002000F320A60012288F80820DBF80020E9
:100CA00082EA024282EA5212B9F1000F40F09281C8
:100CB000D3F80090484BD3F800A089EA0A015140CC
:100CC00081EA420313F4404F0193C3F3813240F0B1
:100CD000258289EA094989EA5919019B8AEA0902A8
:100CE00082EA490283EA02001FFA80FC4FF416717F
:100CF00001FB0CFC4FEA1C4C38494FEA8C334B602B
:100D0000019BCBF80030334B18608AEA0A4080EA36
:100D10005010314B424082EA400231481A6052037F
:100D20001040086001210D2001F0ECFA1FE640F6AA
:100D3000CE1202FB03F32B4903F2FF1381FB0321C5
:100D40001944DA17C2EB6122002B40F6520106F17A
:100D5000FF3301FB03F303F2FF1322494FEA53036E
:100D6000A1FB03134FEA1323ACBF5A325932463367
:100D7000DCE5B3F5357F80F292819B10029328E782
:100D80006F12033B4092FF1FFFFEFF0000FFFF00BA
:100D90004492FF1F5D8F023F6092FF1FCC91FF1FA7
:100DA000A091FF1F7492FF1FAC91FF1F7F480600A8
:100DB0003892FF1F3C92FF1FD891FF1FB891FF1F71
:100DC000BC91FF1F0BDED7C5ACC527370093FF1FB3
:100DD000D491FF1F2887FF1F2C87FF1F4C92FF1FF6
:100DE0000000FF1F11204080BC4A0D20117001F04F
:100DF00089FAC3E5DFF8E8C2BA4BDBF80000DCF89B
:100E000000501A68CBF8002080EA004080EA5010B9
:100E10006A40424082EA4002B348CCF800200068B1
:100E2000089092B2322000FB02F21D6001EB1242E8
:100E3000AE4BAF4D0392089A1A60E868029302F035
:100E4000E9FBAC49049002F03DFC0146AA4802F0DF
:100E5000EDFCAA49024620F00040059202F0D0FDC8
:100E6000059A002800F013814FF07C51104602F0E3
:100E700029FC059A114602F025FC059A114602F05C
:100E800019FB4FF0874100F1004002F01BFC02F01B
:100E900005FE2880039802F0BDFB049902F012FCC5
:100EA0000146954802F0C2FC9449034620F00040F8
:100EB000039302F0A5FD039B002800F0E0804FF0B3
:100EC0007C51184602F0FEFB039B194602F0FAFB28
:100ED000039B194602F0EEFA4FF0874100F1004003
:100EE00002F0F0FB02F0DAFD012268802A72C6E40B
:100EF0007C487B4CDBF8002021680368CBF800308D
:100F000082EA024282EA52124B40534083EA420391
:100F1000754A2360126807929BB2322202FB03F3E8
:100F20000160774C7749E068019105EB1345079B19
:100F30000B6002F06FFB6F49074602F0C3FB0146EE
:100F40006D4802F073FC6D49824620F0004002F0CB
:100F500057FD002800F08B804FF07C51504602F086
:100F6000B1FB514602F0AEFB514602F0A3FA4FF03E
:100F7000874100F1004002F0A5FB02F08FFD2080C8
:100F8000284602F047FB394602F09CFB01465A48CE
:100F900002F04CFC5949054620F0004002F030FDBB
:100FA00000285CD04FF07C51284602F08BFB29468C
:100FB00002F088FB294602F07DFA4FF0874100F1EC
:100FC000004002F07FFB02F069FD01236080237284
:100FD000FFF7F5BBD3F80090414B186889EA000190
:100FE000514081EA420213045CD582464648474993
:100FF0000068019202F066FB434908604449039887
:1010000002F060FB4349019B086089EA094989EACB
:1010100059198AEA030080EA090080EA490040F68B
:10102000340182B201FB02F2120C3B4992034A6086
:101030004DF2AA0232813A8183EA000260E650460C
:1010400002F0B4F84FF07E5102F032FA11E6104689
:1010500002F0ACF84FF07E5102F02AFAE1E52846A2
:1010600002F0A4F84FF07E5102F022FAA5E75046B4
:1010700002F09CF84FF07E5102F01AFA77E718461A
:1010800002F094F84FF07E5102F012FA24E7104675
:1010900002F08CF84FF07E5102F00AFAF1E6B42328
:1010A000029396E589EA094989EA5919824650402E
:1010B00080EA090080EA4900134640F24C4101925F
:1010C00082B201FB02F2120C134992034A604AF207
:1010D0006E7232813A8183EA000211E6D091FF1FDD
:1010E0002C87FF1F2887FF1F0093FF1F9492FF1F6D
:1010F0000892FF1F000020410BDED7C5ACC5273783
:10110000F891FF1F8C92FF1F6092FF1FCDCC8C3F88
:101110003333B33F7492FF1F4C92FF1F012A0FD14C
:1011200089EA094989EA5919019B8AEA090282EA8E
:10113000490282EA03001FFA80FC4FF46171D7E58F
:10114000022A23D01F4B2049186802F0BBFA1D4B1E
:101150001E491860039802F0B5FA1D4B1860019BF8
:1011600089EA094989EA59198AEA030080EA0900EB
:1011700080EA490082B240F24C4101FB02F2120CBB
:10118000144992034A6083EA0002B9E50D4B124903
:10119000186802F097FA0B4B10491860039802F098
:1011A00091FA0B4B1860019B89EA094989EA5919A0
:1011B0008AEA030080EA090080EA490082B240F22C
:1011C000DC51DAE76092FF1FCDCC8C3F3333B33F65
:1011D0007492FF1F4C92FF1FCDCC4C3F9A99993FC0
:1011E0003E4B3F4A1968586870B50144D46850684E
:1011F0009E681960C1F30C451168735700FB04F435
:1012000001EB244111605B1A117AD46800FB01F1F3
:10121000A3EB2123517A01FB03F31B12314904FB99
:1012200003F300EB2343D1E9000453602E4A8D6899
:1012300020440860C0F30C445168D0682C5701FB6F
:1012400000FC2A48006800FB03F3106800EB2C4008
:101250001060241A107A01FB00F0A4EB2024507ACD
:1012600000FB04F4D068241204FB00F001EB2041E1
:1012700051601F481F4A0168127882B001FB04F4D4
:101280003AB11D4A1D4912680192019A09689142BA
:1012900015D800221A490968A41004EBA3040129F7
:1012A00014440CBF4FF6F8734FF6FC731C40172024
:1012B000210900F007FF44F30B1002B070BD114A82
:1012C000D2E9000101441160C1F30C4092680E495B
:1012D0001256096801FB02F2D211DBE7A091FF1F51
:1012E0001892FF1FAC91FF1F2892FF1F4092FF1F13
:1012F0004492FF1F4892FF1F0093FF1FD491FF1FCE
:101300008092FF1F4C92FF1FCC91FF1F10B5164C0F
:1013100094F8012494F800349A4216D0134A1388A2
:10132000D3B1013B1380FFF75BFF94F80124531CFA
:10133000DBB244F8220084F801342BB994F803346A
:1013400083F0010384F8033410BD94F8032494F867
:1013500002349A42E2D010BD054B1B881380FFF780
:10136000BFF9FFF75FF9DEE73C8DFF1F9891FF1F84
:101370009A91FF1FFFF7CABF1048114A114938B5AB
:1013800000248023104D0460037102F087F80F4A97
:101390000F4B1048AA604FF0FF35C3F80044856139
:1013A0000D4C0E48A2604FF48073C3600C4A0D4888
:1013B0000D49C360D3600D4B8B6038BD4891FF1F52
:1013C0002087FF1F71040000A091FF1F60670000CD
:1013D0003C8DFF1F7C91FF1F4C92FF1FF891FF1F58
:1013E000BC91FF1F0892FF1FAC91FF1F60470000D8
:1013F00030B583B00F49009104460F4B0F4A0021CE
:1014000000F068FA04F140050D4900910D4B0E4AB9
:101410000121284600F05EFA0223204684F880303D
:10142000C4F88440C4F88850C4F88C40C4F8905084
:1014300003B030BD00B00340204500002845000047
:1014400000B00B402445000054450000531C70B50B
:10145000044611D052B1012A29D0D0F88420D38A71
:101460009BB243F00103D382002070BDBDE8704001
:10147000D0F8840000F09ABAD0F884000D4600F04D
:101480006BFA29460646D4F8880000F065FAA6B142
:1014900018B3D4F88430D4F88800597D427D914245
:1014A000294606D8BDE87040184600F07FBAD0F84B
:1014B0008800BDE8704000F079BAA8B9D4F884106B
:1014C000D4F88820CB8A9BB243F00403CB82D38A22
:1014D0009BB243F00403D382C6E7D4F884002946C4
:1014E000BDE8704000F062BAD4F888002946BDE833
:1014F000704000F05BBA00BF01290CBFD0F8883003
:10150000D0F884305B6B186900B2704790F82330D4
:101510008B420AD070B4092900F29380DFE801F011
:101520002F2F61060671818E40547047436B4FEA3E
:10153000431C0CF1844C0CF580730CF5C07C00242A
:101540000122CCF808202646DC610025CCF80C509E
:101550001E605D605C619A6180F8231072B6436B17
:101560005B0103F18443012200214276C3F89C14FD
:10157000C3F89824C3F89C2462B670BC7047436BD0
:101580004FEA431C0CF1844C0CF580730CF5C07CC5
:101590000022CCF808200122DA6114461646D4E76E
:1015A000436B00245A0102F1844202F58073C2F8B1
:1015B000884102F5C072DC610124D46000225C60C5
:1015C0001C609A615A61C7E7436B5A0102F1844279
:1015D00002F5807302F5C072012494600024DC617E
:1015E000EAE7436B4FEA431C0CF1844C0CF5807323
:1015F0000CF5C07C00260122CCF808601446DE61A0
:10160000A3E7436B4FEA431C0CF1844C0CF5807349
:101610000CF5C07C00220124CCF808401646DA61A3
:1016200093E7436B5A0102F1844202F5807302F59D
:10163000C072002494600124DC61BDE7436B012487
:10164000B0E7C38A9BB243F00103C38295E700BFB2
:10165000436B5B0103F1844310B5D3F89C2403F57D
:101660009063044652B101F0C1FB636B5B0103F16F
:10167000844303F59063DA69002AF4D19B6923B1AE
:10168000E38A9BB243F00203E38272B6637E03B344
:10169000626B936BD16B0B44116C506C0B44916C6F
:1016A00003440B44D16C0B44C3F34E0343F4004397
:1016B000D362936DD16D0B44116E506E0B44916EDD
:1016C00003440B44D16E0B44C3F34E0343F4004375
:1016D000136362B6A37E0022627603B910BD0221B5
:1016E0002046FFF713FF637E03BB636B590101F1D3
:1016F000844201200021C2F81001C2F88011C2F812
:101700008401627E022184F8241092B95B0103F106
:101710008443002201200421C3F88804C3F88424F0
:10172000C3F8802484F82010A27610BDFFF790FF44
:10173000DBE72046FFF78CFF636BE7E738B5C37E36
:101740008B4212D0437E04460D460BBB092D0DD8AB
:10175000636B5B0103F184430020C3F80C01FF219C
:101760000822C3F80801E161E27638BD0B2D12D9D9
:101770000D2D1ED8636B5B0103F184430022012011
:10178000C3F8080140F6FF71C3F80C210C22EAE708
:10179000FFF75EFFDAE7636B5B0103F1844301222D
:1017A0000020C3F8080140F2FF31C3F80C210A22DF
:1017B000D9E7636B5B0103F184430120C3F80C019B
:1017C0004FF6FF711022C3F80801CCE738B5037E4D
:1017D0003D4A0446002B6AD1D36B43F00063D363C8
:1017E000626B3A483A4940F201455201658402F180
:1017F00084420425002384F824500125E376E36124
:1018000084F8203084F82C306376E3826375C2F864
:101810009051437081F84030626B84F8213052015E
:1018200002F18442C2F8003472B6626B65765201EE
:1018300002F18442C2F89C34C2F89854C2F89C5415
:1018400062B60A212046FFF779FF637EA5769BBB2F
:10185000636B5B0103F1844301212022C3F88814E8
:101860002046C3F88414C3F8801484F82020FFF7BE
:101870004DFE637E23BB636B590101F1844301225A
:101880000020C3F81021C3F88021C3F8840184F834
:10189000242072B6636B62765B0103F18443C3F864
:1018A0009C04C3F89824C3F89C2462B638BD136B1B
:1018B00043F00063136393E72046FFF7C9FEC7E7D1
:1018C000FFF7C6FED7E700BF008004400040074096
:1018D0000000FA4210B500298262094A03630CBF76
:1018E00039233A23017680F83C300649029B436352
:1018F00018BF114604468163FFF768FF204610BDFC
:101900003860034010600340F8B5437E04460F463C
:101910001646EBB9636B94F83C005B0103F184431A
:1019200001259D61394600F067FB94F83C3003F1D6
:10193000604303F564431E7094F83C20530903F19F
:10194000382340339B0002F01F0295401D60F8BD14
:10195000FFF77EFEDEE700BF2B2907D8836A585CBD
:1019600000F01F001F3818BF01207047002070478B
:10197000836A5A565B5C002A426B4FEA421202F1BC
:101980008442B4BF00210121C2F8901172B6416BAC
:101990004A0102F1844203F01F039269003A18BF22
:1019A000012203EB82130B6062B670472B2938B516
:1019B00004462FD8836A5B5C03F01F031F2B0D4680
:1019C00028D0437E002B2CD1636B5A0102F1844254
:1019D00002F58062D269003A18BF012222756AB10D
:1019E00072B6636B19689A68E2602160D9681A6AF6
:1019F0005B6AA3602161626062B6636B5B0103F1A5
:101A0000844300222046C3F88C242946FFF7B0FF08
:101A1000012038BDE38A9BB243F004030020E38237
:101A200038BDFFF715FECFE7704700BF704700BF16
:101A3000704700BF704700BF704700BF38B5064C05
:101A4000A4F1600554F8083C2046DB68183C984730
:101A5000AC42F7D138BD00BFE892FF1F2DE9F0433B
:101A6000036887B004469046002B3ED000229A605F
:101A70000122DA60294DDFF8A8901D442D1151F89C
:101A8000083B009305EB4506F60002A85B68984703
:101A900006F1080759F806304F443846DB68984786
:101AA000009B204A009202A949F8063038469B68FC
:101AB0009847009B02A8DB68984723681A49C3F837
:101AC000008003229A6005F14402531103F1382388
:101AD00020796854403301209B0002F01F0200FA75
:101AE00002F21A6007B0BDE8F083104AD36B43F4EA
:101AF0000003D36300BF0E4B01221A6003F580730D
:101B00000C4A036098680028B4D0103393422360D5
:101B1000F8D10020206007B0BDE8F083008FFCBF43
:101B20009892FF1F8045000044E400E000800440DC
:101B300000700340407103400368002B3DD02DE945
:101B4000F0471E4CDFF878901E4A1C44241104F123
:101B50004406731104EB4404E40003F1382386B017
:101B600060339F004FF0010A59F80430009204F1ED
:101B7000080806F01F06144A02920AFA06F6C8443C
:101B80000546DB683E6040469847009B0F4A00923E
:101B900049F80430404602A99B689847009B02A878
:101BA000DB6898472A6800239360C2F80CA0C7F846
:101BB00000612B6006B0BDE8F0877047008FFCBF66
:101BC0009892FF1F10450000291A00008045000070
:101BD0000448054A50F8083B01211B68C2F80C1163
:101BE000184700BF9892FF1F007003400448054A41
:101BF000836901211B68C2F81C112030184700BFFF
:101C00009892FF1F007003400448054A036B0121AE
:101C10001B68C2F82C113830184700BF9892FF1F7C
:101C2000007003400448054A836C01211B68C2F818
:101C30003C115030184700BF9892FF1F00700340BE
:101C4000084B0948094A0A4910B40A4C1C609860BC
:101C50009C6118621C6398639C64186510BC00202A
:101C600001F01CBC9892FF1F291A00002087FF1F5B
:101C70003D1A00001045000038B52A4C2A4D01E0FD
:101C800001F0B4F8636A1B06FAD46B6A13F08003A0
:101C9000F6D172B625490A78002A40D0A26BE06BD3
:101CA0000244206C0244606C0244A06C0244E06C6C
:101CB0000244C2F34E0242F40042E262A26DE06DC1
:101CC0000244206E0244606E0244A06E0244E06E44
:101CD0000244C2F34E0242F400422263AA6BE86B54
:101CE0000244286C0244686C0244A86C0244E86C0C
:101CF0000244C2F34E0242F40042EA62AA6DE86D69
:101D00000244286E0244686E0244A86E0244E86EE3
:101D10000244C2F34E0242F400422A630B7062B6E0
:101D200038BD00BF00B0034000B00B40FC92FF1F65
:101D30002A4B2B4A6020E1211870597013782948EA
:101D4000082B34D00A2B20D00C2B274B0CBF35216D
:101D50003D2112228160C2609960DA60234B2149E3
:101D60001B78214ACBB101230B621362204B1D4922
:101D70001B781D4A012B13D9042B1BD884234B62DB
:101D800053621C4B01221A707047174B39211322E2
:101D90008160C2609960DA60E0E70B621362E5E798
:101DA00080234B625362134B01221A7070470E4B13
:101DB0000121ECE7082B06D885234B6253620D4BBB
:101DC00001221A707047102B94BF862387234B6221
:101DD0005362084B01221A70704700BF0040074051
:101DE0003187FF1F00B0034000B00B40FA92FF1F85
:101DF0003287FF1FFC92FF1F282829D8304B2DE97E
:101E0000F0411E5CFF2E53D02E4B1B7813BB3406C3
:101E100024D472B62C4C2D4D01272E60277062B64B
:101E200072B62B68180609D42378002BF5D062B659
:101E300000F0DCFF72B62B681906F5D5234A0023A3
:101E40001069237062B6224B1B781841BDE8F081FF
:101E500000207047FFF710FF3406DAD572B61D4D2B
:101E60001D4C06F04008012706F03F06E368B8F174
:101E7000000F20D023F01003E36026602F7062B6BD
:101E800072B623681A0609D42B78002BEED062B6FE
:101E900000F0ACFF72B623681B06F5D50E4A00238E
:101EA00010692B7062B60A4B1B781841BDE8F081AF
:101EB0000020BDE8F08143F01003E360DDE700BFE0
:101EC00090450000FC92FF1FF892FF1F00B00340F6
:101ED000FB92FF1FF992FF1F00B00B400B4A0C4909
:101EE000D36A43F48053D3620B784BB1094B802201
:101EF00083F82120074B80F30C0000B21880704754
:101F0000044BC02283F82120F4E700BF0080044086
:101F1000FA92FF1F00C00C4008B5FEF7C5FBFFF7A3
:101F200029FA00F063FFFAE708B50F4C636B58031A
:101F30000DD4636B59050FD4636B1A0511D4636B11
:101F4000DB04F3D500F012F8636B5803F1D500F011
:101F5000CDFA636B5905EFD500F008F8636B1A05ED
:101F6000EDD500F003F8EAE70080044008B5FFF77C
:101F7000DBFF00BF014B10221A8070470020054094
:101F8000704700BF094A08B50346106833B1694677
:101F90000344A1F580518B4201D2136008BD02F0C9
:101FA000CBF80C2303604FF0FF3008BD3487FF1FD0
:101FB00001F094BD10B40F4B53F8302092F88042DA
:101FC0002CB1012391B182F8803010BC704703EB33
:101FD000C0035B681A6821B922F0020210BC1A60C3
:101FE000704742F0030210BC1A60704782F800315B
:101FF00010BC7047BC450000024B103043F8201065
:10200000704700BF0082FF1F034B002210215A615E
:102010005A6018605961704700D00340704700BF94
:10202000F0B54FF0E0244FF400054FF0807CC4F889
:102030000851C4F808C14FF0007CC4F808C11D4A1B
:102040001D481E494FF0806CC4F808C128230027A2
:102050004BF6FF7609254FF0006CC4F808C183B039
:1020600057609660D3605361D3615362D362536308
:10207000D3635364156047608660C3604361056045
:102080004F608E60CB604B610D60FFF751FEFFF734
:10209000C5FF0B4C23680093009B132BFAD900F06B
:1020A000DFFD23680193019BB3F5967FF9D303B05D
:1020B000F0BD00BF008003400090034000800B4053
:1020C0000093FF1F28287F4B36D000291B783FDD67
:1020D000012202FA03FC614510B554D2C21E012A46
:1020E00070D9202867D0192865D0774A926802FBFA
:1020F000011222FA03F3421F1B2A7DD8DFE812F0F7
:10210000C600BF007C007C00B800B1007C007C00F1
:102110007C007C007C007C007C007C007C00AA00B1
:10212000A3009C0095007C00CD007C007C007C001E
:102130007C007C007C00D40018780B2895BFC0F18F
:102140000C000C3801FA00F041FA00F0FFF7C6BEAF
:10215000212817D85D4B53F8302092F8801203EBFA
:10216000C00300293CD001215B6882F800110120E6
:102170004FF4A27182F8800219601A6822F02002DE
:102180001A6070477047212814D8504B53F830100C
:1021900091F8804203EBC00344B35B6881F8802070
:1021A0004FF4A272012081F880021A601A6822F0AE
:1021B00020021A6010BD464A926802FB011222FA00
:1021C00003F398E7434CA268042802FB011222FAA9
:1021D00003F270D1404BA2614FF45171596310BDAD
:1021E0005B68196821F002011960C0E75B681A6832
:1021F00042F003021A60D3E72128DBD87F29D4BF3D
:1022000000210121FFF7D6FE304B03EBC00253F84B
:102210003010536801244FF4A27281F880421A6092
:102220001A6822F020021A6010BD27482B4A8361E9
:1022300040F24441916010BD2348284A036140F2B6
:102240004441516010BD2048254A036440F2444196
:10225000916110BD1C48224A836340F244415161A0
:1022600010BD19481D4A836240F24441116110BDFE
:1022700015481A4A036240F24441D16010BD124829
:10228000174A036340F24441116110BD0E48144ADD
:10229000836440F24441D16110BD0D48114A83610D
:1022A0004FF45171D16410BD09480E4A03614FF4D7
:1022B0005171916410BD084B22614FF45171196343
:1022C00010BD00BF3887FF1F00800340BC450000E1
:1022D00000800B40009003400090044000B0044098
:1022E00000C0044000A004400346102B28BF102368
:1022F000034A012B38BF012310781370704700BFC9
:102300003887FF1F212816D810B4104B53F83020FF
:1023100092F880422CB1012371B982F8003110BCCF
:10232000704703EBC0035B681A6849B142F00302CF
:1023300010BC1A607047704782F8803010BC70473C
:1023400022F0020210BC1A60704700BFBC450000BA
:10235000212806D8044B53F8303093F80002C0B25D
:1023600070470020704700BFBC450000212820D8DE
:102370001B4A02EBC00301295B680FD004291DD062
:1023800052F83000002280F8802299B1022922D030
:1023900003290DD14FF481721A60704752F8300052
:1023A0004FF4A27280F880121A601A6822F020029C
:1023B0001A6070474FF480721A60704752F83010FC
:1023C0004FF4A272012081F880021A601A6842F06C
:1023D00020021A60704740F203121A60704700BF73
:1023E000BC45000010B472B6194A1A4C042312F806
:1023F000011B090743F0010C05D554F8331061B1F6
:1024000054F83C10B9B10433142BF0D162B6124B1E
:1024100000221A7010BC00F087BC0F4904EBC30205
:10242000083050600A780D4844F83300013A0A70C9
:1024300062B610BC7047084A094904EBCC03083067
:102440005860137844F83C10013B137062B6F0E713
:10245000244700000080FF1FEC93FF1F880040000E
:10246000C8004000421E032A0ED81C4B400140F019
:10247000100010B4034472B6194CA05C03281CD899
:10248000DFE800F01315031870470520A05413F07F
:10249000080F088814BFC8228822083142EA004287
:1024A00059601A6062B610BC70470320EEE708332B
:1024B0000220EBE708330420E8E70A4B53F8220038
:1024C00038B1094B53F82200416043F8221062B63C
:1024D000E9E743F82210044BF7E700BF0080FF1F35
:1024E000DC93FF1FBC93FF1FCC93FF1F2DE9F04F20
:1024F000DFF8CCA2DFF8CCB285B03DE0B24D9E084B
:1025000005EBC607013A796813F00803D4B2A1F1CC
:10251000080040F0B88055F836204FEA124C120CF3
:1025200021F808CC00F0A78021F8063C41F8043CD3
:10253000A64B53F82420002A00F00182A44B53F844
:102540002420506043F82400A24B33F81420944414
:1025500023F814C000F0C8FB002800F0E98117F050
:10256000080F9D4B00F1080018BF5B46786045F8E6
:10257000363008238AF880309AF880305907DCB268
:102580001BD5964B1B78ABB195490A7802F0FF0337
:102590002AB1013BDBB20B70002B00F0468391495E
:1025A0000A7802F0FF032AB1013BDBB20B70002B6B
:1025B00000F0EB8104238AF8803014F0080200F068
:1025C000CC819AF89020D3B2120997D1DFF8F89114
:1025D0009B0809EBC30459F833006468C0F3830017
:1025E00009287CD00FD80138012808D87E4A1588E0
:1025F00042F22100854200F0FB8149F833B001230B
:102600008AF89430B5E70D28F9D1D4E90007774D61
:1026100049F833B0744E764CC9F8102083B240F2BA
:10262000816CC9F818202A6063454FF00102C6E9A1
:102630000007227000F2FF80B3F5D06F80F0CB82EC
:10264000B3F5817F00F0268240F2DE8040F2023254
:1026500093427BD107F07F07042F00F20881020C20
:1026600040F00581634911F8273043F0020301F877
:102670002730134670E017F0080F574B18BF5B4622
:1026800045F8363075E700F04FFB5B495B4A51F87F
:102690002430002B00F05781586841F82400115D68
:1026A00003F108007860032905D8DFE801F0120F74
:1026B0001502042111551A8817F0080F14BFC823FA
:1026C000882343EA024345F8363052E70221115588
:1026D000F1E703211155EEE705211155EBE7434DD5
:1026E0002A683AB34649424C0F88464894F800E0BD
:1026F0000678402F3B4628BF4023BEF1000F8EF0E6
:10270000010E84F800E046F0020486F0010606702F
:1027100009EBC400426014BFC820882040EA03408F
:102720001A44FB1A9BB249F834000B80002B00F0CE
:1027300036812A602C4B1A88B2F5A06F7FF45FAF08
:102740009A788AF8982000225A7058E7B3F5A06F5B
:1027500040F08D8000221346B6F806C02948944503
:1027600028BF944667460278402F28BF402742F092
:10277000020E3E0409EBCE0846F0C806C8F8043045
:1027800049F83E6000263B442670BCEB070782F008
:102790000106067040F01181BCF13F0F4FF00105BA
:1027A00009D946F00206027009EBC6022570536093
:1027B000882349F8363001238AF894301FE700BF98
:1027C00000200740C80040000080FF1F9493FF1FB7
:1027D000A493FF1FE493FF1F88004000E093FF1FB6
:1027E000E193FF1F0C94FF1FB493FF1F8893FF1FFB
:1027F0008593FF1FC0200740BC93FF1FDC93FF1F82
:102800008693FF1F8493FF1F802B00F08B81822B08
:102810002DD107F07F07042F29D8A74A0023138062
:10282000A64B13F827309F0740F1FC81012313705A
:10283000A14B022290E742F2210C6345BBD01DD987
:1028400042F2212293420DD1BFB2002F82D19C4B84
:102850001A689C4B1A609C4BC0F30740002218700A
:10286000134679E742F2213293423FF473AF0F23CC
:102870008AF8C03001238AF89430C0E6B3F5086FB7
:1028800000F04A81B3F5106FF1D1904BC0F30740CF
:102890000425187059F835301A0606D40135142D60
:1028A0000CD059F835301A06F8D509EBC5030135B7
:1028B0005868083800F038FA142DF2D1844A854B54
:1028C0000292854A0192854E854ADFF81882039468
:1028D000009200251C4656F8047B2FB138467F68CD
:1028E00000F022FA002FF9D1009BD8F8007043F8CD
:1028F000045B46F8045C00932FB138467F6800F013
:1029000013FA002FF9D1029B48F8045B43F8045BEB
:102910000293019B23F8025B01932378023B032B74
:1029200000F20981DFE813F03F0104013F010401D7
:102930006D4A45F8360013780133137019E643F8F1
:102940002400674BFEE5115D022926D07FF611AE0B
:1029500003291DD1012313550BE6E0076ED4210690
:1029600021D4A20708D5614B93F888200221D2B266
:1029700083F8882083F88010E30603D55B4B102290
:1029800083F8802005B0BDE8F08F00F00BFA11E667
:1029900017F0080F14BF032302231355E9E53F2F57
:1029A00098BF0022C5E6514B80220D2183F8C0104C
:1029B00083F88020A207DFD5D5E746F00206027033
:1029C000402F09EBC6003A4628BF4022436010045E
:1029D000134440F088000121BA1A49F836002170EA
:1029E00055D02B60424B1A8001238AF8943006E6BA
:1029F00092885AB93F4AE51D14F8011B02F8011FDD
:102A0000AC42F9D13C4A1268862A3CD03B4C3C4847
:102A100025780278002D85F00105257042F002042A
:102A200082F00102027009EBC4024FF00000506016
:102A300014BFC822882249F83420DEE52B4B3048E9
:102A40003049314C022583F8945002702F480C60B5
:102A50002F4D48608C600D24CD60FF200A618A6193
:102A600083F8C04001219F2483F8880083F8800008
:102A700083F8982083F88C0083F8844083F89410BE
:102A800005B0BDE8F08F234A0F201070BEE73F2F3E
:102A9000A7D890E607F07F07042F3FF6E8AE000CBA
:102AA0007FF4E5AE054A12F8273023F0020302F85E
:102AB0002730002213464FE68C93FF1FC0200740AB
:102AC0000093FF1F0894FF1F0494FF1FE093FF1F54
:102AD000CC93FF1FDC93FF1FE493FF1F9493FF1F12
:102AE000A493FF1FBC93FF1FEC93FF1F0020074020
:102AF0008693FF1FFB93FF1FFC93FF1F8593FF1F10
:102B00008493FF1F0080FF1F880040000493FF1F75
:102B10004493FF1FE193FF1F484B49491B780B70FB
:102B20000B4619E6464A00231380454B022213E662
:102B30004FF001032370434BB34204F101047FF4CF
:102B4000CAAE414E039CDFF80481414F002333702D
:102B5000042518F8013B3F4AAB541B0725D445F028
:102B6000020145F0030204350023142D49F83130E9
:102B700049F83230EDD1384F25783A7842F00200EA
:102B800009EBC00C85F00106CCF80430002D4DD1C6
:102B9000882382F0010226703A7049F83030012310
:102BA0008AF894302BE52570C5E700F09DF80028E1
:102BB00032D009EBC5030830586049F8357000F091
:102BC00093F808B345F0010309EBC30208305060E5
:102BD00049F833B0C3E7214A5368002B3FF447AEAE
:102BE000000CBFB204E013690C32002B3FF43FAE7F
:102BF00011888142F7D15188B942F4D1000A0328E3
:102C00000CBF1A781289A7E533780133337045F089
:102C1000010349F83300A2E7337849F8350001335E
:102C20003370CCE7064B022296E500BE2670C8231F
:102C300082F001063E7049F83030BCE5E093FF1F9A
:102C40008C93FF1FA493FF1FEC93FF1F24470000EA
:102C500088004000C02007408493FF1FD04600003A
:102C600070B500F03DFA00231A4A194642F83310B5
:102C700002EBC3000133142B4160F7D1164C174B04
:102C8000606B174D40F480206063C2F3072483F823
:102C90009C40144CFF204FF0010CC2F30746120E6B
:102CA00083F8B0604FF0E02E83F8B42083F8800002
:102CB00083F88800187483F894C0217083F884C066
:102CC000702385F849304FF400721023CEF80821A4
:102CD000237270BD0080FF1F008004400020074069
:102CE00000E400E00021074072B60D490B68B3FA1A
:102CF00083F00B2810DC4FF00042C24023EA0203AD
:102D00000B6062B6074A00EBC000C10002EBC000D6
:102D1000002353504360704762B60020704700BFE5
:102D20003C87FF1FBC83FF1F0E4BC31AB3F5587FB0
:102D300010D20D4A127872B972B60C4A0C49A2FB35
:102D4000032308684FF000421B0922FA03F30343F0
:102D50000B6062B67047074A1278002AECD0FFF782
:102D600041BB00BFBC83FF1FEC93FF1F398EE338CC
:102D70003C87FF1FE093FF1F084B094A1B6810B5F3
:102D800094881BB11A885B88D31A1C440CB1204666
:102D900010BD00F02BF8204610BD00BFF093FF1FC0
:102DA000E493FF1F38B50E4B1B7853B90D4C2168C7
:102DB00041B103F0FF054B880B800420FFF752FB65
:102DC000256038BDFFF790FF014620B1BDE83840CF
:102DD0000420FFF747BB044B01221A7038BD00BF27
:102DE000F493FF1FF893FF1F0C94FF1F2DE9F84386
:102DF000324E337863B1324F3A784AB90122D9075B
:102E00003A7043D49A0726D400225B073A7001D463
:102E1000BDE8F8832B4B1A68002AF9D0EFF305823E
:102E2000002AF5D1EFF3108572B6186800283AD061
:102E3000254C2178002936D142691A60012323707C
:102E4000002A37D0916105B962B6002583684577BD
:102E500098472570DCE7DFF8748098F80020002A96
:102E6000D2D00025DFF868902B4659F8234023681C
:102E700020461B690135984708B12369984798F89F
:102E80000020EBB29A42F0D83378BDE7FFF774FF29
:102E900068B9104B1B780BB93378B3E7337803F07C
:102EA000FE033370AEE7002DB2D162B6B0E700F09A
:102EB00015F9EEE7084B1A60C5E700BF4087FF1F12
:102EC0000D94FF1F1094FF1F1C94FF1F3094FF1FD1
:102ED0002494FF1FCC4600002094FF1F70B5EFF331
:102EE000108272B60C4C206880B10C4E00254369EC
:102EF000236073B19D6102B962B6836845779847D4
:102F0000EFF3108272B620680028F0D102B962B6E1
:102F100070BD3360EFE700BF1894FF1F1494FF1FCC
:102F2000FFF7DCBF024A136801331360704700BF2C
:102F30000093FF1F01B441EA000313F003036FD1B4
:102F4000403A41D351F8043B40F8043B51F8043B6C
:102F500040F8043B51F8043B40F8043B51F8043B73
:102F600040F8043B51F8043B40F8043B51F8043B63
:102F700040F8043B51F8043B40F8043B51F8043B53
:102F800040F8043B51F8043B40F8043B51F8043B43
:102F900040F8043B51F8043B40F8043B51F8043B33
:102FA00040F8043B51F8043B40F8043B51F8043B23
:102FB00040F8043B51F8043B40F8043B51F8043B13
:102FC00040F8043B403ABDD2303211D351F8043BB3
:102FD00040F8043B51F8043B40F8043B51F8043BF3
:102FE00040F8043B51F8043B40F8043B103AEDD262
:102FF0000C3205D351F8043B40F8043B043AF9D2B3
:1030000004320AD0D2071CBF11F8013B00F8013B83
:1030100003D30B7803704B78437001BC704700BF3B
:103020000C2A4AD310F0030311D0C3F10403D21ABF
:10303000DB071CBF11F8013B00F8013B07D311F877
:10304000013B00F8013B11F8013B00F8013B11F096
:1030500003033FF475AF30B4043AC91AC3F1040C4A
:1030600051F8044B022B19D0032B0BD0240A51F832
:10307000043B1D0644EA050440F8044B1C46043A90
:10308000F4D216E0240E51F8043B1D0244EA050474
:1030900040F8044B1C46043AF4D20AE0240C51F8E0
:1030A000043B1D0444EA050440F8044B1C46043A62
:1030B000F4D20432B1EB0C0130BC043AA0D3013A93
:1030C00011F8013B00F8013BF9D20B7803704B7803
:1030D00043708B78837001BC704700BF704700BF9E
:1030E00010B584B072B6174A702441200F21802396
:1030F0001470D0719171137013781B06FCD5906811
:1031000062B6114B114C984238BF00EB800001A908
:1031100038BF40000A2200F01BF801A92046002316
:1031200011F8012B01333AB10A2B20F8022FF7D105
:103130001623237004B010BD5B00DBB2237004B013
:1031400010BD00BF0000024080969800D087FF1F8E
:1031500001F1FF3C70B56546002401E07046013482
:10316000B0FBF2FE02FB1E03092B03F130068ABFFF
:103170003733F3B2DBB2904205F8013FEED2631C65
:103180000022CA54C8187CB162461CF8015F10F8CE
:1031900001ED8CF800E0A1EB0C030232013B521A66
:1031A00023449A420570EFDB084670BD38B50446EB
:1031B00000F02CF80546204600F020F848B10D49F3
:1031C000204600F03BFC30B90B49204600F018FCCB
:1031D00048B9284638BD00F0AFFF4FF0FF45222325
:1031E0000360284638BD00F0A7FF222300250360B6
:1031F000EFE700BF1772B142B5F1CFC220F0004037
:10320000B0F1FF4FACBF00200120704720F000421A
:10321000B2F1FF4F2DE9F04704466CD84FEAD07564
:1032200000F0C6807A49884200F3B4800028C0F2DA
:10323000B680784B9A4263D9774B9A4200F2C580A8
:10324000764B204653F8251000F032F9744BC5F147
:10325000010653F825908046761B4946404600F00B
:1032600027F90146054600F02DFA6E49044600F0A4
:1032700029FA6D4900F01CF9214600F023FA6B4948
:1032800000F018F9214600F01DFA694900F010F924
:10329000214600F017FA674900F00CF9214600F0CA
:1032A00011FA0146284600F003F92C4607468246EB
:1032B000002E57D03946284600F004FA3946044615
:1032C0004FF0804000F0F4F80146204600F0AEFADE
:1032D0000146484600F0ECF8414600F0E9F80146A6
:1032E0004FF07E5000F0E4F816F17D0F64DB00EB48
:1032F000C650BDE8F087014600F0DCF8BDE8F08775
:10330000B2F1505F09D24C49204600F0D3F84FF09B
:103310007E5100F093FB002874D12146204600F036
:10332000D1F94049054600F0CDF93F4900F0C0F819
:10333000294600F0C7F93D4900F0BCF8294600F0E5
:10334000C1F93B4900F0B4F8294600F0BBF939490E
:1033500000F0B0F8294600F0B5F90146204600F02B
:10336000A7F882465146204600F0ACF94FF0804164
:103370000546504600F09CF80146284600F056FAF3
:10338000214600F095F801464FF07E5000F090F88D
:10339000BDE8F087BDE8F047002000F07BB8274B80
:1033A0009A427FF646AFBDE8F047002000F06EB8C5
:1033B000002DA3D00020A1E764364FF0586100EB48
:1033C000C65000F07FF9BDE8F0871D49204600F0A7
:1033D00079F91C4B53F8251000F06CF800F038FB1D
:1033E000064600F01BF91849054600F06BF9014646
:1033F000204600F05DF815498046284600F062F945
:1034000081462AE74FF07E51204600F053F875E7D9
:103410001772B1421872B13E9115853F30470000D6
:10342000384700004CBB31330EEADD3555B38A38DE
:10343000610B363BABAA2A3ECAF24971B5F1CF42C5
:103440003BAAB83F284700008071313FD1F71737BA
:1034500038B505460C4600F06FFE034628461C6052
:1034600038BD00BF08B540B101F1004000F02AF9B5
:10347000BDE808402221FFF7EBBF084600F022F923
:10348000BDE808402221FFF7E3BF00BF4FF08051A5
:10349000FFF7E8BF4FF0E041FFF7E4BF03460846FF
:1034A000194600F0DFBD00BF80F0004002E000BF21
:1034B00081F0004142001FBF5FEA410392EA030F1F
:1034C0007FEA226C7FEA236C6AD04FEA1262D2EB69
:1034D0001363C1BFD218414048404140B8BF5B426E
:1034E000192B88BF704710F0004F40F4000020F007
:1034F0007F4018BF404211F0004F41F4000121F01D
:103500007F4118BF494292EA030F3FD0A2F1010266
:1035100041FA03FC10EB0C00C3F1200301FA03F1A4
:1035200000F0004302D5494260EB4000B0F5000FC7
:1035300013D3B0F1807F06D340084FEA310102F186
:103540000102FE2A51D2B1F1004F40EBC25008BF38
:1035500020F0010040EA03007047490040EB000002
:10356000013A28BFB0F5000FEDD2B0FA80FCACF103
:10357000080CB2EB0C0200FA0CF0AABF00EBC25030
:1035800052421843BCBFD0401843704792F0000F1E
:1035900081F4000106BF80F400000132013BB5E771
:1035A0004FEA41037FEA226C18BF7FEA236C21D0E7
:1035B00092EA030F04D092F0000F08BF084670474C
:1035C00090EA010F1CBF0020704712F07F4F04D11A
:1035D000400028BF40F00040704712F100723CBF2D
:1035E00000F50000704700F0004343F0FE4040F457
:1035F000000070477FEA226216BF08467FEA236315
:103600000146420206BF5FEA412390EA010F40F4FF
:10361000800070474FF0000304E000BF10F000434B
:1036200048BF40425FEA000C08BF704743F0964332
:1036300001464FF000001CE050EA010208BF70474D
:103640004FF000030AE000BF50EA010208BF7047D4
:1036500011F0004302D5404261EB41015FEA010CE9
:1036600002BF84460146002043F0B64308BFA3F1E1
:103670008053A3F50003BCFA8CF2083AA3EBC253C3
:1036800010DB01FA02FC634400FA02FCC2F12002E2
:10369000BCF1004F20FA02F243EB020008BF20F019
:1036A0000100704702F1200201FA02FCC2F120027F
:1036B00050EA4C0021FA02F243EB020008BF20EA74
:1036C000DC7070474FF0FF0C1CEAD0521EBF1CEAA2
:1036D000D15392EA0C0F93EA0C0F6FD01A4480EA90
:1036E000010C400218BF5FEA41211ED04FF0006379
:1036F00043EA501043EA5111A0FB01310CF00040A5
:10370000B1F5000F3EBF490041EAD3715B0040EACA
:10371000010062F17F02FD2A1DD8B3F1004F40EB9A
:10372000C25008BF20F00100704790F0000F0CF06D
:10373000004C08BF49024CEA502040EA51207F3A31
:10374000C2BFD2F1FF0340EAC250704740F400000C
:103750004FF00003013A5DDC12F1190FDCBF00F0FD
:1037600000407047C2F10002410021FA02F1C2F1AB
:10377000200200FA02FC5FEA310040F1000053EA47
:103780004C0308BF20EADC70704792F0000F00F095
:10379000004C02BF400010F4000F013AF9D040EA9B
:1037A0000C0093F0000F01F0004C02BF490011F42F
:1037B000000F013BF9D041EA0C018FE70CEAD1532D
:1037C00092EA0C0F18BF93EA0C0F0AD030F0004CAD
:1037D00018BF31F0004CD8D180EA010000F0004061
:1037E000704790F0000F17BF90F0004F084691F01F
:1037F000000F91F0004F14D092EA0C0F01D1420259
:103800000FD193EA0C0F03D14B0218BF084608D121
:1038100080EA010000F0004040F0FE4040F400006B
:10382000704740F0FE4040F4400070474FF0FF0CFE
:103830001CEAD0521EBF1CEAD15392EA0C0F93EA45
:103840000C0F69D0A2EB030280EA010C49024FEA97
:10385000402037D04FF0805343EA111143EA101350
:103860000CF000408B4238BF5B0042F17D024FF408
:10387000000C8B4224BF5B1A40EA0C00B3EB510FE3
:1038800024BFA3EB510340EA5C00B3EB910F24BFCC
:10389000A3EB910340EA9C00B3EBD10F24BFA3EB51
:1038A000D10340EADC001B0118BF5FEA1C1CE0D119
:1038B000FD2A3FF650AF8B4240EBC25008BF20F0CC
:1038C000010070470CF0004C4CEA50207F32C2BF20
:1038D000D2F1FF0340EAC250704740F400004FF0BD
:1038E0000003013A37E792F0000F00F0004C02BFEE
:1038F000400010F4000F013AF9D040EA0C0093F0B8
:10390000000F01F0004C02BF490011F4000F013B11
:10391000F9D041EA0C0195E70CEAD15392EA0C0F79
:1039200008D142027FF47DAF93EA0C0F7FF470AFB1
:10393000084676E793EA0C0F04D14B023FF44CAFF4
:1039400008466EE730F0004C18BF31F0004CCAD189
:1039500030F000427FF45CAF31F000437FF43CAFC5
:103960005FE700BF4FF0FF3C06E000BF4FF0010CE7
:1039700002E000BF4FF0010C4DF804CD4FEA4002C9
:103980004FEA41037FEA226C18BF7FEA236C11D013
:1039900001B052EA530C18BF90EA010F58BFB2EBC6
:1039A000030088BFC81738BF6FEAE17018BF40F046
:1039B000010070477FEA226C02D15FEA402C05D1FA
:1039C0007FEA236CE4D15FEA412CE1D05DF8040B7F
:1039D000704700BF844608466146FFE70FB5FFF712
:1039E000C9FF002848BF10F1000F0FBD4DF808EDCA
:1039F000FFF7F4FF0CBF012000205DF808FB00BFBB
:103A00004DF808EDFFF7EAFF34BF012000205DF814
:103A100008FB00BF4DF808EDFFF7E0FF94BF012061
:103A200000205DF808FB00BF4DF808EDFFF7D2FF5E
:103A300094BF012000205DF808FB00BF4DF808EDA1
:103A4000FFF7C8FF34BF012000205DF808FB00BF6E
:103A50004FEA4002B2F1FE4F0FD34FF09E03B3EB9B
:103A600012620DD94FEA002343F0004310F0004FDB
:103A700023FA02F018BF404270474FF00000704731
:103A800012F1610F01D1420205D110F0004008BFD0
:103A90006FF0004070474FF00000704742000ED2B8
:103AA000B2F1FE4F0BD34FF09E03B3EB126209D479
:103AB0004FEA002343F0004323FA02F070474FF02F
:103AC0000000704712F1610F01D1420202D14FF0A4
:103AD000FF3070474FF00000704700BF024B0146B7
:103AE000186800F003B800BF188DFF1F2DE9F04FD4
:103AF00001F10B06162E83B0044624D8102900F2DB
:103B0000BA8000F0A3FA102618220220B54F3A44DA
:103B1000A2F1080153688B4200F0BA805A68D96854
:103B200022F003021A449D68E9608D60516841F0FB
:103B300001012046516003F1080500F08DFA284686
:103B400003B0BDE8F08F36F0070600F19480B14273
:103B500000F2918000F07AFAB6F5FC7FC0F09A810D
:103B6000730A00F08F80042B00F26F81B30903F118
:103B7000390003F1380CC3009A4F3B44A3F1080508
:103B80005B689D4206D10CE0002980F22781DB684A
:103B90009D4206D05A6822F00302911B0F29F3DDE3
:103BA00060463D69DFF840C265457CD06A6822F016
:103BB0000302931B0F2B00F37B81002BC7E904CC7E
:103BC00080F26C81B2F5007F80F01A81D3087968A9
:103BD00001334FEA521E012202FA0EF20A4357F84D
:103BE00033E0C5F808E007EBC3010839E9607A6003
:103BF00047F83350CEF80C50831001219940914280
:103C000057D8114206D120F003004900114200F1BB
:103C10000400FAD007EBC0094D468646D5F80C8063
:103C2000454508D11DE1002B80F22481D8F80C8095
:103C3000454500F01681D8F8042022F00302931BBA
:103C40000F2BF0DD2046D8E9025408EB060146F0C0
:103C50000106C8F80460EC60A56043F00104C7E900
:103C60000411C1E902CC4C6048F8023000F0F4F9CC
:103C700008F1080502E00C2323600025284603B064
:103C8000BDE8F08F4FF4007340204FF03F0C73E716
:103C9000D3689A4208BF02307FF440AF3D69DFF835
:103CA00048C1654582D17A688310012199409142CB
:103CB000A7D9BD686B6823F003094E4503D8A9EB6B
:103CC00006030F2B7ADCDFF824B1494BDBF8002028
:103CD0001B680132334405EB090A00F0338103F518
:103CE00080530F3323F47F6828F00F0841462046A5
:103CF00000F010FA411C024600F0F380824500F209
:103D0000EE803C4B196841441960084600F04E8132
:103D1000DBF80010019301311BBFA2EB0A01091867
:103D2000CBF80020196012F0070B00F01781CBF1DF
:103D300008010A44CBF5805190440831A1EB0801F9
:103D4000C1F30B0A51462046009200F0E3F9421CF1
:103D5000DDE9002300F04F81801A00EB0A081968A2
:103D6000BA6048F001005144BD425060196000F053
:103D70002981B9F10F0F40F227816868A9F10C0C75
:103D80002CF0070C00F0010040EA0C0068604FF0D6
:103D9000050E05EB0C00BCF10F0FC0E901EE00F2BF
:103DA000328150681546144B1A688A4238BF196030
:103DB000124B1A688A4238BF196094E0AA1943F07E
:103DC000010346F001066E602046BA60536000F0C1
:103DD00043F90835284603B0BDE8F08FD9681A4486
:103DE000A1E600BFE887FF1FF087FF1FF08BFF1FD2
:103DF0006494FF1F3494FF1F5C94FF1F6094FF1FA7
:103E0000B2F5206F4FEA522363D3142B00F2B78030
:103E100003F15C01C9005B3307EB010E7958AEF189
:103E2000080E8E4500F091804B6823F00303934207
:103E300002D989688E45F7D1D1F80CE07A68C5E9D6
:103E4000021ECEF80850CD60D6E6142B59D9542B5B
:103E500000F29D80330B03F16F0003F16E0CC30081
:103E60008AE60EF1010E1EF0030F05F108057FF43E
:103E7000D5AE51E0424445465368D8F80C1043F0A3
:103E80000103536055F8083F2046D9608B6000F06D
:103E9000E3F8F3E6F00806F1080237E62A44204684
:103EA000536843F001035360083500F0D5F8E5E6A8
:103EB000A919204646F0010643F001046E60C7E9E7
:103EC0000411C1E902CC4C60AB5000F0C5F80835D4
:103ED000D4E6930903F13901C90038339CE7BD42A8
:103EE0005FD0BD68686820F003084645A8EB06036C
:103EF00002D80F2B3FF762AF204600F0ADF8002547
:103F0000BCE603F15C0003F15B0CC30034E659F836
:103F100008394B4540F0968010F0030F00F1FF3058
:103F2000F5D17B6823EA01037B60490099423FF6A3
:103F3000C0AE19B9BDE649000EF1040E1942FAD01F
:103F4000704667E603F11008D0E69A104FF00108BA
:103F50007B6808FA02F21A437A6070E702EB080104
:103F60004942C1F30B0A51462046009200F0D2F8B4
:103F7000431CDDE900237FF4EFAEDA46EFE6542B75
:103F800025D8130B03F16F01C9006E3344E7B3F575
:103F9000AA7F25D8F30B03F1780003F1770CC30057
:103FA000EAE5294B186840441860B1E6CAF30B0CE7
:103FB000BCF1000F7FF4ACAEBD68C84448F001000E
:103FC0006860F0E61546EEE60123536094E7B3F52A
:103FD000AA7F23D8D30B03F17801C90077331BE7FD
:103FE00040F25452934223D8B30C03F17D0003F105
:103FF0007C0CC300C0E5ABF1080BD844A8EB020869
:104000004FF0000AABE605F108012046009300F0EE
:1040100065F9BD68009B68681968C4E640F25451B0
:104020008B420BD8930C03F17D01C9007C33F3E67E
:104030004FF47E737F204FF07E0C9DE54FF47E7130
:104040007E23E9E67B6870E73494FF1F014800F0A7
:104050009DB800BFA895FF1F014800F099B800BFA8
:10406000A895FF1F13460A460146022000F092B8A9
:10407000830730B548D0541E002A3FD0CAB2034649
:1040800001E0013C3AD303F8012B9D07F9D1032C41
:104090002DD9CDB245EA05250F2C45EA054536D97F
:1040A000A4F1100222F00F0C03F1200EE6444FEAB7
:1040B000121C03F1100242E9045542E90255103284
:1040C0007245F8D10CF1010214F00C0F03EB02124F
:1040D00004F00F0C13D0ACF1040323F003030433FA
:1040E000134442F8045B9342FBD10CF003042CB15F
:1040F000C9B21C4403F8011B9C42FBD130BD64468D
:104100001346002CF4D1F9E703461446BFE71A46DC
:10411000A446E0E738B5074D0022044608462A6069
:10412000FDF730FF431C00D038BD2B68002BFBD0BF
:10413000236038BDA095FF1F014B1868704700BF72
:10414000188DFF1F70B50D4E0D4D761BB61006D0A5
:10415000002455F8043B01349847A642F9D1094E92
:10416000094D761B00F0ECFAB61006D0002455F885
:10417000043B01349847A642F9D170BD4C4700007A
:104180004C4700005C4700004C470000704700BFF0
:10419000704700BF2DE9F047DFF874A00646DAF853
:1041A000000098460F469146FFF7F0FF194B1C6838
:1041B00024B365681F2D24DC5EB96B1C0235DAF868
:1041C0000000636044F82570FFF7E2FF0020BDE8BF
:1041D000F08704EB85010123C1F88890D4F8882189
:1041E000AB401A43022EC4F88821C1F80881E4D1FB
:1041F000D4F88C211A43C4F88C21DEE7064C1C60ED
:10420000D7E7DAF80000FFF7C3FF4FF0FF30DEE733
:104210001C8DFF1F3C97FF1FAC95FF1F024B13B176
:10422000024800F005B8704700000000E9440000B3
:10423000002301461A461846FFF7ACBFF8B5244FD5
:104240000C460646FFF702FFBB685D68C4F57E6159
:104250000F3125F003054B1923F47F6323F00F037F
:10426000A3F58054B4F5805F07DB00213046FFF7EB
:1042700051FFBB682B44984204D03046FFF7ECFE58
:104280000020F8BD61423046FFF744FF01300DD0F9
:10429000104ABB682D1B45F001055D601368304670
:1042A0001B1B1360FFF7D8FE0120F8BD002130462C
:1042B000FFF730FFBA68831A0F2BDEDD43F00103EE
:1042C0005360054B03491B68C01A0860D5E700BF5F
:1042D000E887FF1F3494FF1FF08BFF1F002961D078
:1042E000F8B50C460646FFF7B1FE54F8042C7B4F98
:1042F000A4F1080522F0010105EB010CB868DCF817
:104300000430604523F0030300F08B80D207CCF823
:10431000043032D454F8082CAD1A1144AA6807F1BD
:10432000080082426AD00CEB0304D4F804E0EC6885
:10433000D4601EF0010FA26000F0978041F00103ED
:104340006B60CCF80010B1F5007F35D27868CB08EF
:104350000122490901338A40024357F833107A6039
:1043600007EBC302083AC5E9021247F83350CD60A3
:104370003046BDE8F840FFF76FBE0CEB0302526811
:10438000D00710D4194407F10800DCF80830834244
:1043900073D0DCF80C20DA60936041F001036B60AD
:1043A0006950D0E7704741F00103B1F5007F44F850
:1043B000043CCCF80010C9D3B1F5206F4FEA51236B
:1043C00048D28B0903F1390003F13802C300F81811
:1043D000FB580838984259D05A6822F003028A42A2
:1043E00002D99B689842F7D1D868C5E90230856048
:1043F000DD603046BDE8F840FFF72EBE0CEB03024F
:104400005268D20763D40B44DCE90212CA6091609F
:1044100043F001026A603046EB50BDE8F840FFF718
:104420001BBE0B44D10707D454F8082CAD1A134413
:10443000D5E90212CA60916043F001026A60284A1D
:10444000BD6012689A4293D8264B30461968FFF730
:10445000F5FE8DE7142B0AD9542B1FD80B0B03F153
:104460006F0003F16E02C300B1E719448DE703F159
:104470005C0003F15B02C300A9E741F00103C7E957
:104480000455C5E902006B60695071E779689210C4
:10449000012404FA02F20A437A60A6E7B3F5AA7F80
:1044A00006D8CB0B03F1780003F17702C3008EE747
:1044B00040F25452934206D88B0C03F17D0003F175
:1044C0007C02C30083E74FF47E737E227FE741F0D6
:1044D00001036B60CCF800104AE700BFE887FF1FBC
:1044E000F48BFF1F6494FF1F38B5074D074C2C1B3E
:1044F000A41005D0013C55F8043D9847002CF9D193
:10450000BDE8384000F02AB90000000000000000BB
:10451000590400005D040000650400006D04000003
:104520002280240322032480050E08090D0C0607AF
:104530000F040013031F050E08090D0C06070F04D6
:104540001F1F1F1F1F1F1F1F1F1F4053435F1A16D0
:10455000171B1D1E1F1F08091F1F1F1F1F1F031FC3
:1045600000131F1F08091F1F1F1F1F1F1F1F850567
:10457000040607841F1F435F40531A121F1B1D1E92
:104580002D1A0000311A0000351A0000391A0000F7
:10459000050E08090D0C06070F0400130393050E02
:1045A00008090D0C06070F04FFFFC585848687C424
:1045B000FFFF001303931A9217FFFFFF4008FE430B
:1045C00040A004404408FE4344A004400018FE43B9
:1045D00000C004403000FE43309004403400FE43ED
:1045E000349004401C18FE431CC004401018FE43C5
:1045F00010C004400818FE4308C004400C18FE43D5
:104600000CC004400C10FE430CB004401010FE43DC
:1046100010B004401810FE4318B004401C10FE43B4
:104620001CB004401410FE4314B004400418FE43B0
:1046300004C004400010FE4300B004400008FE43E4
:1046400000A004400408FE4304A004400C08FE43FC
:104650000CA004400808FE4308A004401418FE43C0
:1046600014C004401818FE4318C004400410FE4350
:1046700004B004400810FE4308B004401400FE4398
:10468000149004404C08FE434CA004400420FE4318
:1046900004D004402410FE4324B004402010FE4304
:1046A00020B004402810FE4328B004402C10FE43E4
:1046B0002CB004400020FE4300D004404808FE43D4
:1046C00048A004401000FE431090044000FFFFFF8C
:1046D000000100008887FF1F120000000002000098
:1046E0004487FF1F43000000000300009C87FF1F5A
:1046F0000000000001030904A087FF1F0000000064
:1047000002030904B887FF1F000000000303090427
:10471000D087FF1F00000000000000000000000024
:1047200000000000001519150000003F000000BF48
:104730008071313F807131BFD1F71737D1F717B78B
:10474000F8B500BFF8BC08BC9E4670471D4200008B
:0C4750003504000079130000411C00003B
:04475C00F8B500BFED
:10476000364B2A080B3F22FB244F24486C633B6ADC
:1047700046663C6465615F7F7F7F7F7F7F557C49B4
:1047800038360CDF19F6FF2B2912E4134C28254F7D
:1047900019481D08122D2B1F0108D5042219242E9B
:1047A00012122B561B0A31080301DCADD6FEDDD0F8
:1047B000A9DCD1D1DFFCC8D8F001071F0024F51611
:1047C000F0E500EA02CFEE08D8000D22154C757F07
:1047D0007B495D3619EDE8E5C3FEF00015E10B2FCE
:1047E0000926213F21051B451A4223220024366356
:1047F0007F4F737F6F7C7F7F7F7F7F7F7F5E200A0D
:104800000A07FB19F00FDBA8B7C8B5E3E0AA9F922F
:10481000818693A1C6CAA6CFE1B0D51149513359BB
:104820007F6C7F5A420DD7D00421F8D4BA9F8A9862
:10483000C6C3F4E0CE09413A3155706B663A45245F
:104840004D5F242B466D7F6D7F7F7E47777F7F7F17
:10485000747F5B343106396D2C5C763B4273696B37
:104860004C6E724D5734F9CB0116F9E8FDD70B3871
:10487000521C2322EFFB210917283211EDC0DF0A59
:104880002D5B1DF5FD1BE4E9BEDECB03E6FB080E48
:104890003150141F160CE7F4280BF22CF0233C586F
:1048A000400B412AFAE0081217DCFDE6E9DF11E5CA
:1048B0001F1603003200CEEAB2D8A6928181818110
:1048C000818181818181818C948F84818188A08183
:1048D000818190C4A2B4EFC1C1AEB4A9E2AC8EA5EF
:1048E0008181A9D7FB0EEFE409154D5A54513F2F92
:1048F0001E4104191728FE182747375E7F57706638
:104900007F7F5744303208E3CEB6A8CEEA161C3279
:10491000380DD7A081819B818EC6E7EDE01AE100BA
:10492000C7CDE0CDDFE5E8CB9DD8F515F4EBDCE5B0
:104930000D2713082D5C4A66274E2B476B6C3D658F
:104940007F7F7F7F7973797F612713D9DC08FAE451
:10495000D9C8B7CEE9E50D0D215736563701072ADC
:104960004E687B7F5F7F5D48627F5F4E1A0BD7C6C4
:10497000D6AE988181A982818181818181819FA226
:10498000A1B7B381968191ACE10B200EDCD9B8CEF2
:10499000B8F1C5D3AEC6ACB8EEFE366B3446747F04
:1049A000444B0E2437667F7F7F72767F7F647F71F2
:1049B0007F7F7F7F47474860615F7E78604B6A2AD0
:1049C0000F36264325143160677E7F786E735D7FD6
:1049D0007F7F7F77423412F5DCEBEE07F613483D1C
:1049E000401BE3F00B10DBCBDDCFDC00F4FE150C3D
:1049F00010EAC2A595B3949781A6D8C0BCAC9BA180
:104A0000C9E2CDD2CFCCA28581818184819381817D
:104A1000818181819081819CCDC2DCFA102C4C5423
:104A20003462271315225158340701F62C1E16F153
:104A3000DCBDDC1700DBAF81A18185818199A99C58
:104A400081818181818181818181818181A6DAE871
:104A5000E201322A00FBF11AFF0F111E19FA05F1CB
:104A60000BF200C9B6B3838181B0EBD8C19F9AA97C
:104A7000C5F72900CAAC93AAA3CCCAC2FAD0E5F9FB
:104A8000F4DE06F1FAC7D7F21DF8233D10101DF62B
:104A9000C9FD34FFC6E71C0814DFDD0A1C16F5F259
:104AA000F3163746400527543D46797F7F7F7F7F49
:104AB0007F797F5B2BF1DAFC1F4E1F060D2915064F
:104AC000E7B6CACABDA5B0838B818194B3B2B7C122
:104AD000C4FEEA0B425F7F470EFA2B57647F4A1AE7
:104AE00047334A0DF2F4DFC4E819F6E5E5FB100898
:104AF000CEA18381818181818199D9CDCDEB0DFBBF
:104B000006F4EC00E91E2A1C25131E504B66576D57
:104B10003850597156374465707F7F6B3D634D5AED
:104B20004A6B62747C5930F4BCE7DFE503D9F116B7
:104B3000282A0A3001EFC4BEB7F1EE02FB0E0FDFE8
:104B40001910043944663F27290F17F00CDFD9C428
:104B50009CDDA9908BC0A6E21DFAE9C5AFD2D1F9C0
:104B6000FD35634E372CFBC69781938184B3D3D533
:104B700000F81DE6182018F7D2A6CFAB8E819D81D4
:104B80008181818181819CC6C08FB5B8BCBDF11186
:104B9000DDB6DCE4DFD1A6E0B6968181818189A310
:104BA000A8E8BFE0FF07DBF7C4C1DB00D8D7FCFFF4
:104BB0002F0BD4DF0DFC0FF9D2B09ABD9EA79B85B9
:104BC000818BA2D4FECEA6DFE1F8C0BDB3DBECD46E
:104BD000C8DDB6ADC80002DF18EB1D485010F5C0A7
:104BE000C8A1B59D9486C9F3E0E6FB330436FF2ED9
:104BF00013F1DDE8FEF5F50803DD0E042526F92F97
:104C0000557F677F7F7F653553314973673F644FB9
:104C1000231E2709D0E9B8B5B3BEFDE1F6F1D5F7FB
:104C200020EDF2DFC9E91C00EBB483A181A2A6E26A
:104C3000E0F6012F16E409F323403A32390EDFBFC4
:104C4000ECF3C1CFDCB29CB9BB92B7D4B298ABC77E
:104C5000B6F0D2C1C8F1CFC7FF30463364725726D1
:104C6000180FFE0B021E16EF0D2AFCEDD8B0F01E39
:104C70001DEE021E00D5BAAC8B90CAEAC0DCABC5F3
:104C8000A1B5D8EC20011EF0F125121B0D10EAF49D
:104C9000DEABBDEAF72409ECEBE2C3B8BCC2E4E446
:104CA000EF10E5F119EBF307FB02F300DBE2C59B24
:104CB000908EA8A7BBCAB8EC0BE0EEC3A5BABBBDEB
:104CC000BBED093E0EDFF80B1837587F7F7F7F7FE3
:104CD0007F7F7F4F2516FAE3AFD5B09D9CCCFD1F9B
:104CE0003507D906FA0519283F61623A537C7F7F60
:104CF0007F7F7F647F5D705F3414092430293636EE
:104D00002FFB10E3C2A7CAEDFE0A3E0C2FFB0DE6F7
:104D1000C8938199B9989ED1E0FF2C1BEFC1FD1C6F
:104D20003B3E00CCF0D3F41134392453595B717FEE
:104D30005B523A4F714C64523B6C39525B445F7F1B
:104D4000492BF3E7B7968EA0C09794B0A8AD8181A8
:104D50008E93CDB5C100DED2F2C8A38AB4DB1004B5
:104D6000070C1F1AE0BCBCCBC6C4CBFFD9F1D9B22B
:104D700081C391C1B8A881AAC1AE93A59BB5AE84E9
:104D8000AFAFEC06050A3325272D221139607C7F51
:104D90005C7B7F7F7F7F7F7F7F7B7F7F505C3E431D
:104DA000436C440F10154929212BFFDC06E8BCBFDA
:104DB000C5DEC2AAD1DEF9DAB8B8858E81818181DB
:104DC000AFD5FACBB281818181818181818181815D
:104DD00081AADEB2CAABD8C1ACB3F2C8D0C5CED9B5
:104DE000C7B2A497C1CDD8023B6539210EFB284933
:104DF0001A4B767F7C767F7F7F7F7F7F7F6D7A3BCC
:104E0000383844767F5D4122536B7F7F7F7F7F7888
:104E10007D56534566376B7F564E3004D7B5A68115
:104E200081B081A3B98A818181818181819BD2B541
:104E3000D2D006ED23201AF6D3AB968181A586BD8C
:104E40009288BED5DAE7AFEC1BEB2658677F73324A
:104E50002E54490F0A290311DCFDE5E4F3D4BC8D7F
:104E6000A0C4FAD5CDFDCABFE00EEECD02E3D3EA71
:104E7000CBB5E0AFBA878181A7818181938181849D
:104E80008E8381819FBBF5D4D9E914460A131BECAC
:104E9000B599828192B4E4CBB69F84C499A9BFBD71
:104EA000A792D3C5FFF7CACEAFD4F7D3C89A8381F0
:104EB00081818AAEA19481ABD2A781BFDBCFE0FD17
:104EC000E70FFE271A4A7761597E7F7F7F7F7F7FBA
:104ED0007F7F52385C4104DDB79CA3AD979681A8D3
:104EE000BD8CB7848181838181A8B99A8EBDE3ADE1
:104EF000DACCF506303805FA2C5C4F456444524E46
:104F000028300C1C3D717666625A25EBDDFDD9D741
:104F1000F4D6DBE8E501E51CE00400EFB8CA062F93
:104F2000F6E6D7BBAB8181819BBFA189C3B596C093
:104F3000D4E41C1F020BFFF1CBAED7ACA1B3DEE66D
:104F40002126386C7F70784003CFBEABCCD6A9D970
:104F5000E81D03EADF0DEFF9153F191B27050212C3
:104F6000F6F6000BF5FA12FC1C07D7E21EF9F9263B
:104F7000EDDE153C230D00E903253A12153517F82F
:104F8000D4ADEC00241E452B330D23033A043143EA
:104F9000395C5754355A43356A5E1E4B5C7F61322B
:104FA000F6D1B0CFB8D1AFA981B49687C1AA8C8110
:104FB0008181818181818181818181B2E304392D67
:104FC0004E34483A0E15252D131916E4EFBEB6A738
:104FD000969CBBA98CA0D2D6ECBEE1061A24E9238C
:104FE000F7254505E3DE1335677F5928F2D0CEE07B
:104FF000BDC40204F1E8B086818181818181818113
:105000008891C7DBAD8A818181818181818181978E
:1050100081B6E5D7AFA59CD8A990C18D818A819929
:10502000D7A4818C81839394BBC6002945677F7F79
:105030007F794A7B7F652D121E4D7D7F7F665045AF
:105040006A2D250F19401FEBC898C4A897B0CEC58C
:10505000ADDCEA083014E3DBF0CCF7E6EDE5F4C3B1
:10506000DDE61A4E1CE4B28FA29FA498CDB5BBC852
:10507000CFD8B6AD89C99F95BCBDE007F61C2A37CD
:105080000FE8C0A081B6A7A8DCF0D604F30CF52881
:105090005F495A79704475395C4F561847566D38D8
:1050A0006C7F5C4D2F3919E1E9F5E5D2E509104433
:1050B0007439091A44103A27FAE1C9CED70216FE0C
:1050C000E9D1C1CB978CBFCDB6D6AEBB9BB0C49255
:1050D000819CDBA9B686B0B7C1002F2F5A5148205A
:1050E000485F72342600F2E7B7E5F2262244587092
:1050F0003A00CEA1CFA5AC81818181818F81818150
:1051000081818181AF9D818181BB91C18EAFBBD5F2
:10511000A7CEF8305F4420ECC6DBCAACDFFB24EC42
:10512000F9223B262829162B114111F51A2935F8A9
:10513000122BEE07FF1DF3E2C3D8D8A8818181A00E
:105140008490818181A093B1DCAFC8D8E7ED1E1AAD
:10515000221BF017FA3107F7190C3A213D1DFBC944
:10516000DDDAFC1D5130072E5A4E715A7C7F7F7F4D
:105170004C57605846316553351B34597F6E725B0E
:10518000613B06203D17F20023FB103A3F6F7F7F03
:105190007F7F7F7F7F7C7D7B7F7F7F7A75476A7F84
:1051A0007F5C517F7F7F7F5757273204FD04253472
:1051B000592916DEF1C1F120F5FD203532FC1C170E
:1051C0004F4E6E74794C3952723968787F7455201D
:1051D0002041113B042E5F583C5A6D5F566E2DFEE8
:1051E00027F60607390322133E4C30423F0DE4E315
:1051F0001C0BD8BDCCAC8C8181A289829881A2A1E4
:10520000BDCBBAF7063A3F1B4C6F7B625F7F582ECF
:10521000527F43787F6A7F7C5276677B6656724AFC
:1052200026F8EAD3D19C97D1EEEDBAC9FF2C193DEF
:1052300017F5FC35592418E11A23F5DEEEC1A499BF
:105240008787818190C0EBF0F91D3AFD05D30433C7
:10525000366D2C5337697F7F7F7F7F7F685E6E4D11
:10526000645E7F517F7F7F7F7F7F521EF6253D0AE0
:10527000FAED0D350E4554252A3B436C3E2DF8E7DB
:10528000CBF70717E1CFCC9AAFBDBEE0F1E5D1E196
:10529000EAD8BC8995ACCFD7FC1C3C2B593B1407F2
:1052A000DCBB9AB5A38CA9D8D0F3174A221B507F38
:1052B0007F6C7E7F7F7F7F7F7F7F7F7F7F7F617936
:1052C000663D481BE203CAB0CEE3FE2112F6D6AD1E
:1052D000C8CCD9CCF3CCAAA1C2D2C9EAE1AAC7B141
:1052E000A4AABAD7C0D1BFA9C9EE1041713F1227F5
:1052F000507746301EF6C7A5C4B4B59D94818196FB
:10530000CCDF0221332705D8CBE90828F9C2A6C48F
:10531000AE81B0E814193B4A7A3C677846587F6EF4
:105320004E15E5013B0DDCADC694CFA996BAA4A9F4
:10533000E8111935453A272B17331D022922EED2E1
:10534000DBA6C6C09A81B9ACCDBBC295C08D8B849B
:105350009AA9AE81A8CEF12AFDD1A7A29E8181ABE8
:10536000C3B5BCC3F8DF174B1B4F16220DD9C29330
:10537000C1D2A28C81818181818181818181818160
:10538000818181818181818181818181818181AAE4
:1053900081A29F97C4B0AEDE0EFC29503A2AFCF2DF
:1053A000273C727F76460E16F1E7CFA1CFE31B2094
:1053B0004B2FFFEF03FC2708D9EAF2D50A2E5F53E3
:1053C0007F63487035561A1A0CE2174F223A14E9D7
:1053D00012481B0ADEC3D603305A703E5554667F0E
:1053E000622836FCCACFC7F4BCBDA197818192A9BF
:1053F000818181818192A998C4D5DAC0E9EB060048
:10540000CAADC60015083142664633FBC5B79FD604
:10541000F8E20A2C474203EBE900265C5E5D674D2B
:105420002B537A5B496A34394A5845653F73593F73
:1054300009DDE3E2B3B49FCAE3B48C818181818149
:105440009781C19A818181B89F81818181ACC7FD9B
:10545000E009EEF42E0A18F3C9B7E5F4DAA3A3D3F2
:10546000F40E4435354916426867647F5931F52B8F
:105470005A6F55737F593014F5E8B1B6B6A88181DB
:10548000818181818C818181818C9B8FAED5A8B3F4
:10549000D40D46757F7F7F7F7F7F7F7C7F6A7E7F95
:1054A0007F777F7F7F7F4C2D4B657F7F7F7F7F7FE7
:1054B0007F7F5F4C33F8C2A4C7C8CBD9A89DC5A6CF
:1054C0008181B5A1E0C3FF1B0A0AFE375D7F455508
:1054D00025FED6C4F8C7031E19ECBDBADAD6FD1EE8
:1054E0000A0C2D627F7F7F4D707F7F7F7F7F7F7F64
:1054F0007F6173521D4105DC142A2015212D3D24A6
:105500003B32646A757B7F7F7F7F7F7F7F7F7F7F7A
:105510007F7F7F7F7F7F7F7F7F7F7F7F7F7F7F7F9B
:105520007F7F7F7176797F79502C4B747F7F7F7F6F
:10553000777F5B4A3E3336547D7F7A477A452857DA
:10554000243D607F622F54557A63476A6C71727F85
:105550007359786D7F7F68476C5063724D0E03E21C
:10556000E1B6BE918AA7D5F2DEB0B5F0F81A0B31DC
:10557000422B4F1008DDCDE4BE9095D39DD5C9FFD9
:10558000F6C3ECF7DFE41221295A5C5768531CEC90
:10559000F7103E3B121601E5D9DE1905342E291409
:1055A00003E3F3C8ADE823252138FD02FED7E8B5B3
:1055B000BDCFADC1F622F8DAE10608F32C06FFD321
:1055C000F9D9B6BCA9A99C8181AE97818D92B6A06C
:1055D000C905D6B2819E95988A87AAA8D7BEA88AFF
:1055E0009F818181858EC8B4BFB3C8AFC3D7C0CAFD
:1055F000A4A2A0A181AA8181819594D3DBC093A4A8
:10560000B3858181818181A58F81AF91C7EEE30A46
:10561000DFF7D8FFF52F52181425EED0B19C878AFA
:105620008181818181819090C6E4B8D7C297D3BD32
:10563000948199D1EB16EE1D335B747F7B3C1C1B70
:105640003A1F48524C252E00D8123E49220A425792
:1056500019211AEAEAE2D5B8DB0727FBEECF07E605
:10566000D9A38BB7A7A081B1CEA6AAD7F6FA15F217
:105670001DF5D2CD9FDAACA6A6DEB2B690BCCFD7D0
:10568000DEE0CEFD2B212E28274B4721F615EBCD52
:10569000F7C4968190968181858187AFB0CFE0EF86
:1056A000D103ECECC8D6D2B481B3A6B6B3CCDBE15F
:1056B000112E3A06E0F51B0D342839314A30545A80
:1056C00023481D35400335493B011E391C0CD2F1DE
:1056D0001AE2EEE5C90519422E33FCD2B0B6F42D1C
:1056E00000E8B2E0E8CFBDE711FBC6D00025527F4D
:1056F0004A2735657F7F7F7F7F7F7F7F7F52194C71
:1057000042032D477B7F583F5121F50F370C3D3722
:10571000577F7F7F6F7F5C5D5060372C3B47726F98
:105720007F7F7F7F7F6E7F7F6127F5C1B5CAE7CB23
:10573000D4C9FF14263307EFC2A0D0B2A1A5818639
:1057400096A898C098CAFFFBF0B7B5A8CD03213939
:105750004B4E3066491E0EE1BDBBBFA094BDFBFBA6
:10576000EDEAFBCFF8F4EEDCA8DDFB180F234F7C4D
:105770004B5E7F623A6670362308D60E404B694115
:105780005F58625A7C7F656F72514F31453F5E5062
:10579000452F491B06ECB4A2C5A6E6B88BC4C6F4D7
:1057A000161DE81E55724A0DE3F110E6B2E80DE74A
:1057B000AF82AFC2F715FF2656153D3D6F7F666E6F
:1057C00035572B4A423A0922FEE1ECBCCEED0B06DE
:1057D000143D39667F7F707F7F557F745A25FE2880
:1057E000174A152B6148434C6C3D4446441D4049C3
:1057F000797F6B5623100E2501CFEE200D1D273823
:105800004A244B645325403A1D484F4A7D7F6158D6
:105810003D42715B1C22EDC0B8E3DE1335083D014B
:105820001942100F213D5D50746D6D7B410FD6A85C
:10583000CDECD2A09A81A2A38181818181818181D5
:1058400081818181818181818181A3C4B7BB9D9246
:10585000B389C8CEDDB19FD7FCCA9DDA0627344391
:1058600046755B717F7F7F7F7F7F7F7F7F7F7F7FBD
:105870007F7F7F7F7F7F7F7F7F6C6F7F7F7F7F7F5B
:105880007F7F7F7F735A603D4D181C2E274C7F71A0
:10589000787F674B3D08F7CB9590BAB18193BAF00A
:1058A000C5B9AFA5C4B4C0B0ECEA1926F515281ADD
:1058B00047434E2A5F3F6B7F7F6F2F4313374D3037
:1058C000021A41320DEFB89ED3D2B4A0818599C897
:1058D000A0D0FF0FE5AFADADC7E910E3CFC7959BF3
:1058E000D8BAC0E4EF250DFCD0BACB9F85ABC2BDC2
:1058F000A1B0B9F8D7ADAD8D8188AED4E1C1988F94
:105900008681818181818181818181818181818182
:10591000908181818181819BAB8481818181819E04
:10592000CEC8A8CAA397859486B3BFD30A0A090E26
:10593000ECCE9EBBAFA5A081818181818186818FC4
:10594000AAE8D2BBAC8E81818EC8BEDFF007F02101
:10595000E9C9D7A2B6A78194ABC7D0D8EE0A31F96E
:10596000C4AFD2B28C8181B1E108CFEACACDF8CC04
:10597000B8AAC5E4AD9CCED9CFC4F6D6C89DDC0A82
:105980002D37132C5C480CEAF7DDBCD5B0EC1413B2
:10599000FBDDE6EE24143E4621EC020909194D36E2
:1059A000203116324F625F4B6766784C795329512C
:1059B00043204A3A46423D707F7F7F7F7F7F7F65ED
:1059C0007B3C697F7F7F7F7F7F7F7F6D7F5C3766DA
:1059D0007F7F6B394C380E0A33495E5D2D3A0723C1
:1059E0002C02F5E3D7E5EAE8E5D3B4B4E0170E05F9
:1059F000ECE10D3C5125433F69737A7F7F7F7F7FC8
:105A00007F7F787F3D5C7F585C265D664A214C260F
:105A100023524E4F6B41517F7F7F7F7F7F7F7F7F00
:105A20007F7B7F7F79727F7F7F7F7F4B695B1D2BC1
:105A3000FFFC1B040D41425B787F7B707F5A7F61C6
:105A40006458737F7F76546C627F7F7F7B6C5F448A
:105A500032400C3A344F1D4A522C092F4052497E95
:105A60007F565C3522597354432C0D12E2F1BAC7AC
:105A7000C2A1D0F5E301F21223FBEBDADE03F6203C
:105A80002BF003CFAC8E8FB6999681858CA1838144
:105A900090C6D8EFD0002F511A431915230CF8E502
:105AA0000FDCE103D5A9C290C7F317F4EBD9AC938F
:105AB0009181A68A868183BBD8FEE702313E581FBA
:105AC000F7F4130FF60820563921FC24400D18294D
:105AD000211F28EFB78B81A39496C28CB496D6B4BD
:105AE000AC83BBE8DAE400E1D0A384A8D70CE70FCD
:105AF00046715D6C56532C5E7136230D03E7190910
:105B0000DDDBC8A894ABD7B6E4E8E3E5DFFEFBD164
:105B10000716F507F009E9022AF2DCCEC2ED0638D5
:105B20006A3B5E7F4968567F7F7F7F7F5B4333247C
:105B300046452BF0ECC0F2D4CDFFF72500E0FCC8C1
:105B4000B7BCBB92AB91A4B9EC265B374819DEB465
:105B5000ACD4F51B460A2F5E7F7F7F7F7F7F7F7FE0
:105B60007F7F7F7F7F7F7F7F7F7F7F7F7F7537080E
:105B70002B5B31FAF603354118FD342052734F6E1A
:105B80006E35633361687F4577593D233C0AECBC31
:105B9000CAD90CD909416F386072583F251DF3DF0F
:105BA000ADB386AA8381818181938881818186C4F6
:105BB000B6EBB39381818AB29FB28B8BB7AECC0424
:105BC000D408FCD7081A2A2B04310B0B2D4323F9D8
:105BD000EBD6062E1CF1D4DFC8C7C702E3E8EEF50A
:105BE000D8F8D3ED0710244245637F7F7F7F7F7F06
:105BF0007F7F7F7F7F7F7F7F7F7F7F7F7F7F7F7FB5
:105C00007F7F7F7F7F7F7F7F7F7F7F7F7F7F7F7FA4
:105C10007F763463281C0C1AE30AD7ED01EF0DFBE5
:105C2000233C645339FC23F110172208FACD09F5FF
:105C3000CAC08D8681A4AC9C8792C0BEB8E4B7B9B7
:105C4000BFAD878C81818181818781BEA681AA8138
:105C5000B3CCA4E2F028011A102C3A1E02C8D4CB0F
:105C6000A384818188A486B6BA9CB887B7ECB8A70C
:105C7000DABFE5123431436973757F707F6F7969DC
:105C800028452F1D25132E0C4577614E2E281D26E5
:105C90003A697F7F7F7F3C617F727F7F7F7F7F7FDD
:105CA0007F5B4E667F6C441C375D6C7F4C7F7F58FA
:105CB000245925043C4062725B67481D3E4966607A
:105CC000592A2815DD0FEEBEA9B1BDC098D3EC024C
:105CD000CB97818181A39DD4F722410E19E8BFA003
:105CE000C39C928F99D0FD202607F21036FD08D96B
:105CF000D3E9C599D8DBF92814E6D4AAD7F108135B
:105D00003E6A585D5A4C5E29521B2F5B1BE1C3F360
:105D100023597A7F7F7F7F7F7F7F6041050EF91B4C
:105D2000370EFFE7BCF9E3D50711F1ECDFDEBE98D3
:105D30008C878192C6E8F529F3D7A7E7F2C0A4952E
:105D4000D5ABD2A782818181819391C194B1E2B810
:105D5000BEBFAC94D2A3B0B190C2FE080B1CEC2421
:105D6000FBD2A78494B59F819481818181818181B7
:105D70008181818181818181818181818181818113
:105D800081818181818185818181818181818181FF
:105D9000818181818581818181818FB087A48EAF4E
:105DA000E71D06063E21FADBBBBEE207391C2C01CB
:105DB000FA2CF5062D3A0A053A5A7F7F7F7F7F7FBE
:105DC0007F7F7F7F7F797F7F7F7F7F7F7F7F7F7FE9
:105DD0007F7F7F7F7F7F7F7F7F7F7F7F7F7B7F69ED
:105DE000422A1A1C21F70BEECA99C2EAEFD7C2DF8A
:105DF000C7E4122304364D1C09D7C5DBB9F023FFD5
:105E0000F2D5110F391A2E05FDF110254109E8CB05
:105E1000ECCAE0B18D8181A6818181AA8194AAD446
:105E2000C3D306FBE006255D6F632E03D4DBCE05EE
:105E300032584207DE1112432F000CE1171AFCCA38
:105E4000DDF60F48586D49170A23EEC1FDCAA8DADE
:105E5000BDF5D70319503C3C4D3410474F5013FB50
:105E6000CB00D7D5C48FD29FBEF9F2DFB0E903DCF7
:105E7000EED00AD000151C06FE36FA24164C4E123F
:105E8000DFD2E601E1B0A0DC012236023B4D4254F4
:105E9000617B456644552F11FDD9FB1F09E51F376E
:105EA000585C685A64486F2D3D24E8E20E30231D8B
:105EB00005072F300EE6B3D5C9E4EE184A737343D5
:105EC0002935487B7A67593441757F4D7F63693145
:105ED000021F321DFA14FF00CECFEDE81EF3EABF19
:105EE0008F818A8181818181AA9CB7A681818181EC
:105EF000818181818181A3AFEF04D1D3A3A8B6EAC8
:105F0000C0DD0035392F5B4556633B18FB1931372F
:105F10004E2B0E283A39031E192EFBDD18E4B68EDF
:105F2000CFB7B1C3C1B7CFFFFE230CFF24555B4BE6
:105F30002B55364450431B0F3F553E715F7034075D
:105F400038050AECEBD5D0EAF704F9E7C5CF001C19
:105F50000A263F6C70747F7E7F7F7F647F7F7F7FA8
:105F60007F7F787F7F7F7F7F7F7F7F7F7F7F7F7F48
:105F70007F7F72652D48672C5B52746E7F7F7F6ACE
:105F8000380B02DED9E1FFCBB28181818181818131
:105F9000818194C6FFE707E51F2C0DE71607E80E81
:105FA000EFEA242606F5D3D3B8F6F7FAFE1832FF47
:105FB0001713120414DE0C22083C0514491FFCCDF3
:105FC000A0D4FA183F6E7F7F7F7F7A60757D3F0E89
:105FD000310526503160611F11F8D8A3818181817C
:105FE0008181818698D7F1C6C8B3D0F9E0FAE2E1A1
:105FF000F2C8F01B243223002D43774E436D7F6A95
:10600000767F7F7F7F7F5A757F5B2808DDEADCD152
:10601000E51D380A121AF022331CE6FCD9051C27AC
:106020005C7F7F7F7F5E7F7F7F7F7F7F7F7F7F74CF
:106030005E47627F49747F7F7F4D546A787F6B6FC4
:10604000433B5F7F787B634D2F5C5A5A7F7F5E6D49
:106050005B295516E0073935415A7F7F5E7A6D5CC2
:106060007F7F7F7F6E7F6432587F677E7F7F767F02
:10607000715C743302EB0C29FCC7AAB1A1A78EAAEC
:10608000BCC8D5043538697F7F7F7F7B4C63766BD6
:10609000453923ED1933030AE3F5FFE711292500FC
:1060A000E3DAA3CDF51F3B2303230935697A7F7F0C
:1060B0007F727F49212A322C353A250A314E6D3EB6
:1060C0004C1F06230CEBD00D153809D40304001126
:1060D0000A23E7EE1C43102F1F2E04D2D6D8F8F265
:1060E000C994818199C3DF0932617F7A3A2601F22E
:1060F000C1A89B8F81C2F3E8DFBFBFD6DDEA0FEEF8
:106100001BE1CCA7C3A891AECFFACDD8A4C794C445
:10611000E6FC143B322F46625C4253274B33FEE5CC
:10612000BAE7D1D0BED2D1BA95C2B0BFCEE0D3AA21
:10613000DCE3CFD4CE9AA2BCADDCACB1B1E0A9B067
:106140009281A0CDDAD9FBD5A3C804D60216450E9C
:106150002A536A3C7261645E4513EC1F23413C1272
:10616000FEC9F50C2027EECAA58881818181818135
:10617000968685BDBCC3A9BF91C0FDECE807F6FBC0
:10618000C4FCE8B3C4E5D4FA083A5E7F5534251D53
:10619000407475335B5870444D4B2F617F7F7D7F1A
:1061A0007F7F7F7F7F7F7F7F7F7F7F7F7F7F7F5925
:1061B0003E595D473B4F615A7D673B453405DDDD08
:1061C000C7A292818183B086C0D5D6A29188A0BB98
:1061D00094B1D806D6F5BCB89C819CBCA3819B81A8
:1061E0008181818181819DB787C0B18DCD99CED8C4
:1061F000E9162A4A462925F5254018FE320B0EF5E8
:10620000254F46261CFAEBCBB0CAEEE8DBB7C2A599
:10621000B4E8B1D1CBBCA4ABA3B9F303F80FFC3005
:106220001C03F0001CFED30F344539595F64576BD3
:1062300061481A16332E3E0C3E1FEA0EF10AF0009A
:10624000E6B78E8192B48E99A381938181818B81EF
:10625000998FC1E602E3CDE41436162F1D1BE10D24
:10626000EF240AF6D8AEEB0EF42F2D547F7F7F6E0D
:106270007F7F5E7F557F7F7F4C5E7F7F797C7F6CE9
:10628000737F594F725D4F27487C7F7F7F767F6A8F
:10629000584B3E3F1400D2E1C7C300FE19323F6D98
:1062A000627F7F7F7F7F7A642E3B36FADABFBCE85D
:1062B00000C8ACD49EDBBCDFD3EAFBE7EAEFEAF32D
:1062C000D105DDF20FED0A162E2B1E4A564E5B5BF2
:1062D0007F5234521F16344E17EEC2C8E5EDE1F777
:1062E0002641020DF0F2E4B1AAB98781818181AC27
:1062F0008A818181818195A69281A7818FC1B9E22E
:10630000BEEC01F2272B03F70B07ECE50D1F525FE4
:10631000633E673B011CF627523208233E1637289E
:106320002303CBF4E70BD8E7D3DFD4F2E41A071A40
:1063300012E5BAF0ED11FE22FCFCF908FC35012D46
:1063400019EA0FEAC5F0F2001E343110F6CED8CCAF
:10635000AAE3F21C1F48393F191F1B1DE61D1C48EC
:106360001E0BDDCED50E0817295578571A17ED00EC
:1063700009D20CD505E301EC1AECECED08FAF5E5D1
:10638000B5EC11EBEFF1EF090D2C2639566E516784
:10639000470F062FFC1BFE3400D0BC8E81818B8FF3
:1063A0009B81ABC701E2D2B6B7AEDAFEDDAB878226
:1063B0008197A5C3EFDCD2C3AEA299BD94D5A4CA80
:1063C0000203FD13E30CE92026555E4F4B164140B6
:1063D000031D1B31483E380A27093B4D70687F6218
:1063E0007F7F6F46446F706D4D6F7A49755B517951
:1063F0006F7F422C2B5D2711F8F2FAE80EEECFF4F6
:1064000018EABDF9E5D9F1D3E5D8F6FD16F9CFD3F1
:10641000DCB8E0C490A7AE869B81848181818181B4
:106420008181818181A7D9E7E41F221E0923E91F09
:106430002433535E2A33436A517C653615E60C2BB0
:1064400005E0E01B193120150CD9F7D39E81899BFB
:10645000CAC6BAAAAACED7C4A4A58FABCDDBE7F330
:106460000B274628402C5E5B44152720E6D702F711
:10647000C4A6868185C2D0E1F4C2A58181818181D3
:106480008E87898799B38188C4E91037FD053F4C11
:10649000144A5944346130F41C505527112E4C28AD
:1064A0001E482413E002EAB8D9A9A2828181818121
:1064B000AEC59B9881A6D2A59EADB5CDA0B7C8E2CA
:1064C000E5FB29191DE5F7EFE6163E36657F7F7F70
:1064D0007F7F7F7F7F7F7F7F7F7F7F7F7F737A7FDD
:1064E0005D474B486C7B7F7F7F7F507A4E6547448A
:1064F00042607A7F7F7F7F7F7F7F7F7F7F7F7F7F0D
:106500007F7F7F7F7F7F7F7F7F7F7F6D7F7F5A262B
:106510002F4D3819F3254B261EFB2B34687F4A601C
:106520001FFDF71EEC190931657F531F0F08203D31
:1065300011D7E1F9090AFE042502D8A2928CA8C558
:10654000D4B3A78EA9818181A6A8DB16EF17404599
:1065500008032BEFC2F0F9DBC7D7A6A18193818B8B
:1065600082C0D5F1FD352319FFF8E7EBDDC2F4F168
:10657000223D4957574A646A420DF3DADED9ABA18E
:10658000C6A4DE000033253A697F5067785E4A0D65
:10659000DFF3D8D0BFB8DA0F324D6B7F411A3B6EB4
:1065A0007F7F7F7F5437453E3912ECF9EBFAE7D213
:1065B000D2C59381819D858181819DBEF9E7E3DB11
:1065C000F3CBFFE9D3F2FA17374816EE1126EB2486
:1065D0000006CFFA05F1C09DBB9E8181A7CE0318AE
:1065E000151108FA2D6161340BF0C48FA3E2C8F7CE
:1065F000D1DCFBCECFC7F5E200EAFBE0C8AEEED7B8
:10660000043E250FF3E1111DF5F90D06EDE100CB78
:10661000D8A7BD92D1ACC8B3DDCFC5F20215050A2B
:10662000F9EFE31C013A64603441627F5A4B3D5EEE
:106630007140423D6A7A7F7F7F4F201E50707F7F7E
:106640007F7F481B346935532FFCDFB0EAF7F22710
:106650003907E511132D23184D2804D20C1E1240C2
:106660004F18DFFA07DCD6CDA6D5A198A1D9B3C3C0
:10667000A1A7DCFDE6CCFB110BE5B6EDCAB58EADEE
:10668000ABC6A6BFDDE6B0898181818181ACC39CA8
:10669000818181818181A192BABDF40B291AFBFE0F
:1066A000E4DA134C6643533B68706C3960707F7F4B
:1066B0007F57274D2653615668602D24F4051F250A
:1066C000FFD5FFFA221D503F737F7F7F7F7F6F5F73
:1066D000310322382813DEFB1D4B4764292E5C351D
:1066E0005A302A0D0014F9F3D8E80DDAABBEE3DB1B
:1066F000D1030F2158597A453D1B15EDF3DF121DCB
:106700002C020A3A0903EDFD2EFB06DABDC4CBD8F4
:10671000D4F003F2002C546429431C3E59767F7F49
:106720007F7F7F60424E617E592D28537F5D6035AB
:106730001612E9D9D1BAAADEE40C45325B5A7F7F42
:106740007F7F7F7F7F7F727F7F7F7F4C2A143950CE
:1067500066401802D7A2919CC4CEC08FA1938DA68B
:1067600016F36C02B19E3EC3F6829BB18FBFFF440D
:10677000C29C00F42537683D7D65CB3CA69B821109
:106780001AEAA0502BB475BA42C61EAB6F7041D046
:1067900055A2261BDA505E2C147424B797C83960B2
:1067A000DC27B915B1798258AD3678FBA329D8EB2F
:1067B00027715455E2D04FF4D6E807E6FFA6556698
:1067C0005225E573AFB2E0DB502F442024E41E2FA6
:1067D000DDA7FFDC2EDED0C15123AA797993D5E065
:1067E000095346300A2B552830587AAEEBDB4E71F0
:1067F000A66E0072480231A550E37CF27D8D57B53C
:106800007354916B9C6DBF1B9E3BC95B59EF90C845
:106810001B9396AAF3E2CBF7015A5B1CF8871FE1A2
:106820008162196ED8A013112A05447B4216B4D692
:1068300084565CFDF221B2DB81719BC15EF50E7660
:106840006A98ABB51BB4F12E9D1676E2FF244A552B
:106850003FB05D7225E4A56873A87F51B708A3E433
:1068600089CF85350A00127957B91AD0C32B41C890
:1068700015C40AA992362AFC0532B93B7450FD931F
:106880009AC1BA4F7CC4C7019010B68472A0CCE301
:106890008265AE46B4D733F2F0862C13352816A2A3
:1068A000F7ADF59B092C7C52B791240541093F496E
:1068B00067F2215ACC3C68B950EA54B662C2523DE4
:1068C00064E5A1449A85C8003B06D5228FAE3267A5
:1068D0008997B6F65C8673DD74C201F1F4B8217F46
:1068E000FAF71AED61B9134D151C0CF0E82176BCCE
:1068F000E0DDD322606FF3B7CEB102D7BAE54A0824
:106900006FF4215144BAA93C24117B672E00C28147
:10691000D542A53F9B4CE8CC43F104CDBBB44A47DC
:10692000CEB3DDBC23C01A16075524DA1140D28E2F
:10693000C77C5C1D9AB34055311E39BF41A7B38552
:10694000265A0BAC49EAD7A2BA4F6A26FA96EE014C
:106950005B7767D27CD9A19A58CC12C5B4F336BB09
:10696000AFF9D06FB5CD6975F6CFE76FDC302ABAD5
:106970000503B0CEDEE99F53C6DBE4126683DFC5B4
:1069800062007C906537FB4597A1273123FD071BEB
:10699000B3592CD244EA83DD5CF5B775E51E763435
:1069A000E28309FF8E06796A91DC5CACD566702FB4
:1069B0002BC8C4EEB070481371B92CCCEC5E2C001F
:1069C0002CFF884D59A5627564E9212F14A49AE41F
:1069D0001DEC1266E6E8A44FEF1D35321AEC68197B
:1069E00049BCBBE20935B01B3FC4D9317BE2222050
:1069F000E08CCAD2F06ADFA0750E85FAA0C4798552
:106A0000D1760CBB34B6BDF2FB3579E07AEC1713C6
:106A100056E36584B0E697111D9CB1A5A6BF76D557
:106A2000248242479D773C92CFB7D8610D37D00979
:106A30000B08291B6E7F57381DDF1AD16384719EA6
:106A40009DB8B9FD8DA43AC514595236DEF4F4410F
:106A5000A5866A8EEDBD86D34593EEAF3B36FF0427
:106A60003DA15497DC4835A56CB183AC611527E78F
:106A7000886512BE9AF8252DBA3A3829464C9333C8
:106A80007228A1DE51F5E5F2918F64AF695037DDD0
:106A900000E32FD3DBEB5DFDB8724F10D9058D32CB
:106AA00018F05E4635B5467E0FBC8B754B8740F0BF
:106AB00006AE94AA436A1DE313ED26861F544EFECC
:106AC000C5AA8C93E50EF478941309581D1A828E8A
:106AD000E0F85D3B26395004C2AB82E310E0F8ECED
:106AE000519B9282FC5F22D3529B4BA2110A349796
:106AF000D1278FE57EDFC346D21493222EB68E00B7
:106B00002D91B6B983B8044F1246932D02282D0B50
:106B10002B0DACC7EF646F120ACB5E7CDDCB17BECA
:106B2000715D65B18E457C20956AF5ED1A307B88E4
:106B30003B32BE1CC36DD88C13907ECE239BA9DD47
:106B4000C5B771D091EBEBD1074DCCC1AB8FA6F996
:106B5000038AB24878F30F8E505FDA61646D4DE1BD
:106B6000EB4D7C3A976EA4DA61BB3726706C01134B
:106B7000E78261BC94C79F3550DD5A5E4FF477833E
:106B8000450FCB992B08455CED1720318D3566609C
:106B90004BF2BAA5E55EF2CDA54902C95D2767882B
:106BA000A7F6932528FBCD074FC16431DE4A97A491
:106BB0006837FCB91C94A2E1560F3AF444E06A2FFE
:106BC000A07FB84DD24B6ABC30F3B343962FA2B628
:106BD000BE93BE889C68B021DD5FC9684319CCDFD5
:106BE0005C68F7541A2DE22AE102316CAF69C9B131
:106BF000C965D05056A1E69A564DA74955283E9DE5
:106C0000A24AB04F0AD24D3723792ED9DD7031F721
:106C100099F4162645259FC6A9DC526DA0459B72A6
:106C2000B517DFC60BEC0AED7FE01A1E73C35D706B
:106C30003BF48B9C68054B46410B7389D93CC4F0EF
:106C4000BE1E3DD43060C384844DC2F2DB514EE59C
:106C500075F1B2CB6307B7F80533D08A7297C71BBB
:106C60006E6923E009953F16CD59918442BFE842F1
:106C7000378324C215BC81DCA410CC73FC3AAB571B
:106C8000A42D376602494E73A3B579D91B37650524
:106C9000FE6E0C5741EF91AA49C8365E7DB88261FD
:106CA000D108EC9F1F32915AD3826EF86A9986B947
:106CB00076D5150E0F7E8C2DA4E6007F0092E9E1BB
:106CC00065D8B979ABD29259D70B11BCD9010E71E5
:106CD000E36F8C8562A45E8A60FC665F9BF92C552D
:106CE0007729626FF913B1DE0A64ADF581940386EA
:106CF0002C24439C3BB07E9A5378813D2C0617117F
:106D00008A9D69B2FBDD4CBB4ED4ED0A6DEF2F9D21
:106D10004BCAC3886C32D830AD00467E01BAA35846
:106D20001F21E00CC756121A7C9F22EFA19E29EC6E
:106D300049B1DF94859BDFDA7A3862477C0EB90F60
:106D4000B3137BC61CA7A715268F8A977E0BDFC4BB
:106D50004E66244363428F443E81209BD607FD60EC
:106D60001115EC1C14B79FB92DBB1F4E2E9EF4DBE2
:106D7000D12086B6A4F54200CEB19BA9C5ABA0B187
:106D8000B98D54E1C74361CA134EAC53FDFF51CBDB
:106D9000DBCC4C5D99439F26B3FB62EE35E32BE1E0
:106DA000185E5B42EE86F7710159C9C51B1007ECEE
:106DB00081BBC1FC1B1D2711E064D86250721CA26C
:106DC0005EC57A0F7CF249A43AC7E4CF22CD687A37
:106DD0002E86A024F6040339B5FE23DBB72674E221
:106DE000D0A0ADE59332A3976806BFDCADA9CFA5CF
:106DF0005871246330FB609CD6D289534422D35B04
:106E00009CB51C5DDFDE398BA6AF15B237A4BE6A18
:106E10007A16DCDC246EBE639B4B709A00BDA42BFB
:106E2000168D7441602DE52E8CA4B69079F3180967
:106E300094DD88B908A31DC5954CE1224F86419980
:106E40007A77754BCB666C04B6DD04CA73BA8B6077
:106E5000DF64FCD6893DC12ABB5254BE239D70F12C
:106E60009676FC3ACD79477C5D54E77AB80BA53C21
:106E70002DCB71307EE402841321881B81ACD59226
:106E8000DC90FFBDF9AD0856B61C111C6D6C90313D
:106E9000FCD9614EEFA8A922976D110A919D54006B
:106EA00018097E7A3700E5668E6C1D54ECEFD3B37B
:106EB000006E84417D97C1A8A7F209DFA7F1C61D26
:106EC0008101F930B23A77153883DA4838B0339F08
:106ED0002402F7F8899398F8033E23BA9B4A27784F
:106EE000152558D5BFC678BE086C1A5288EF76268D
:106EF000C41CD5B168727575FD16A853FDFD1F3C05
:106F0000B325284B4A3038B51863DE6F6FBFED0FDD
:106F1000525C72E228D73809C1A64310DF5DA31D79
:106F200007E3E990550015224E3772D0A7DF90682D
:106F3000085907DBB777734E3ABC008612FC37DD81
:106F4000A88E4AA361EBB2BC97AA535E36AF2F4915
:106F5000CDC73B61C7E2D0FDD184D770BBFD3B9F5D
:106F600063DA33E73DC986070B17A1535818BDD71D
:106F7000E33B617022DF39F509BB7C51F54972941E
:106F8000CC5E61178841063EA592F188F1ABEE38E0
:106F90006DF7A7EE4F63EC7BF5B2A0C4F65230A9B3
:106FA0001AD72AB4B801F919BB085C790A4DB92B74
:106FB000E2F6E667713F1C936F7C0142F0AA93589A
:106FC0000C7CC263B15C1A446F9A4E259B76FE8995
:106FD000BEC2E506380CB6AB4EFBD72D1AD9BFA4FE
:106FE000D08356DFFB1806AD92146006A6F16E231F
:106FF00081275A3A951C42F91CAFC82D4823C596E3
:1070000054C9AD8E19C62018B32143ABC9C053343F
:107010009A22FF5CC95F8E692AE8F7680F7358F0FF
:10702000D70FE4716670511CC52115711AFA59BC4D
:107030003F019951C4C800D6D48CF190AC0F9D0784
:10704000256C8353EC4DEC5207B127B1AF81226A16
:107050007D6DC387AF0A7A889B4C526B97ED708524
:10706000AA0C6CD35918EB0A4F5E2613F583D6048D
:107070000FFADA02C85C833D5F037DC4BD98D16E10
:107080009A2AE2225A530352F771F6A29105BB2EB7
:10709000A066A77F67AE14176D77977A092F3BE933
:1070A0009CD794BC8CF2B358E5B947CF57F2AC1FCC
:1070B0003440EE1B8302E9ED6B5CD308A060014312
:1070C00067E84C0DDDCCEB7B4A283FFD9C3A361F30
:1070D000887BCA7CAE32934AA616FBA11F26246B7E
:1070E000BA5088C96F5852BAD093C99AEA2667B382
:1070F00012D0030757C536695FA6FBCB0D65D85C78
:107100005EF90872B01829F4643B37A7ACC96298DD
:1071100063A90A6EE27FE77D85380EC1114B8F6B44
:10712000A5C861A89640455F87638BA18201025084
:1071300056463C3A988136EF2D0A1C38F5638CEAA6
:10714000008B0985E2E43AAA5A8E9D3256F889826C
:1071500029BD25FBF032C9EC2500DF4E1FC40DB15F
:10716000BBB7798FB13DF1D496BBFE9CBAE4EA5728
:107170006E3B86A029F823EA187E2EA02563E23E06
:10718000BF641A004D8C24DBC339D2712CBB4D90E7
:107190006408D594B56AE990183955C4D167F84A9E
:1071A000BC2A2C823CC60FA9E9527ED873B207A034
:1071B00077EC03B18F00EB461CDEB8966CB450132D
:1071C00072EBD92975086B09E38F2E166DFFE2C6A5
:1071D0002BB2FB434B27B48E8FC5D364BA18C24C75
:1071E000DFBB4005A39F137C5D60A571FAC546CB4C
:1071F0002E184AFD79D851C0BC3A5647E083F45660
:10720000BAB82404796955D7FE577E3A7FB8FC7224
:10721000EEF1DEBD1C5AB9E2CA36B74F7205C31F84
:107220008384DEEB7DE2EEE4D67AEED471D2903246
:107230003B2A108DD10B768351B03FAB3B003D64B0
:107240007F58C3C1831B49F389E47BD2F1E3B04D7E
:107250004EBBDC46B6B70ADD17A72E1118D4A765BA
:10726000DF75F773F3F1A9ED0F1F7328449420B570
:1072700043E8009C60C6AD602DD54FAB0C07E35EC4
:10728000CEE75F5900DDEBCC0612F16500279FF0D9
:10729000DC1350A3834C8849BD615A576D26B1EC6D
:1072A000D84CEA89048509AA0AB98B0DF873C9AFCD
:1072B0003FCA3343D0BADF86FAB2102408EEF25147
:1072C0007DEE8EAA2B992FBEE1D0A40718E5AC5E07
:1072D0002E1B7A31F4A7A446C4A5FD33B673777785
:1072E0004FCF6FE3063561116A56CBB1B4FE119BE7
:1072F0001F66C64B89097BA7B99883D5D8BB82B3D3
:10730000728C2718CCAD220AA9F6D787111C1D60F4
:1073100006FA7DAC19A53FF7B7A28E441340033699
:10732000B3A23BA95189E24A5E8B007150CC40ED7B
:107330005C0028C78A9066787A61BDD02764931A6A
:10734000E6A3AFF8EF1637323B0A9482C13327B376
:10735000982DFFB7F1FF9C14BD9606692BD563DB12
:10736000740926C20D6D4717AC96FE283CA893DF22
:107370002B98B5C3985365EB0A6E7C365D9C8F9B4A
:10738000B07A36D94D0BE212230E1951570FFAB2CB
:10739000F202A0FD7D671FA576092722EA3C5A3F2D
:1073A000453144ED5BDD1C076882910230A5EB623C
:1073B00048560275661BCC140060E0E2C300175308
:1073C000020B33261700E95D7904579982FFA0ACC0
:1073D0008ED5D69D78549E011201E4EA77EF4938A4
:1073E000B4B4B0EF2F75A7E433207200CE58E80292
:1073F0002CB1617F50A87FED27515E7CB7ACE5DFF3
:107400007155434FE1F988DD327B0836A607D62057
:107410009333893B97467A4772A2BAFB0926447C8C
:10742000921A3ED27E007D81731DD528694EA2310D
:1074300087932BEE39F3231E72F4CFA141EC54EF66
:10744000FD0C9DA886B2D50C5ABFA2F484931CCF24
:10745000DA2E8FE0411CF826C41837375C3F65C927
:107460009CAED4573A3F7A359481A0D157EDFFC3F3
:10747000AA8C31593A7F0102074C5A360260A15456
:10748000FD2FEA8B83243A2F06D3A556674836DFB3
:10749000AC2F7CF9CC75CA66E92B827E3E79827B63
:1074A000977E0A39CA854410B85B4E7A3819B7B14D
:1074B000A913B7AE60BA9EDC2469FC40FF8D13A708
:1074C0004E595D25BCF9D0D3B9BA758B720CD73F34
:1074D000178FB819E1BB4BD12EDA87F9953B3FECFA
:1074E0002CB7A174947E55C3E81B9A90A7DA83D376
:1074F00003C891ECD12D3B08E43C0C977C33329DC2
:107500006725D70B937127882C986392648C5C6EE7
:107510007B73D4136082AF714828DB8D8387B20BF5
:10752000992837E7F8B6896549EC3C7CE7DDAEF38E
:10753000FDFAB8BD056BB165C8D7F6893E41005B61
:10754000AB9B2AF75566786764BD1F4A94E6849919
:10755000AB4EB7C14EE68D9E24754BCFA1C2016ADA
:107560002E50E0B93DDF41355F9C83A558FE498F21
:107570001A3F883DAD03F450DFF7A07F41B0A7E28A
:10758000F7631EF47D34DBB1C4DE7C9B33D04374DF
:107590008CCE57FDC9497272D690BF33EFF3A7D294
:1075A0005528FA82A2D60BA7DF3965E4CE017515FE
:1075B0003DF9BB79E957A8F57932E5FBFBA2FB263B
:1075C000319E7F7837CA2E27C821C7FDFAAB56E215
:1075D0005E1910835A506AE06D52D56DC0BC02B975
:1075E000CBC58A886F45BCA2EC972502EFE41E202C
:1075F0007F4B20CCC74FDDB36E059252FC1CC340BD
:10760000CD16A1E33416687EF8B9228B3EA7733FEE
:107610009CE724E15AC393645FF98990A7039BE632
:10762000F76E87126ABC03C1A376199E96E9C54717
:10763000F7A48188B535D78F14C44D5851C4B015FF
:10764000E62B63DB6FE01F947793CFA1B05FDD3F44
:10765000551038B75ED673AACD6DCDD08C52B0F12F
:10766000C5277B7D401D96A777B565184374AFA1EC
:10767000038AC8C5CC8DFE576EE8175D006AB1EE6F
:10768000A8AAF9A36C73E5A3EDCD05719C8ED26E0B
:1076900088DC25C54698E53F5BA66CA77760221776
:1076A0000B6B2A872A117C335DA9FE901A618C1C12
:1076B000950794816523956655901439B027E6BDEA
:1076C000174204EEDE4F15FF525F0143391D583952
:1076D000AD0B51D5E76581933420FA2746EACC6596
:1076E00026A08C6AA8A543B4C14D85B64D5E2ECEAA
:1076F0003922F277BA463FD2AD45F75273BEB8D5BC
:10770000FE3019A9B09808379EFCE664749ADC72C2
:10771000669B336EC1949C6B2541F9225B54157EA8
:1077200043CB3F76C6EA3B85AD41CAEC7A76690029
:1077300053370C9D4D034068EBEF5472E56C2E32CD
:10774000F61C2CB52FBB8ED1EEDB7F23BC7F67B23E
:107750003E25A601639E7E8AF3A427C4929C11F263
:10776000686F3740232F77A971B08371B51B3AC971
:10777000FFE46140D1B776E4246267407246A2AA72
:1077800057043099BF4D518229321343C3DFD5F6D8
:1077900065BFEFD9EB41A0D54CAA34CD10ABB34DAA
:1077A0002557E4CBB422235F096F7C12ADD2E207E8
:1077B000B0FBB175012368F0848BA0B623A2A2DFD1
:1077C000D4A1C756AD5C8AD1F0E55B500DCE99D0FF
:1077D0001A2BB98C41D724630E19CBA0F5E2CD71D9
:1077E000D654C9AF491BDAC5718E449729E1E576B5
:1077F000ECCF183CF54DB113FBF14F6E2C242C7AD5
:10780000BEEDEF586588B116319D8F258B696302F7
:10781000E22A15B0699907E7D08C6FD9F0E568B313
:1078200066A0683E63F59426582C9F65620BDBA228
:107830007D7CD7F91DDE9CD4838568BE53B5C58693
:1078400025623BAADD3B97AA8D4A42241D35277E3F
:107850001BECBFF95039D11A5D2742AAE2F6AC926F
:10786000A6792541513E7CBBF17FCA37248D95E234
:10787000C736C0971F222F1E8CBD8EEA097A76B7B5
:107880005403A633EB11C7AAE8772CE46F55D6F45E
:10789000C8CE3A00726557B982EDA70736F08FEA75
:1078A000E8E6634566442B42D9D898135D833210CD
:1078B000440EF8BF6848CDAD186811EC2F84DA2467
:1078C00039512121B3662F54B5334692121CCF9DF6
:1078D0001A3A1CDADC616099DD5E784E5AD1BC4CF4
:1078E0003B3B2CA7191E30635F0E3AA53826D530D6
:1078F0000DF4AC000906A05799A5D57E3849EF597B
:1079000029024ED56928344BF3D78A67456E2F304C
:107910007F2DEB1BA6F43CC1BCBA35A7E10F7B1B46
:10792000F81F72EAFC08C567A3AFF15604E5B7ED8E
:1079300049CC7E526FD802BA2946280F2C81478C39
:107940006234AC0C8E8832070C30018FF65F226BEC
:10795000429BD6996B4BDBA41715D6CCFD1A53046A
:10796000CE62612A4926A783306FF9CE3F931C2A45
:107970007AF114ED71440BB45A293A82DB65BB0FDE
:107980000A9DCB2EE2FF5AA9331D0FF377573B8B8D
:10799000384B16EBEBD2614DF8ABA65AA1A86DE5BA
:1079A000EA78A379F0070C8B462B60AF9DEFE3D00C
:1079B000D4FCCA833241DA459BC9143D39F1A64053
:1079C00051DD9A2F908CD4261BBDCFF91BF58A3F31
:1079D0009C0205E27512FACEC7672136FFD608F37E
:1079E000FA599558DF8951BB3978979FEB5EA3010F
:1079F0002472E8C21A62D68EF88AF60D85C0CA27AC
:107A0000E2E1918BFEA5546230E68BEC01722F0F00
:107A100038F1A2FB03ADDE5BF7D13EE226D0BAAC73
:107A2000868225E7EBC8E1700E4BC6067DC03A653D
:107A3000F78FD6AFF88204D4F260C458BF0B5F3022
:107A4000F88C283A4D71AE46C7410E1F70EB714954
:107A50008C45F00AC78589423D35B043DCE64105D7
:107A60007A05A1BFEBE2CB1FEE63C6B553B87F0D1D
:107A7000F69D7AFCBCA82221207B1C9BDEBC5F54B7
:107A800010681DCC85AA2501416AF99FD337F356AA
:107A9000A2EAD784191A3B769B26F0DE113135F025
:107AA0009088366BDD91670D2412734862F3EA4EBD
:107AB0005BD41ADA3384C6D86A3E057F860CAEBA28
:107AC0002E5FA382B66DE3E6954E3353D349EAC5E4
:107AD0001100A935FF9EB76ACF1D0D033CD91415BF
:107AE000158FB54136A1BF3A3F6000412D896BDB50
:107AF00003D36553DF6F26EE0E20DEA1952704EE3B
:107B0000411F4CE335BC43F847A467409C9DFE8D64
:107B100044B31C99AB6EAE96FBBD179682401BD149
:107B20003BCCB8C66F16634AB8A7B95EDC39E4210E
:107B300044E0AB763F4BE337B7CA59E3BB8DB39F05
:107B40006CB6186C581F2FAFDE004F8FF95FE299AB
:107B50007B153DCE3D310C39B593449DD8FE9988B7
:107B60009A63911F3C02E02B3E06C9FC4074D893F7
:107B700024EFDF7BDC549AD00CF8555D4BC9B25A28
:107B800081968F23FFE101549C7134CBAC81FC14AE
:107B9000673E9B5CFEC5D766C4C6FB1365A40DB5E6
:107BA000DD09A85E2223C546AC32250E459B5FF059
:107BB0003C855AACDBD9E8F8AB7A1F71A7D7C375FF
:107BC000962BAD17A8FD004C28A845B67F6F651D04
:107BD00035DE2EBE643213EB66137912677F08FB25
:107BE0005155CB2F78E10306189A23864D8C817C62
:107BF0002EBD4BFFA342F4DEA44BB06FA4704D1C0E
:107C0000345D15C91CFE5C40448A2889E071387ACD
:107C1000E01379A8A1E9B752F4C4ED189C841B7A4B
:107C2000BFD40300B1A8645956B5DB81CB4276219D
:107C30005320831E9D13E9890AB8CCF73F9D671333
:107C4000D1E2F70BA29E4877044AD621AFB7E5955B
:107C5000470C8B2BB17E3C128E1AC9F14B64D45465
:107C60006E6CB3D11265F4069DAA8F71E48F3C4609
:107C70009AAECF54563E5CA26B6B18B01D92231A7D
:107C8000328918A40B64F5EDF65EFDAA42E97C2961
:107C900040583EF304BE93CEA7B55E6EC34EE9D600
:107CA00074598160455BA1C0B892C396946E295205
:107CB0002A533B459F2D37C6D9ACD61E36C82C5A01
:107CC0000C56C461AD663D02323A4231AE8714248F
:107CD00015BA3B9E3A411320A604489C32277DBE2C
:107CE0009F72824A9B3BE606F5061E3A2C5F817422
:107CF000CE1B1AC024E599C4E1D463B32EC928CCA5
:107D000061848E403514780A5A4330E78EDEE09D58
:107D1000D944E9C95F5CBEC65458375DC06BC774AF
:107D200057858D914B554FDCB1D562AA8349527E60
:107D300025D0DFDB3B0A11AB3F2F3D161D5395E2EB
:107D40002DEF1C3588DFEA5672D185C535A38A6CC4
:107D500025240BF83DE7D17C7359B0BBD5AEDEAA24
:107D6000DC98D4BC813C94F3E08C00FD44D11143F9
:107D7000962DC2DD392F933ECE459E3F58AEBBAB0C
:107D800090B9AD971FF3215E842A49EBAB6D65C1B5
:107D9000CFDF4221E01FA06914898642D2F2AA31C6
:107DA000129F015EAF658CC18B5581C7EEA953064A
:107DB0003B161AA291DAE0C6570531A6F9B9D2A846
:107DC000968BE50F52F6666000AFB0512FA81E8368
:107DD000C95C50387DF88F6B079DC2D5C615DE4F44
:107DE000A3364C8A181F55A0295C954E8CBCB970DF
:107DF0002E9CF9116CEB98B6DFDCCF631E7ED9891F
:107E0000822013DDA4AD745CB7EB2CF01F4E8836D6
:107E10000BD4730AB73CD74A0C5849D7418EF08B24
:107E20002C260295F8B947902156873B54C278C852
:107E3000AC50E3B3000A25B2521EDDFA45B72C91CF
:107E400045D6C99DB39AC2BD699F43AEDDE36D6857
:107E500037FE3BC3EB5E72A86E4A6A4477FF4BC99C
:107E6000E59ADA7D35B1E6C676B1D86435EEA22D55
:107E7000A1892EAF72AF4FD8949F4CEB4997678181
:107E8000CD2343272DE92BBFD10583BBE88E0FD52A
:107E900063003D3E7B1356ADBFDBAA6275ED5BCC44
:107EA000C6A5743F3E8718063DA4C97DA358D7BA1E
:107EB0005E4E1411C5386C47218AB5BD7EB5EDC53F
:107EC0000AF2822A05D8D359A3BC529F99A96AD62F
:107ED000BF3D848300CFE049C30A9E42559569A9FE
:107EE000B20D194954910E0EE4DF1117A731CD449C
:107EF0003CD73053FE8A87C5BC20AD0DCDB7C53900
:107F0000FF6783A6C89D316B167FCB12CFC3E30AF0
:107F10006D7001B4D0EF418E570E5551D1017E687E
:107F2000FAE9B487CB54027B63A6F5BD730EA70BA9
:107F300084221DEC88562302E2352326A05ED1E57B
:107F4000A27006721D9193C0341B69A4CBCC4AACBD
:107F5000F7953B4AF08BC23FA1D3381A59097155A6
:107F6000753AEF7F2E099EA9EFE2259D4D271E331E
:107F7000F4CADC9F637176CA1A09092759BCEEEA74
:107F8000D2004B401E9A5BAC32C9CFA722D37D757D
:107F9000BCF36671B80222EC996070F7B45C3FDE06
:107FA000F1F81490BF62B0CF4FDC770288C6631C33
:107FB0009D1EB4FDA6A7BBA2FCDE1A8BF570036C58
:107FC000EAFCC8811F7D52E30A23A2F366DACF1FC1
:107FD00072950E0B1E01D121FF268B14B8AC815275
:107FE0000CAFB769AEFA7F24F534DC5356C15C5C44
:107FF0000D2436F8449D65D9F440C80D686A9BE8A5
:1080000012CAFFA1B250E6B1F9C0CA19B3F39BC9B5
:10801000327B71B8E920CEB9E259AD52659EEDEFE1
:108020001DF0A84A67CD86EF6BBF503871CDBCAC50
:10803000AB679C336D17982E0DD7CEE06A2C148653
:10804000207A18215899BD52271F8CD8968D889078
:10805000171CCAAC591628D7481017F1B0C8E168E8
:10806000682F658C6DD77C30D38EB9C71D3271BE39
:10807000908F988C11BF58B4E9909F00B34E28FFA1
:108080003AEB1D47753FA148C992BB11ABF10A22DB
:1080900090CFA01F1BD659C63EC8046299116A1919
:1080A000B5CF6CFBAF0A52281B87D2FC159D0E7D05
:1080B000014E66CA75331DF7F51DAC916641A08C63
:1080C0004AA9ABB64673C1D775980FEA8E04E81D6E
:1080D000A484A15E63C15625036E3FF12D4C4A9FD7
:1080E000A87CE56420E60222723A42E2D98BF70DC1
:1080F000133EB7CFA8BB6800876125A4D1A3DA9F40
:10810000D7DAF2CC90B75B9ACB9A1E90762BEF3AE7
:10811000423EFD03953AEC365F1E1A397829C29E1D
:108120001891CEC8CC605D450B1FBB44070AF10E09
:10813000E386A4F551F05319FB6E63FA01F0F721C1
:10814000E0B581B39FD81173865B21A327B08B8ED6
:10815000BE2FCCC98DFAA0858631E499616D751E5C
:108160003CB8406053A47F939DA66F41FC2046001D
:10817000AEE8E2760612FD71B4735241F37F283502
:108180004396D41C7F1E9F5DCCB8ED970F1758EF18
:1081900003E03D460F6D42ABEF47E3435DA2B3966C
:1081A0008B3E783214B8453DC215862E1C418E4256
:1081B000422CBF436D3E823EE6789740CB3DACA358
:1081C0002914DE1D09E9F167B743AED0479A3C6236
:1081D00079A507E10C5FF256E1A9E696FC2F83C072
:1081E0002E15486ED8D03FCD002D2C1AAB5A00D298
:1081F0006BAF17E3AFD5DC6F5D950794936ACADB6D
:1082000071BD9AB08988BEACAC9B1B245835B83D73
:108210000363D724195FFC93D2548B84922B3B25A4
:10822000CE352A4723098FABC65A125A293E882CCD
:108230004C5677668C780C237C2505BEE37DC1DB2C
:1082400074CD0A23C25E047E6AABAB845C4FFB81B3
:108250005192A789888359B8E4DC894B7C4660B782
:1082600090C2204FCCC270CB0B885874113C346C38
:10827000011367C7E4E334351EDB0C08140D8516C3
:10828000D876A23026D6D5524CE047991489F0AF63
:10829000D2DD5D4E0942027EF14CA333EF1C308BE0
:1082A000023A673B8E377B2043460615D2AD1DEA66
:1082B0008A517F3F1C2DBF669107767612CBF2F272
:1082C00094BDAC6C4F5210E1D27B8406F29BA87136
:1082D000787E77E5D533E8A1172A7AE1097F9EEE0B
:1082E000F3DB470742E1C685882E7D2C9A945379AB
:1082F000C027F8B322F7D3358C050DF0A42C4DB66A
:10830000FA05143547B0669EA344ED1B65EE5C5933
:10831000F004858E15C5247F3EC9A4C02998B5DD1B
:10832000A6BF704B5EA36AB2328B1C52E1EAD456F0
:10833000AB22B9A64055D2A450016E0675DFD076A7
:10834000227B5253DFEE6D4232BBA7599AAD37B450
:108350001BC09299F7B84803CF61A722FD6008EFD0
:10836000DD918A74CBCD42BE8907C85CD9BB4D2B49
:10837000846486749591694C951384530C13E0279B
:108380001FDADD2692762AE29FAA2816081719D648
:10839000E07384A3786CBAA9A0F5750E50BB589E03
:1083A000350E68C749C56638066FF1C3996D3E8DB5
:1083B000E5781B858C424AF84BA9B536542C351309
:1083C000147DAA5081847E8A45839E0F927E3FA2AF
:1083D000F32CB34CB7374B274DA92541E1508FE41F
:1083E00012C8090DA424ECFCC6E4CD485E65DD206E
:1083F000B1C09139C56B054C8B2E679B6A9017EE07
:1084000079DF2E6C38C0CF38ACABFBDFE3F69C08CD
:10841000717087A51174AB9AA75251FF008589FF2F
:10842000982E92E4973D9E3FB1DD56D750DF8917D5
:108430005206105F66A22AD822DFB21AA13727415E
:108440003652BAAA3A706477ACA9EE1D11E422C77D
:108450000F1395FC5D948D6024991A4BC8E2231884
:108460008D65A24E3050BE9822C599DC699E93F569
:10847000569591C4BDA4CDD920B5AF0F2640CB7A77
:10848000EC52CBA5272D5B656456652C89BB311456
:108490001422938512FC276F3C50870A97B7B4A427
:1084A000CC2921B7D7EAE29582E3DFC650CF57A1A6
:1084B000AB1D0C6631C8CB9BF679E733A29650A969
:1084C00059339B4C0A2D1865186A3B180150687780
:1084D000D823035947CE486B215BC57C6713289886
:1084E000A3F650498F2BA69F385A74E7D2CA12CCF4
:1084F0000CE469D800FE6E121CB72829F32D19E888
:1085000087F09B129CB1FCD9DAEF7667658D6E44DB
:10851000EAE08D7576A93028120B6FF52EA8CF0AE8
:108520003A51A20502489600E34DC294BD95B7C4E6
:108530007C017C279A67CF19FC4A0C8A0226733A81
:10854000E9B1DC8BA0F754DE1700E5DDA0A2A07036
:10855000C002FABB00C6A73B1F5F28644126F5C2D4
:10856000F6437C8690E746A24570D1BCA34193BAFE
:10857000681DECDF412457C23BDE52C83BDD1123AE
:108580000D60611C63E1B11E92158218C013C5967F
:108590000BD3298D659C17155CBBD6AC20140B360C
:1085A000142D254AB8AE72C6A41AB51CB5C6B74577
:1085B0001C311305CCC8FD07438CCA34642F00A0BE
:1085C000D023283B9B35F612AFA8A8ED9412B7F143
:1085D000154466272444A8B620CF21FDD421179A3C
:1085E000FF3F6D924D1438150FB39E4558A1F88D7D
:1085F0001CC4AB3777166AC6849E8CD6FAF1BAD201
:10860000F8C7EA8E4D51ACBCDF456A8FEAAF2FA7A1
:1086100032B5C29C042154B04C934C19D5BF796536
:1086200010351BA7E2DC28DDBE8EABF5EC85CC60F7
:10863000F829E624E2A2CC4EC4544FB8C29CF09371
:1086400037850846E120EF6D2CF088E491610D0D2F
:10865000F49BBBB4C399022C942EA3EC02E04D15FD
:10866000AA40C8D2E0CC2A22FE2AF36407B467A24B
:108670001C37B4D59714512DF3822E66C929DE3DDF
:108680005B79C0B69F8F1B67B100FA9DD5C1A8DB8F
:108690007269E071371A1F6237EDB072934825E0B6
:1086A000CFA69296D1DA3439766F2B44FB437AFC0D
:1086B000289A9D56C73336890EBBBF2334B8FCBCFD
:1086C00005FAB1562BE2C6B9E4028C8AE066324D57
:1086D00032F5B2AD48C23584E76275D49BBFB8B9F4
:1086E0003D3A335134A39BCF14D86CEFDA2CAE4B08
:1086F000ED03AAE95E346FEE13B28FC2016AB06F68
:10870000BCCEA0E09892EC48C63E59376FD98DD3C5
:1087100065E3E53B2D210B1E23FA7A193514482C0D
:1087200033D3F26F0AB7DCDA5334D35E17798DE8AE
:10873000622EE20C4E56E6CB4EE802C8C87AB17EF5
:10874000774CF08437062C019C4E57CC11245405ED
:108750005B28DB4107C99EDD771B9EE2BC1AAC8615
:088760003CADFF7F01000000A9
:10876800000000005521E507E5559A15B53B121F95
:10877800FF0A04004097FF1F08000000FFFFFFFFEB
:108788000100000009024300020100C03209040090
:108798000001020201000524001001052401010165
:1087A8000424020605240600010705820310004080
:1087B80009040100020A0000000705030240000046
:1087C8000705840240000000120110010200004069
:1087D800C0168304750201020301000004030904A2
:1087E80018035400650065006E007300790064008A
:1087F800750069006E006F001603550053004200B3
:108808002000530065007200690061006C000000E0
:108818000C03000000000000000000000000000041
:108828000000000000000000000000000000000040
:10883800E887FF1FE887FF1FF087FF1FF087FF1FEC
:10884800F887FF1FF887FF1F0088FF1F0088FF1F9A
:108858000888FF1F0888FF1F1088FF1F1088FF1F48
:108868001888FF1F1888FF1F2088FF1F2088FF1FF8
:108878002888FF1F2888FF1F3088FF1F3088FF1FA8
:108888003888FF1F3888FF1F4088FF1F4088FF1F58
:108898004888FF1F4888FF1F5088FF1F5088FF1F08
:1088A8005888FF1F5888FF1F6088FF1F6088FF1FB8
:1088B8006888FF1F6888FF1F7088FF1F7088FF1F68
:1088C8007888FF1F7888FF1F8088FF1F8088FF1F18
:1088D8008888FF1F8888FF1F9088FF1F9088FF1FC8
:1088E8009888FF1F9888FF1FA088FF1FA088FF1F78
:1088F800A888FF1FA888FF1FB088FF1FB088FF1F28
:10890800B888FF1FB888FF1FC088FF1FC088FF1FD7
:10891800C888FF1FC888FF1FD088FF1FD088FF1F87
:10892800D888FF1FD888FF1FE088FF1FE088FF1F37
:10893800E888FF1FE888FF1FF088FF1FF088FF1FE7
:10894800F888FF1FF888FF1F0089FF1F0089FF1F95
:108958000889FF1F0889FF1F1089FF1F1089FF1F43
:108968001889FF1F1889FF1F2089FF1F2089FF1FF3
:108978002889FF1F2889FF1F3089FF1F3089FF1FA3
:108988003889FF1F3889FF1F4089FF1F4089FF1F53
:108998004889FF1F4889FF1F5089FF1F5089FF1F03
:1089A8005889FF1F5889FF1F6089FF1F6089FF1FB3
:1089B8006889FF1F6889FF1F7089FF1F7089FF1F63
:1089C8007889FF1F7889FF1F8089FF1F8089FF1F13
:1089D8008889FF1F8889FF1F9089FF1F9089FF1FC3
:1089E8009889FF1F9889FF1FA089FF1FA089FF1F73
:1089F800A889FF1FA889FF1FB089FF1FB089FF1F23
:108A0800B889FF1FB889FF1FC089FF1FC089FF1FD2
:108A1800C889FF1FC889FF1FD089FF1FD089FF1F82
:108A2800D889FF1FD889FF1FE089FF1FE089FF1F32
:108A3800E889FF1FE889FF1FF089FF1FF089FF1FE2
:108A4800F889FF1FF889FF1F008AFF1F008AFF1F90
:108A5800088AFF1F088AFF1F108AFF1F108AFF1F3E
:108A6800188AFF1F188AFF1F208AFF1F208AFF1FEE
:108A7800288AFF1F288AFF1F308AFF1F308AFF1F9E
:108A8800388AFF1F388AFF1F408AFF1F408AFF1F4E
:108A9800488AFF1F488AFF1F508AFF1F508AFF1FFE
:108AA800588AFF1F588AFF1F608AFF1F608AFF1FAE
:108AB800688AFF1F688AFF1F708AFF1F708AFF1F5E
:108AC800788AFF1F788AFF1F808AFF1F808AFF1F0E
:108AD800888AFF1F888AFF1F908AFF1F908AFF1FBE
:108AE800988AFF1F988AFF1FA08AFF1FA08AFF1F6E
:108AF800A88AFF1FA88AFF1FB08AFF1FB08AFF1F1E
:108B0800B88AFF1FB88AFF1FC08AFF1FC08AFF1FCD
:108B1800C88AFF1FC88AFF1FD08AFF1FD08AFF1F7D
:108B2800D88AFF1FD88AFF1FE08AFF1FE08AFF1F2D
:108B3800E88AFF1FE88AFF1FF08AFF1FF08AFF1FDD
:108B4800F88AFF1FF88AFF1F008BFF1F008BFF1F8B
:108B5800088BFF1F088BFF1F108BFF1F108BFF1F39
:108B6800188BFF1F188BFF1F208BFF1F208BFF1FE9
:108B7800288BFF1F288BFF1F308BFF1F308BFF1F99
:108B8800388BFF1F388BFF1F408BFF1F408BFF1F49
:108B9800488BFF1F488BFF1F508BFF1F508BFF1FF9
:108BA800588BFF1F588BFF1F608BFF1F608BFF1FA9
:108BB800688BFF1F688BFF1F708BFF1F708BFF1F59
:108BC800788BFF1F788BFF1F808BFF1F808BFF1F09
:108BD800888BFF1F888BFF1F908BFF1F908BFF1FB9
:108BE800988BFF1F988BFF1FA08BFF1FA08BFF1F69
:108BF800A88BFF1FA88BFF1FB08BFF1FB08BFF1F19
:108C0800B88BFF1FB88BFF1FC08BFF1FC08BFF1FC8
:108C1800C88BFF1FC88BFF1FD08BFF1FD08BFF1F78
:108C2800D88BFF1FD88BFF1FE08BFF1FE08BFF1F28
:108C3800FFFFFFFF00000200000000006894FF1F14
:108C4800D094FF1F3895FF1F0000000000000000AF
:108C5800000000000000000000000000000000000C
:108C680000000000000000000000000000000000FC
:108C780000000000000000000000000000000000EC
:108C880000000000000000000000000000000000DC
:108C980000000000000000000000000000000000CC
:108CA80000000000000000000000000000000000BC
:108CB80000000000000000000000000000000000AC
:108CC800000000000000000000000000000000009C
:108CD80001000000000000000E33CDAB34126DE639
:108CE800ECDE05000B0000000000000000000000A2
:108CF800000000000000000000000000000000006C
:108D0800000000000000000000000000000000005B
:108D1800000000000000000000000000000000004B
:108D2800000000000000000000000000000000003B
:108D3800000000000000000000000000000000002B
:108D4800000000000000000000000000000000001B
:108D58000000000000000000F88BFF1FA495FF1F13
:00000001FF
