:1000000000800020BD01000039170000F516000037
:10001000F5160000F5160000F5160000F5160000B4
:10002000F5160000F5160000F5160000391700005F
:1000300039170000F5160000A1260000A5260000D3
:100040003917000039170000391700003917000070
:100050003917000039170000391700003917000060
:100060003917000039170000391700003917000050
:100070003917000039170000391700003917000040
:100080003917000039170000391700003917000030
:100090003917000039170000391700003917000020
:1000A0003917000039170000391700003917000010
:1000B0003917000039170000391700003917000000
:1000C00039170000391700003917000039170000F0
:1000D00039170000391700003917000039170000E0
:1000E00039170000391700003917000039170000D0
:1000F00039170000391700003917000039170000C0
:1001000039170000391700003917000039170000AF
:10011000391700003917000039170000391700009F
:100120003917000071050000391700003917000069
:10013000391700003917000039170000391700007F
:10014000391700003917000039170000391700006F
:100150009D130000B9130000D5130000F113000037
:10016000391700006D1C0000391700003917000016
:10017000391700003917000039170000391700003F
:10018000391700003917000039170000391700002F
:10019000391700003917000039170000391700001F
:1001A000391700003917000039170000391700000F
:1001B000391700003917000039170000574B4CF26F
:1001C000205210B5DA814DF62812DA8100BF00BF47
:1001D00001F0B6FA524B4FF010621A63514A9A631B
:1001E000514ADA63514A136913F4807303D153619E
:1001F0004FF4A85313614E4B9A78110703D59A78A0
:1002000042F008029A704B4B4B482A221A704B4B13
:10021000DA1C121AC11E22F00302994288BF002282
:10022000474902F047FA474B4748DA1C121AC11EE9
:1002300022F00302994288BF0022002103F040F916
:10024000424943484FF4DE7202F034FA414B424ACD
:10025000802103F8011B9342FBD14FF0E0233C4A7D
:10026000C3F8082D3D4B8A221A70A3F5805324222F
:100270005A70A0221A709A799207FCD59A79D406FE
:10028000FCD4374B9A7902F00C02082AFAD10322E7
:100290001A7140225A719A799006FCD5304A9379A6
:1002A0005906FCD51E4B2F4959640221996420211F
:1002B0001170917901F00C010C29FAD12A4A5A6087
:1002C0004FF0E023294A5A6100229A6107221A61FD
:1002D000274AC3F8202D62B601F088FA134B5B69F8
:1002E000DA0705D5234801F075FA234B234ADA6172
:1002F000234B1B785B0609D51F4C204BE2699A42C1
:1003000004D11C4801F066FA0023E36101F01EFAF3
:1003100003F040F901F0E6F9FEE700BF00200540D8
:1003200000800440823F04000100002B00D0034005
:1003300000D0074000E007402087FF1F588DFF1FB7
:1003400060E60000B896FF1F588DFF1F00000000F8
:100350000082FF1F00E400E05FE400E00050064080
:100360000040064000000301C0100500FF760100B8
:10037000000020207E29C86900E00340A5C3945AEC
:1003800000F00740FFFFFFFFFFFFFFFFFFFFFFFF42
:10039000FFFFFFFFFFFFFFFFFFFFFFFFFFFFFFFF6D
:1003A000FFFFFFFFFFFFFFFFFFFFFFFFFFFFFFFF5D
:1003B000FFFFFFFFFFFFFFFFFFFFFFFFFFFFFFFF4D
:1003C000FFFFFFFFFFFFFFFFFFFFFFFFFFFFFFFF3D
:1003D000FFFFFFFFFFFFFFFFFFFFFFFFFFFFFFFF2D
:1003E000FFFFFFFFFFFFFFFFFFFFFFFFFFFFFFFF1D
:1003F000FFFFFFFFFFFFFFFFFFFFFFFFFFFFFFFF0D
:10040000FFFFFFFFFFFFFFFFFFFFFFFFDEF9FFFF23
:100410000548064B1B1AD90F01EBA301491002D066
:10042000034B03B118477047588DFF1F588DFF1FAE
:100430000000000008B5054B1BB105490548AFF3A6
:100440000080BDE80840FFF7E3BF00BF00000000E8
:10045000588DFF1F983B0000036818470B68036026
:10046000704700BF0B680360704700BF704700BF54
:1004700010B5044600F046FF204610BD0C4B93F823
:1004800000144A1CD2B253F8211083F8002452B948
:1004900093F80204D3F8042480F00100013283F8B9
:1004A0000204C3F8042401F50061282001F0F0B92A
:1004B000748DFF1F70B5942001F060F90A4D0B4E4A
:1004C000044600F07BFBD4F8840034602946FF2208
:1004D00000F000FE33682946D3F88800BDE870407C
:1004E000FF2200F0F7BD00BF710500007C91FF1FE7
:1004F00038B50A4C0A4D23680146D3F884002970A8
:1005000000F010FE074B297880F0010252B21A70F9
:100510002068BDE8384000F07FBB00BF7C91FF1F22
:10052000718DFF1F708DFF1F0F498B695A1C13D0EF
:10053000CA5C82B052B28DF807209DF80720013BBB
:100540008B6153B2094A002B137001DA02B0704775
:10055000107802B0FFF7CCBF044A002B137000DA0A
:1005600070471078FFF7C4BFB491FF1F3087FF1F9B
:1005700010B5264C264A237853B9264B26491868CD
:1005800092F90020097800F047FB0123237010BD89
:10059000204B92F90010186800F094FB1F4B1B7859
:1005A0001A46172A80B25BB20CD91A3B0E2B13D80D
:1005B000DFE803F01517191B1D1F1212272921232D
:1005C000121225000E3AD2B2154B23F81200FFF793
:1005D000ABFF0023237010BD183AD2B2F4E70F220C
:1005E000F2E71022F0E71122EEE71222ECE71322E5
:1005F000EAE71422E8E70C22E6E70D22E4E70E2200
:10060000E2E70A22E0E70B22DEE700BFD491FF1FFA
:10061000708DFF1F7C91FF1F718DFF1F3087FF1FA3
:100620008891FF1F08B5054B1B781B0600D408BD39
:10063000FFF77AFF024B00221A7008BD3087FF1FB8
:10064000D491FF1F10B504468CB00020FFF732FF95
:10065000114A4FF400430C2093FBF4F3013B138049
:1006600001F028FA0D4B0E4A009302A908A8069340
:100670000292FFF7F3FE4FF4B76206A9094800F0B3
:10068000D3FD069B08A8DB689847009B02A8DB689F
:1006900098470CB010BD00BFD291FF1F6039000019
:1006A0007D0400008091FF1F0F2810D8DFE800F0C4
:1006B00010182028303840485058606870788008FA
:1006C0003F49404B4048886040F6AB221A60704773
:1006D0003B493C4B3D48886040F6AB221A6070476E
:1006E0003749384B3A48886040F6AB221A60704769
:1006F0003349344B3748886040F6AB221A60704764
:100700002F49304B3448886040F6AB221A6070475E
:100710002B492C4B3148886040F6AB221A60704759
:100720002749284B2E48886040F6AB221A60704754
:100730002349244B2B48886040F6AB221A6070474F
:100740001F49204B2848886040F6AB221A6070474A
:100750001B491C4B2548886040F6AB221A60704745
:100760001749184B2248886040F6AB221A60704740
:100770001349144B1F48886040F6AB221A6070473B
:100780000F49104B1C48886040F6AB221A60704736
:100790000B490C4B1948886040F6AB221A60704731
:1007A0000749084B1648886040F6AB221A6070472C
:1007B0000349044B1348886040F6AB221A60704727
:1007C000D891FF1F3487FF1FACDB0000983B00006F
:1007D00044460000F05000009C5B000048660000AA
:1007E000F4700000A07B00004C860000F890000030
:1007F000A49B000050A60000FCB00000A8BB0000B5
:1008000054C6000000D100002DE9F84F83460F20A8
:1008100000F0D8FE0446102000F0D4FE82461120DD
:1008200000F0D0FE0546122000F0CCFE0646132054
:1008300000F0C8FE8046142000F0C4FE07461520D4
:1008400000F0C0FE8146162000F0BCFEAAF5007242
:10085000224440F2FF3A5245A8BF5246044622EADB
:10086000E27002F023F9424902F074F9414902F0C2
:1008700025FA4FF0785102F065F8A6F500732B4485
:100880005345A8BF534623EAE373A7F500774744CF
:10089000C3EBC303DFF8E08003F2FF1388FB0361BF
:1008A000DA170B44C2EB6323344A52F82360344B0B
:1008B000054657451D60334BA8BF57461E6027EAC3
:1008C000E77002F0F3F84FF07D5102F043F9294947
:1008D00002F0F4F94FF07D5102F034F82A4B07464C
:1008E0001860BBF1000F2FD1A4F500734B445345A2
:1008F000A8BF534623EAE3731B0103F2FF1388FBEF
:1009000003289844DB17C3EB6820204B1860FFF7DF
:10091000CBFE2946304602F01DF9394602F01AF99D
:100920001B4B0021186002F0C7FA38B100201949AA
:10093000194B086001221A70BDE8F88F174B186830
:10094000013802F0B3F8F2E71549164C164A0B6865
:10095000206808601168216083EA034383EA531327
:100960004840584080EA43001060C0F30330CCE7B1
:100970000000384000C07F44030820804887FF1FE4
:100980004087FF1F3887FF1F3C87FF1FF091FF1F25
:100990004487FF1FFC91FF1F0092FF1F3487FF1F3A
:1009A0002487FF1F2887FF1F2C87FF1F08B5002102
:1009B000022001F09BF80021032001F097F80021AC
:1009C000042001F093F801210D2001F08FF8172089
:1009D000012101F08BF8BDE808404FF48070FFF76B
:1009E00031BE00BF70B5022001F072F81F4D204CDF
:1009F000034603202B6001F06BF8034604202360BC
:100A000001F066F81B491C4A2368086011688B4294
:100A10001A4918BF5E1E0C681ABFB6FA86F6760928
:100A20000026A04216D00128136008602B6803D06E
:100A3000012B13D04EB970BD012B04D0BDE870401E
:100A40000120FFF7E1BE002EF8D1BDE87040002084
:100A5000FFF7DABE296813600129EBD1002EEAD036
:100A6000BDE870400120FFF7CFBE00BF0492FF1F1A
:100A70000892FF1F0C92FF1FF491FF1FF891FF1FB8
:100A8000F8B51A4D2C780CB3194E3768384602F079
:100A900027FA031E20DB174A12689A421CDD164A09
:100AA000164992680868D4563946C4EB041401F01C
:100AB00049FFE40084EAE471A1EBE47130600911BC
:100AC0002411172000F0E4FE2046F8BD214617202F
:100AD00000F0DEFE2046F8BD00231C461946172014
:100AE0002B7000F0D5FE2046F8BD00BF0092FF1F1E
:100AF000FC91FF1F3487FF1FD891FF1F4487FF1F02
:100B000010B5164C94F8012494F800349A4216D08B
:100B1000134A1388D3B1013B1380FFF7B1FF94F858
:100B20000124531CDBB244F8220084F801342BB9B1
:100B300094F8033483F0010384F8033410BD94F86F
:100B4000032494F802349A42E2D010BD054B1B886E
:100B50001380FFF747FFFFF765FDDEE7748DFF1F8A
:100B6000D091FF1FD291FF1FFFF7CABF0B480C4A5D
:100B70000C4910B5802300240371046001F0D6FEF7
:100B8000094A0A480A4BC0F800444FF0FF3191610E
:100B90000849094A99605A611C7310BD8091FF1F72
:100BA0002087FF1F71040000B491FF1F748DFF1F89
:100BB000D891FF1F983B00000000AB0A30B583B00E
:100BC0000F49009104460F4B0F4A002100F068FACC
:100BD00004F140050D4900910D4B0E4A01212846B4
:100BE00000F05EFA0223204684F88030C4F8844086
:100BF000C4F88850C4F88C40C4F8905003B030BD9D
:100C000000B00340703900007839000000B00B409C
:100C100074390000A4390000531C70B5044611D08B
:100C200052B1012A29D0D0F88420D38A9BB243F054
:100C30000103D382002070BDBDE87040D0F884006D
:100C400000F09ABAD0F884000D4600F06BFA2946FD
:100C50000646D4F8880000F065FAA6B118B3D4F8B7
:100C60008430D4F88800597D427D9142294606D8C7
:100C7000BDE87040184600F07FBAD0F88800BDE8A3
:100C8000704000F079BAA8B9D4F88410D4F888205C
:100C9000CB8A9BB243F00403CB82D38A9BB243F04E
:100CA0000403D382C6E7D4F884002946BDE8704027
:100CB00000F062BAD4F888002946BDE8704000F020
:100CC0005BBA00BF01290CBFD0F88830D0F884305F
:100CD0005B6B186900B2704790F823308B420AD0E2
:100CE00070B4092900F29380DFE801F02F2F61062C
:100CF0000671818E40547047436B4FEA431C0CF1E0
:100D0000844C0CF580730CF5C07C00240122CCF8D7
:100D100008202646DC610025CCF80C501E605D6082
:100D20005C619A6180F8231072B6436B5B0103F13A
:100D30008443012200214276C3F89C14C3F898240E
:100D4000C3F89C2462B670BC7047436B4FEA431CE7
:100D50000CF1844C0CF580730CF5C07C0022CCF8AF
:100D600008200122DA6114461646D4E7436B0024BA
:100D70005A0102F1844202F58073C2F8884102F5FB
:100D8000C072DC610124D46000225C601C609A6146
:100D90005A61C7E7436B5A0102F1844202F580733E
:100DA00002F5C072012494600024DC61EAE7436B21
:100DB0004FEA431C0CF1844C0CF580730CF5C07C9D
:100DC00000260122CCF808601446DE61A3E7436BDD
:100DD0004FEA431C0CF1844C0CF580730CF5C07C7D
:100DE00000220124CCF808401646DA6193E7436BF1
:100DF0005A0102F1844202F5807302F5C0720024A8
:100E000094600124DC61BDE7436B0124B0E7C38A31
:100E10009BB243F00103C38295E700BF436B5B01C4
:100E200003F1844310B5D3F89C2403F59063044682
:100E300052B101F09BFB636B5B0103F1844303F54B
:100E40009063DA69002AF4D19B6923B1E38A9BB2EB
:100E500043F00203E38272B6637E03B3626B936B6B
:100E6000D16B0B44116C506C0B44916C03440B44DC
:100E7000D16C0B44C3F34E0343F40043D362936D30
:100E8000D16D0B44116E506E0B44916E03440B44B4
:100E9000D16E0B44C3F34E0343F40043136362B6B5
:100EA000A37E0022627603B910BD02212046FFF71F
:100EB00013FF637E03BB636B590101F18442012080
:100EC0000021C2F81001C2F88011C2F88401627ECC
:100ED000022184F8241092B95B0103F184430022BB
:100EE00001200421C3F88804C3F88424C3F88024B3
:100EF00084F82010A27610BDFFF790FFDBE72046B4
:100F0000FFF78CFF636BE7E738B5C37E8B4212D0E7
:100F1000437E04460D460BBB092D0DD8636B5B0168
:100F200003F184430020C3F80C01FF210822C3F819
:100F30000801E161E27638BD0B2D12D90D2D1ED8C6
:100F4000636B5B0103F1844300220120C3F80801B5
:100F500040F6FF71C3F80C210C22EAE7FFF75EFFB1
:100F6000DAE7636B5B0103F1844301220020C3F8DD
:100F7000080140F2FF31C3F80C210A22D9E7636B64
:100F80005B0103F184430120C3F80C014FF6FF71AC
:100F90001022C3F80801CCE738B5037E3D4A044669
:100FA000002B6AD1D36B43F00063D363626B3A4882
:100FB0003A4940F201455201658402F18442042518
:100FC000002384F824500125E376E36184F820307F
:100FD00084F82C306376E3826375C2F890514370D5
:100FE00081F84030626B84F82130520102F1844272
:100FF000C2F8003472B6626B6576520102F1844227
:10100000C2F89C34C2F89854C2F89C5462B60A21C3
:101010002046FFF779FF637EA5769BBB636B5B0180
:1010200003F1844301212022C3F888142046C3F829
:101030008414C3F8801484F82020FFF74DFE637EEB
:1010400023BB636B590101F1844301220020C3F8E3
:101050001021C3F88021C3F8840184F8242072B6DB
:10106000636B62765B0103F18443C3F89C04C3F8AD
:101070009824C3F89C2462B638BD136B43F0006318
:10108000136393E72046FFF7C9FEC7E7FFF7C6FEE5
:10109000D7E700BF00800440004007400000FA424C
:1010A00010B500298262094A03630CBF39233A2331
:1010B000017680F83C300649029B436318BF114615
:1010C00004468163FFF768FF204610BD3860034087
:1010D00010600340F8B5437E04460F461646EBB950
:1010E000636B94F83C005B0103F1844301259D612F
:1010F000394600F067FB94F83C3003F1604303F598
:1011000064431E7094F83C20530903F138234033A4
:101110009B0002F01F0295401D60F8BDFFF77EFEA8
:10112000DEE700BF2B2907D8836A585C00F01F0058
:101130001F3818BF0120704700207047836A5A5635
:101140005B5C002A426B4FEA421202F18442B4BF58
:1011500000210121C2F8901172B6416B4A0102F1DF
:10116000844203F01F039269003A18BF012203EB87
:1011700082130B6062B670472B2938B504462FD80E
:10118000836A5B5C03F01F031F2B0D4628D0437E50
:10119000002B2CD1636B5A0102F1844202F580626C
:1011A000D269003A18BF012222756AB172B6636B28
:1011B00019689A68E2602160D9681A6A5B6AA3605C
:1011C0002161626062B6636B5B0103F184430022BC
:1011D0002046C3F88C242946FFF7B0FF012038BD14
:1011E000E38A9BB243F004030020E38238BDFFF79B
:1011F00015FECFE7704700BF704700BF704700BFC4
:10120000704700BF704700BF38B5064CA4F16005B9
:1012100054F8083C2046DB68183C9847AC42F7D1AC
:1012200038BD00BF6092FF1F2DE9F043036887B00F
:1012300004469046002B3ED000229A600122DA60DC
:10124000294DDFF8A8901D442D1151F8083B00935B
:1012500005EB4506F60002A85B68984706F108070B
:1012600059F806304F443846DB689847009B204ABF
:10127000009202A949F8063038469B689847009BBF
:1012800002A8DB68984723681A49C3F80080032244
:101290009A6005F14402531103F138232079685410
:1012A000403301209B0002F01F0200FA02F21A6094
:1012B00007B0BDE8F083104AD36B43F40003D36357
:1012C00000BF0E4B01221A6003F580730C4A0360C5
:1012D00098680028B4D0103393422360F8D10020DE
:1012E000206007B0BDE8F083008FFCBF1092FF1FA5
:1012F000D039000044E400E0008004400070034066
:10130000407103400368002B3DD02DE9F0471E4C8F
:10131000DFF878901E4A1C44241104F1440673112E
:1013200004EB4404E40003F1382386B060339F00EB
:101330004FF0010A59F80430009204F1080806F051
:101340001F06144A02920AFA06F6C8440546DB68EC
:101350003E6040469847009B0F4A009249F804308F
:10136000404602A99B689847009B02A8DB68984703
:101370002A6800239360C2F80CA0C7F800612B60B4
:1013800006B0BDE8F0877047008FFCBF1092FF1FCA
:1013900060390000F5110000D03900000448054A0A
:1013A00050F8083B01211B68C2F80C11184700BF18
:1013B0001092FF1F007003400448054A8369012111
:1013C0001B68C2F81C112030184700BF1092FF1F85
:1013D000007003400448054A036B01211B68C2F8F2
:1013E0002C113830184700BF1092FF1F00700340C7
:1013F0000448054A836C01211B68C2F83C11503037
:10140000184700BF1092FF1F00700340084B0948A7
:10141000094A0A4910B40A4C1C6098609C61186221
:101420001C6398639C64186510BC002001F07EBAB0
:101430001092FF1FF51100002087FF1F0912000006
:101440006039000038B52A4C2A4D01E001F08EF8D1
:10145000636A1B06FAD46B6A13F08003F6D172B686
:1014600025490A78002A40D0A26BE06B0244206C28
:101470000244606C0244A06C0244E06C0244C2F37B
:101480004E0242F40042E262A26DE06D0244206E20
:101490000244606E0244A06E0244E06E0244C2F355
:1014A0004E0242F400422263AA6BE86B0244286CAD
:1014B0000244686C0244A86C0244E86C0244C2F323
:1014C0004E0242F40042EA62AA6DE86D0244286EC0
:1014D0000244686E0244A86E0244E86E0244C2F3FD
:1014E0004E0242F400422A630B7062B638BD00BF60
:1014F00000B0034000B00B407492FF1F2A4B2B4AF0
:101500006020E1211870597013782948082B34D0D5
:101510000A2B20D00C2B274B0CBF35213D2112224A
:101520008160C2609960DA60234B21491B78214AAF
:10153000CBB101230B621362204B1D491B781D4A5E
:10154000012B13D9042B1BD884234B6253621C4BF1
:1015500001221A707047174B392113228160C26033
:101560009960DA60E0E70B621362E5E780234B6283
:101570005362134B01221A7070470E4B0121ECE7A6
:10158000082B06D885234B6253620D4B01221A703B
:101590007047102B94BF862387234B625362084BFE
:1015A00001221A70704700BF004007406887FF1F84
:1015B00000B0034000B00B407292FF1F6987FF1F0D
:1015C0007492FF1F282829D8304B2DE9F0411E5C6A
:1015D000FF2E53D02E4B1B7813BB340624D472B687
:1015E0002C4C2D4D01272E60277062B672B62B68E9
:1015F000180609D42378002BF5D062B600F0B6FFA8
:1016000072B62B681906F5D5234A0023106923709A
:1016100062B6224B1B781841BDE8F081002070476C
:10162000FFF710FF3406DAD572B61D4D1D4C06F0DB
:101630004008012706F03F06E368B8F1000F20D00C
:1016400023F01003E36026602F7062B672B6236841
:101650001A0609D42B78002BEED062B600F086FF74
:1016600072B623681B06F5D50E4A002310692B704D
:1016700062B60A4B1B781841BDE8F0810020BDE836
:10168000F08143F01003E360DDE700BFE0390000C4
:101690007492FF1F7092FF1F00B003407392FF1FF0
:1016A0007192FF1F00B00B400B4A0C49D36A43F400
:1016B0008053D3620B784BB1094B802283F82120F1
:1016C000074B80F30C0000B218807047044BC02217
:1016D00083F82120F4E700BF008004407292FF1FCE
:1016E00000C00C4008B5FFF761F9FFF73DFA00F0C4
:1016F0003DFFFAE708B50F4C636B58030DD4636BDD
:1017000059050FD4636B1A0511D4636BDB04F3D551
:1017100000F012F8636B5803F1D500F0A7FA636B81
:101720005905EFD500F008F8636B1A05EDD500F008
:1017300003F8EAE70080044008B5FFF7DBFF00BFCD
:10174000014B10221A80704700200540704700BFEF
:10175000094A08B50346106833B169460344A1F548
:1017600080518B4201D2136008BD01F00DFF0C23A4
:1017700003604FF0FF3008BD6C87FF1F01F0D6BB40
:1017800010B40F4B53F8302092F880422CB1012353
:1017900091B182F8803010BC704703EBC0035B68E6
:1017A0001A6821B922F0020210BC1A60704742F098
:1017B000030210BC1A60704782F8003110BC7047F9
:1017C0000C3A0000024B103043F82010704700BF65
:1017D0000082FF1F034B002210215A615A601860DB
:1017E0005961704700D00340704700BFF0B54FF01B
:1017F000E0244FF400054FF0807CC4F80851C4F891
:1018000008C14FF0007CC4F808C11D4A1D481E499C
:101810004FF0806CC4F808C1282300274BF6FF76F0
:1018200009254FF0006CC4F808C183B0576096607A
:10183000D3605361D3615362D3625363D363536400
:10184000156047608660C360436105604F608E60CD
:10185000CB604B610D60FFF751FEFFF7C5FF0B4CEE
:1018600023680093009B132BFAD900F0B9FD23687D
:101870000193019BB3F5967FF9D303B0F0BD00BF90
:10188000008003400090034000800B407892FF1FCF
:1018900028287F4B36D000291B783FDD012202FA31
:1018A00003FC614510B554D2C21E012A70D920280C
:1018B00067D0192865D0774A926802FB011222FA94
:1018C00003F3421F1B2A7DD8DFE812F0C600BF00D9
:1018D0007C007C00B800B1007C007C007C007C00B7
:1018E0007C007C007C007C007C00AA00A3009C00A3
:1018F00095007C00CD007C007C007C007C007C009E
:101900007C00D40018780B2895BFC0F10C000C386F
:1019100001FA00F041FA00F0FFF7C6BE212817D8FF
:101920005D4B53F8302092F8801203EBC00300297E
:101930003CD001215B6882F8001101204FF4A271B4
:1019400082F8800219601A6822F020021A6070473B
:101950007047212814D8504B53F8301091F880422A
:1019600003EBC00344B35B6881F880204FF4A2729C
:10197000012081F880021A601A6822F020021A60A1
:1019800010BD464A926802FB011222FA03F398E75F
:10199000434CA268042802FB011222FA03F270D120
:1019A000404BA2614FF45171596310BD5B681968D7
:1019B00021F002011960C0E75B681A6842F0030277
:1019C0001A60D3E72128DBD87F29D4BF0021012169
:1019D000FFF7D6FE304B03EBC00253F830105368CC
:1019E00001244FF4A27281F880421A601A6822F032
:1019F00020021A6010BD27482B4A836140F24441FF
:101A0000916010BD2348284A036140F2444151606F
:101A100010BD2048254A036440F24441916110BD45
:101A20001C48224A836340F24441516110BD194869
:101A30001D4A836240F24441116110BD15481A4AA3
:101A4000036240F24441D16010BD1248174A03635B
:101A500040F24441116110BD0E48144A836440F2C3
:101A60004441D16110BD0D48114A83614FF4517159
:101A7000D16410BD09480E4A03614FF4517191645D
:101A800010BD084B22614FF45171196310BD00BFA6
:101A90007087FF1F008003400C3A000000800B405D
:101AA000009003400090044000B0044000C0044097
:101AB00000A004400346102B28BF1023034A012B2B
:101AC00038BF012310781370704700BF7087FF1F65
:101AD000212806D8044B53F8303093F80002C0B2E6
:101AE00070470020704700BF0C3A0000212820D822
:101AF0001B4A02EBC00301295B680FD004291DD0EB
:101B000052F83000002280F8802299B1022922D0B8
:101B100003290DD14FF481721A60704752F83000DA
:101B20004FF4A27280F880121A601A6822F0200224
:101B30001A6070474FF480721A60704752F8301084
:101B40004FF4A272012081F880021A601A6842F0F4
:101B500020021A60704740F203121A60704700BFFB
:101B60000C3A000010B472B6194A1A4C042312F849
:101B7000011B090743F0010C05D554F8331061B17E
:101B800054F83C10B9B10433142BF0D162B6124BA7
:101B900000221A7010BC00F087BC0F4904EBC3028E
:101BA000083050600A780D4844F83300013A0A7052
:101BB00062B610BC7047084A094904EBCC030830F0
:101BC0005860137844F83C10013B137062B6F0E79C
:101BD000743B00000080FF1F6493FF1F88004000DB
:101BE000C8004000421E032A0ED81C4B400140F0A2
:101BF000100010B4034472B6194CA05C03281CD822
:101C0000DFE800F01315031870470520A05413F007
:101C1000080F088814BFC8228822083142EA00420F
:101C200059601A6062B610BC70470320EEE70833B3
:101C30000220EBE708330420E8E70A4B53F82200C0
:101C400038B1094B53F82200416043F8221062B6C4
:101C5000E9E743F82210044BF7E700BF0080FF1FBD
:101C60005493FF1F3493FF1F4493FF1F2DE9F04F40
:101C7000DFF8CCA2DFF8CCB285B03DE0B24D9E08D3
:101C800005EBC607013A796813F00803D4B2A1F155
:101C9000080040F0B88055F836204FEA124C120C7C
:101CA00021F808CC00F0A78021F8063C41F8043C5C
:101CB000A64B53F82420002A00F00182A44B53F8CD
:101CC0002420506043F82400A24B33F8142094449D
:101CD00023F814C000F0C8FB002800F0E98117F0D9
:101CE000080F9D4B00F1080018BF5B46786045F86F
:101CF000363008238AF880309AF880305907DCB2F1
:101D00001BD5964B1B78ABB195490A7802F0FF03BF
:101D10002AB1013BDBB20B70002B00F046839149E6
:101D20000A7802F0FF032AB1013BDBB20B70002BF3
:101D300000F0EB8104238AF8803014F0080200F0F0
:101D4000CC819AF89020D3B2120997D1DFF8F8919C
:101D50009B0809EBC30459F833006468C0F383009F
:101D600009287CD00FD80138012808D87E4A158868
:101D700042F22100854200F0FB8149F833B0012393
:101D80008AF89430B5E70D28F9D1D4E90007774DEA
:101D900049F833B0744E764CC9F8102083B240F243
:101DA000816CC9F818202A6063454FF00102C6E92A
:101DB0000007227000F2FF80B3F5D06F80F0CB8275
:101DC000B3F5817F00F0268240F2DE8040F20232DD
:101DD00093427BD107F07F07042F00F20881020CA9
:101DE00040F00581634911F8273043F0020301F800
:101DF0002730134670E017F0080F574B18BF5B46AB
:101E000045F8363075E700F04FFB5B495B4A51F807
:101E10002430002B00F05781586841F82400115DF0
:101E200003F108007860032905D8DFE801F0120FFC
:101E30001502042111551A8817F0080F14BFC82382
:101E4000882343EA024345F8363052E70221115510
:101E5000F1E703211155EEE705211155EBE7434D5D
:101E60002A683AB34649424C0F88464894F800E045
:101E70000678402F3B4628BF4023BEF1000F8EF06E
:101E8000010E84F800E046F0020486F001060670B8
:101E900009EBC400426014BFC820882040EA034018
:101EA0001A44FB1A9BB249F834000B80002B00F057
:101EB00036812A602C4B1A88B2F5A06F7FF45FAF91
:101EC0009A788AF8982000225A7058E7B3F5A06FE4
:101ED00040F08D8000221346B6F806C0294894458C
:101EE00028BF944667460278402F28BF402742F01B
:101EF000020E3E0409EBCE0846F0C806C8F80430CE
:101F000049F83E6000263B442670BCEB070782F090
:101F10000106067040F01181BCF13F0F4FF0010542
:101F200009D946F00206027009EBC602257053601B
:101F3000882349F8363001238AF894301FE700BF20
:101F400000200740C80040000080FF1F0C93FF1FC7
:101F50001C93FF1F5C93FF1F880040005893FF1FD6
:101F60005993FF1F8493FF1F2C93FF1F0093FF1FA4
:101F7000FD92FF1FC02007403493FF1F5493FF1FA3
:101F8000FE92FF1FFC92FF1F802B00F08B81822BA3
:101F90002DD107F07F07042F29D8A74A00231380EB
:101FA000A64B13F827309F0740F1FC8101231370E3
:101FB000A14B022290E742F2210C6345BBD01DD910
:101FC00042F2212293420DD1BFB2002F82D19C4B0D
:101FD0001A689C4B1A609C4BC0F307400022187093
:101FE000134679E742F2213293423FF473AF0F2355
:101FF0008AF8C03001238AF89430C0E6B3F5086F40
:1020000000F04A81B3F5106FF1D1904BC0F3074057
:102010000425187059F835301A0606D40135142DE8
:102020000CD059F835301A06F8D509EBC50301353F
:102030005868083800F038FA142DF2D1844A854BDC
:102040000292854A0192854E854ADFF818820394F0
:10205000009200251C4656F8047B2FB138467F6855
:1020600000F022FA002FF9D1009BD8F8007043F855
:10207000045B46F8045C00932FB138467F6800F09B
:1020800013FA002FF9D1029B48F8045B43F8045B74
:102090000293019B23F8025B01932378023B032BFD
:1020A00000F20981DFE813F03F0104013F01040160
:1020B0006D4A45F8360013780133137019E643F87A
:1020C0002400674BFEE5115D022926D07FF611AE94
:1020D00003291DD1012313550BE6E0076ED4210619
:1020E00021D4A20708D5614B93F888200221D2B2EF
:1020F00083F8882083F88010E30603D55B4B102219
:1021000083F8802005B0BDE8F08F00F00BFA11E6EF
:1021100017F0080F14BF032302231355E9E53F2FDF
:1021200098BF0022C5E6514B80220D2183F8C010D4
:1021300083F88020A207DFD5D5E746F002060270BB
:10214000402F09EBC6003A4628BF402243601004E6
:10215000134440F088000121BA1A49F83600217072
:1021600055D02B60424B1A8001238AF8943006E642
:1021700092885AB93F4AE51D14F8011B02F8011F65
:10218000AC42F9D13C4A1268862A3CD03B4C3C48D0
:1021900025780278002D85F00105257042F00204B3
:1021A00082F00102027009EBC4024FF0000050609F
:1021B00014BFC822882249F83420DEE52B4B304872
:1021C0003049314C022583F8945002702F480C603E
:1021D0002F4D48608C600D24CD60FF200A618A611C
:1021E00083F8C04001219F2483F8880083F8800091
:1021F00083F8982083F88C0083F8844083F8941047
:1022000005B0BDE8F08F234A0F201070BEE73F2FC6
:10221000A7D890E607F07F07042F3FF6E8AE000C42
:102220007FF4E5AE054A12F8273023F0020302F8E6
:102230002730002213464FE60493FF1FC0200740BB
:102240007892FF1F8093FF1F7C93FF1F5893FF1FFF
:102250004493FF1F5493FF1F5C93FF1F0C93FF1FBA
:102260001C93FF1F3493FF1F6493FF1F0020074040
:10227000FE92FF1F7393FF1F7493FF1FFD92FF1FBA
:10228000FC92FF1F0080FF1F880040007C92FF1F10
:10229000BC92FF1F5993FF1F484B49491B780B7095
:1022A0000B4619E6464A00231380454B022213E6EB
:1022B0004FF001032370434BB34204F101047FF458
:1022C000CAAE414E039CDFF80481414F00233370B6
:1022D000042518F8013B3F4AAB541B0725D445F0B1
:1022E000020145F0030204350023142D49F8313072
:1022F00049F83230EDD1384F25783A7842F0020073
:1023000009EBC00C85F00106CCF80430002D4DD14E
:10231000882382F0010226703A7049F83030012398
:102320008AF894302BE52570C5E700F09DF8002869
:1023300032D009EBC5030830586049F8357000F019
:1023400093F808B345F0010309EBC302083050606D
:1023500049F833B0C3E7214A5368002B3FF447AE36
:10236000000CBFB204E013690C32002B3FF43FAE07
:1023700011888142F7D15188B942F4D1000A03286B
:102380000CBF1A781289A7E533780133337045F012
:10239000010349F83300A2E7337849F835000133E7
:1023A0003370CCE7064B022296E500BE2670C823A8
:1023B00082F001063E7049F83030BCE55893FF1FAB
:1023C0000493FF1F1C93FF1F6493FF1F743B0000C7
:1023D00088004000C0200740FC92FF1F203B000007
:1023E00070B500F03DFA00231A4A194642F833103E
:1023F00002EBC3000133142B4160F7D1164C174B8D
:10240000606B174D40F480206063C2F3072483F8AB
:102410009C40144CFF204FF0010CC2F30746120EF3
:1024200083F8B0604FF0E02E83F8B42083F880008A
:1024300083F88800187483F894C0217083F884C0EE
:10244000702385F849304FF400721023CEF808212C
:10245000237270BD0080FF1F0080044000200740F1
:1024600000E400E00021074072B60D490B68B3FAA2
:1024700083F00B2810DC4FF00042C24023EA020335
:102480000B6062B6074A00EBC000C10002EBC0005F
:10249000002353504360704762B60020704700BF6E
:1024A0007487FF1FBC83FF1F0E4BC31AB3F5587F01
:1024B00010D20D4A127872B972B60C4A0C49A2FBBE
:1024C000032308684FF000421B0922FA03F3034379
:1024D0000B6062B67047074A1278002AECD0FFF70B
:1024E00041BB00BFBC83FF1F6493FF1F398EE338DD
:1024F0007487FF1F5893FF1F084B094A1B6810B5CC
:1025000094881BB11A885B88D31A1C440CB12046EE
:1025100010BD00F02BF8204610BD00BF6893FF1FD0
:102520005C93FF1F38B50E4B1B7853B90D4C2168D7
:1025300041B103F0FF054B880B800420FFF752FBED
:10254000256038BDFFF790FF014620B1BDE8384057
:102550000420FFF747BB044B01221A7038BD00BFAF
:102560006C93FF1F7093FF1F8493FF1F2DE9F843A7
:10257000324E337863B1324F3A784AB90122D907E3
:102580003A7043D49A0726D400225B073A7001D4EC
:10259000BDE8F8832B4B1A68002AF9D0EFF30582C7
:1025A000002AF5D1EFF3108572B6186800283AD0EA
:1025B000254C2178002936D142691A600123237005
:1025C000002A37D0916105B962B600258368457746
:1025D00098472570DCE7DFF8748098F80020002A1F
:1025E000D2D00025DFF868902B4659F823402368A5
:1025F00020461B690135984708B12369984798F828
:102600000020EBB29A42F0D83378BDE7FFF774FFB1
:1026100068B9104B1B780BB93378B3E7337803F004
:10262000FE033370AEE7002DB2D162B6B0E700F022
:1026300015F9EEE7084B1A60C5E700BF7887FF1F62
:102640008593FF1F8893FF1F9493FF1FA893FF1F7D
:102650009C93FF1F1C3B00009893FF1F70B5EFF386
:10266000108272B60C4C206880B10C4E0025436974
:10267000236073B19D6102B962B68368457798475C
:10268000EFF3108272B620680028F0D102B962B66A
:1026900070BD3360EFE700BF9093FF1F8C93FF1F67
:1026A000FFF7DCBF024A136801331360704700BFB5
:1026B0007892FF1F01B441EA000313F003036FD1C6
:1026C000403A41D351F8043B40F8043B51F8043BF5
:1026D00040F8043B51F8043B40F8043B51F8043BFC
:1026E00040F8043B51F8043B40F8043B51F8043BEC
:1026F00040F8043B51F8043B40F8043B51F8043BDC
:1027000040F8043B51F8043B40F8043B51F8043BCB
:1027100040F8043B51F8043B40F8043B51F8043BBB
:1027200040F8043B51F8043B40F8043B51F8043BAB
:1027300040F8043B51F8043B40F8043B51F8043B9B
:1027400040F8043B403ABDD2303211D351F8043B3B
:1027500040F8043B51F8043B40F8043B51F8043B7B
:1027600040F8043B51F8043B40F8043B103AEDD2EA
:102770000C3205D351F8043B40F8043B043AF9D23B
:1027800004320AD0D2071CBF11F8013B00F8013B0C
:1027900003D30B7803704B78437001BC704700BFC4
:1027A0000C2A4AD310F0030311D0C3F10403D21A48
:1027B000DB071CBF11F8013B00F8013B07D311F800
:1027C000013B00F8013B11F8013B00F8013B11F01F
:1027D00003033FF475AF30B4043AC91AC3F1040CD3
:1027E00051F8044B022B19D0032B0BD0240A51F8BB
:1027F000043B1D0644EA050440F8044B1C46043A19
:10280000F4D216E0240E51F8043B1D0244EA0504FC
:1028100040F8044B1C46043AF4D20AE0240C51F868
:10282000043B1D0444EA050440F8044B1C46043AEA
:10283000F4D20432B1EB0C0130BC043AA0D3013A1B
:1028400011F8013B00F8013BF9D20B7803704B788B
:1028500043708B78837001BC704700BF704700BF26
:1028600010B584B072B6174A702441200F2180231E
:102870001470D0719171137013781B06FCD5906899
:1028800062B6114B114C984238BF00EB800001A991
:1028900038BF40000A2200F01BF801A9204600239F
:1028A00011F8012B01333AB10A2B20F8022FF7D18E
:1028B0001623237004B010BD5B00DBB2237004B09C
:1028C00010BD00BF00000240809698000888FF1FDE
:1028D00001F1FF3C70B56546002401E0704601340B
:1028E000B0FBF2FE02FB1E03092B03F130068ABF88
:1028F0003733F3B2DBB2904205F8013FEED2631CEE
:102900000022CA54C8187CB162461CF8015F10F856
:1029100001ED8CF800E0A1EB0C030232013B521AEE
:1029200023449A420570EFDB084670BD0346084613
:10293000194600F0BFBD00BF80F0004002E000BFBC
:1029400081F0004142001FBF5FEA410392EA030F9A
:102950007FEA226C7FEA236C6AD04FEA1262D2EBE4
:102960001363C1BFD218414048404140B8BF5B42E9
:10297000192B88BF704710F0004F40F4000020F082
:102980007F4018BF404211F0004F41F4000121F098
:102990007F4118BF494292EA030F3FD0A2F10102E2
:1029A00041FA03FC10EB0C00C3F1200301FA03F120
:1029B00000F0004302D5494260EB4000B0F5000F43
:1029C00013D3B0F1807F06D340084FEA310102F102
:1029D0000102FE2A51D2B1F1004F40EBC25008BFB4
:1029E00020F0010040EA03007047490040EB00007E
:1029F000013A28BFB0F5000FEDD2B0FA80FCACF17F
:102A0000080CB2EB0C0200FA0CF0AABF00EBC250AB
:102A100052421843BCBFD0401843704792F0000F99
:102A200081F4000106BF80F400000132013BB5E7EC
:102A30004FEA41037FEA226C18BF7FEA236C21D062
:102A400092EA030F04D092F0000F08BF08467047C7
:102A500090EA010F1CBF0020704712F07F4F04D195
:102A6000400028BF40F00040704712F100723CBFA8
:102A700000F50000704700F0004343F0FE4040F4D2
:102A8000000070477FEA226216BF08467FEA236390
:102A90000146420206BF5FEA412390EA010F40F47B
:102AA000800070474FF0000304E000BF10F00043C7
:102AB00048BF40425FEA000C08BF704743F09643AE
:102AC00001464FF000001CE050EA010208BF7047C9
:102AD0004FF000030AE000BF50EA010208BF704750
:102AE00011F0004302D5404261EB41015FEA010C65
:102AF00002BF84460146002043F0B64308BFA3F15D
:102B00008053A3F50003BCFA8CF2083AA3EBC2533E
:102B100010DB01FA02FC634400FA02FCC2F120025D
:102B2000BCF1004F20FA02F243EB020008BF20F094
:102B30000100704702F1200201FA02FCC2F12002FA
:102B400050EA4C0021FA02F243EB020008BF20EAEF
:102B5000DC7070474FF0FF0C1CEAD0521EBF1CEA1D
:102B6000D15392EA0C0F93EA0C0F6FD01A4480EA0B
:102B7000010C400218BF5FEA41211ED04FF00063F4
:102B800043EA501043EA5111A0FB01310CF0004020
:102B9000B1F5000F3EBF490041EAD3715B0040EA46
:102BA000010062F17F02FD2A1DD8B3F1004F40EB16
:102BB000C25008BF20F00100704790F0000F0CF0E9
:102BC000004C08BF49024CEA502040EA51207F3AAD
:102BD000C2BFD2F1FF0340EAC250704740F4000088
:102BE0004FF00003013A5DDC12F1190FDCBF00F079
:102BF00000407047C2F10002410021FA02F1C2F127
:102C0000200200FA02FC5FEA310040F1000053EAC2
:102C10004C0308BF20EADC70704792F0000F00F010
:102C2000004C02BF400010F4000F013AF9D040EA16
:102C30000C0093F0000F01F0004C02BF490011F4AA
:102C4000000F013BF9D041EA0C018FE70CEAD153A8
:102C500092EA0C0F18BF93EA0C0F0AD030F0004C28
:102C600018BF31F0004CD8D180EA010000F00040DC
:102C7000704790F0000F17BF90F0004F084691F09A
:102C8000000F91F0004F14D092EA0C0F01D14202D4
:102C90000FD193EA0C0F03D14B0218BF084608D19D
:102CA00080EA010000F0004040F0FE4040F40000E7
:102CB000704740F0FE4040F4400070474FF0FF0C7A
:102CC0001CEAD0521EBF1CEAD15392EA0C0F93EAC1
:102CD0000C0F69D0A2EB030280EA010C49024FEA13
:102CE000402037D04FF0805343EA111143EA1013CC
:102CF0000CF000408B4238BF5B0042F17D024FF484
:102D0000000C8B4224BF5B1A40EA0C00B3EB510F5E
:102D100024BFA3EB510340EA5C00B3EB910F24BF47
:102D2000A3EB910340EA9C00B3EBD10F24BFA3EBCC
:102D3000D10340EADC001B0118BF5FEA1C1CE0D194
:102D4000FD2A3FF650AF8B4240EBC25008BF20F047
:102D5000010070470CF0004C4CEA50207F32C2BF9B
:102D6000D2F1FF0340EAC250704740F400004FF038
:102D70000003013A37E792F0000F00F0004C02BF69
:102D8000400010F4000F013AF9D040EA0C0093F033
:102D9000000F01F0004C02BF490011F4000F013B8D
:102DA000F9D041EA0C0195E70CEAD15392EA0C0FF5
:102DB00008D142027FF47DAF93EA0C0F7FF470AF2D
:102DC000084676E793EA0C0F04D14B023FF44CAF70
:102DD00008466EE730F0004C18BF31F0004CCAD105
:102DE00030F000427FF45CAF31F000437FF43CAF41
:102DF0005FE700BF4FF0FF3C06E000BF4FF0010C63
:102E000002E000BF4FF0010C4DF804CD4FEA400244
:102E10004FEA41037FEA226C18BF7FEA236C11D08E
:102E200001B052EA530C18BF90EA010F58BFB2EB41
:102E3000030088BFC81738BF6FEAE17018BF40F0C1
:102E4000010070477FEA226C02D15FEA402C05D175
:102E50007FEA236CE4D15FEA412CE1D05DF8040BFA
:102E6000704700BF844608466146FFE70FB5FFF78D
:102E7000C9FF002848BF10F1000F0FBD4DF808ED45
:102E8000FFF7F4FF0CBF012000205DF808FB00BF36
:102E90004DF808EDFFF7EAFF34BF012000205DF890
:102EA00008FB00BF4DF808EDFFF7E0FF94BF0120DD
:102EB00000205DF808FB00BF4DF808EDFFF7D2FFDA
:102EC00094BF012000205DF808FB00BF4DF808ED1D
:102ED000FFF7C8FF34BF012000205DF808FB00BFEA
:102EE0004FEA4002B2F1FE4F0FD34FF09E03B3EB17
:102EF00012620DD94FEA002343F0004310F0004F57
:102F000023FA02F018BF404270474FF000007047AC
:102F100012F1610F01D1420205D110F0004008BF4B
:102F20006FF0004070474FF000007047024B0146C1
:102F3000186800F003B800BF508DFF1F2DE9F04F57
:102F400001F10B06162E83B0044624D8102900F296
:102F5000BA8000F0A3FA102618220220B54F3A4496
:102F6000A2F1080153688B4200F0BA805A68D96810
:102F700022F003021A449D68E9608D60516841F0B7
:102F800001012046516003F1080500F08DFA284642
:102F900003B0BDE8F08F36F0070600F19480B1422F
:102FA00000F2918000F07AFAB6F5FC7FC0F09A81C9
:102FB000730A00F08F80042B00F26F81B30903F1D4
:102FC000390003F1380CC3009A4F3B44A3F10805C4
:102FD0005B689D4206D10CE0002980F22781DB6806
:102FE0009D4206D05A6822F00302911B0F29F3DD9F
:102FF00060463D69DFF840C265457CD06A6822F0D2
:103000000302931B0F2B00F37B81002BC7E904CC39
:1030100080F26C81B2F5007F80F01A81D308796864
:1030200001334FEA521E012202FA0EF20A4357F808
:1030300033E0C5F808E007EBC3010839E9607A60BE
:1030400047F83350CEF80C5083100121994091423B
:1030500057D8114206D120F003004900114200F177
:103060000400FAD007EBC0094D468646D5F80C801F
:10307000454508D11DE1002B80F22481D8F80C8051
:10308000454500F01681D8F8042022F00302931B76
:103090000F2BF0DD2046D8E9025408EB060146F07C
:1030A0000106C8F80460EC60A56043F00104C7E9BC
:1030B0000411C1E902CC4C6048F8023000F0F4F988
:1030C00008F1080502E00C2323600025284603B020
:1030D000BDE8F08F4FF4007340204FF03F0C73E7D2
:1030E000D3689A4208BF02307FF440AF3D69DFF8F1
:1030F00048C1654582D17A68831001219940914287
:10310000A7D9BD686B6823F003094E4503D8A9EB26
:1031100006030F2B7ADCDFF824B1494BDBF80020E3
:103120001B680132334405EB090A00F0338103F5D3
:1031300080530F3323F47F6828F00F084146204660
:1031400000F010FA411C024600F0F380824500F2C4
:10315000EE803C4B196841441960084600F04E81EE
:10316000DBF80010019301311BBFA2EB0A01091823
:10317000CBF80020196012F0070B00F01781CBF19B
:1031800008010A44CBF5805190440831A1EB0801B5
:10319000C1F30B0A51462046009200F0E3F9421CAD
:1031A000DDE9002300F04F81801A00EB0A0819685E
:1031B000BA6048F001005144BD425060196000F00F
:1031C0002981B9F10F0F40F227816868A9F10C0C31
:1031D0002CF0070C00F0010040EA0C0068604FF092
:1031E000050E05EB0C00BCF10F0FC0E901EE00F27B
:1031F000328150681546144B1A688A4238BF1960EC
:10320000124B1A688A4238BF196094E0AA1943F039
:10321000010346F001066E602046BA60536000F07C
:1032200043F90835284603B0BDE8F08FD9681A4441
:10323000A1E600BF2088FF1F2888FF1F288CFF1FE2
:10324000DC93FF1FAC93FF1FD493FF1FD893FF1F86
:10325000B2F5206F4FEA522363D3142B00F2B780EC
:1032600003F15C01C9005B3307EB010E7958AEF145
:10327000080E8E4500F091804B6823F003039342C3
:1032800002D989688E45F7D1D1F80CE07A68C5E992
:10329000021ECEF80850CD60D6E6142B59D9542B17
:1032A00000F29D80330B03F16F0003F16E0CC3003D
:1032B0008AE60EF1010E1EF0030F05F108057FF4FA
:1032C000D5AE51E0424445465368D8F80C1043F05F
:1032D0000103536055F8083F2046D9608B6000F029
:1032E000E3F8F3E6F00806F1080237E62A44204640
:1032F000536843F001035360083500F0D5F8E5E664
:10330000A919204646F0010643F001046E60C7E9A2
:103310000411C1E902CC4C60AB5000F0C5F808358F
:10332000D4E6930903F13901C90038339CE7BD4263
:103330005FD0BD68686820F003084645A8EB060327
:1033400002D80F2B3FF762AF204600F0ADF8002502
:10335000BCE603F15C0003F15B0CC30034E659F8F2
:1033600008394B4540F0968010F0030F00F1FF3014
:10337000F5D17B6823EA01037B60490099423FF65F
:10338000C0AE19B9BDE649000EF1040E1942FAD0DB
:10339000704667E603F11008D0E69A104FF0010876
:1033A0007B6808FA02F21A437A6070E702EB0801C0
:1033B0004942C1F30B0A51462046009200F0D2F870
:1033C000431CDDE900237FF4EFAEDA46EFE6542B31
:1033D00025D8130B03F16F01C9006E3344E7B3F531
:1033E000AA7F25D8F30B03F1780003F1770CC30013
:1033F000EAE5294B186840441860B1E6CAF30B0CA3
:10340000BCF1000F7FF4ACAEBD68C84448F00100C9
:103410006860F0E61546EEE60123536094E7B3F5E5
:10342000AA7F23D8D30B03F17801C90077331BE7B8
:1034300040F25452934223D8B30C03F17D0003F1C0
:103440007C0CC300C0E5ABF1080BD844A8EB020824
:103450004FF0000AABE605F108012046009300F0AA
:1034600065F9BD68009B68681968C4E640F254516C
:103470008B420BD8930C03F17D01C9007C33F3E63A
:103480004FF47E737F204FF07E0C9DE54FF47E71EC
:103490007E23E9E67B6870E7AC93FF1F014800F0EC
:1034A0009DB800BF2095FF1F014800F099B800BFEC
:1034B0002095FF1F13460A460146022000F092B8ED
:1034C000830730B548D0541E002A3FD0CAB2034605
:1034D00001E0013C3AD303F8012B9D07F9D1032CFD
:1034E0002DD9CDB245EA05250F2C45EA054536D93B
:1034F000A4F1100222F00F0C03F1200EE6444FEA73
:10350000121C03F1100242E9045542E9025510323F
:103510007245F8D10CF1010214F00C0F03EB02120A
:1035200004F00F0C13D0ACF1040323F003030433B5
:10353000134442F8045B9342FBD10CF003042CB11A
:10354000C9B21C4403F8011B9C42FBD130BD644648
:103550001346002CF4D1F9E703461446BFE71A4698
:10356000A446E0E738B5074D0022044608462A6025
:10357000FEF7EEF8431C00D038BD2B68002BFBD0C3
:10358000236038BD1895FF1F014B1868704700BFB6
:10359000508DFF1F70B50D4E0D4D761BB61006D029
:1035A000002455F8043B01349847A642F9D1094E4E
:1035B000094D761B00F0E0FAB61006D0002455F84D
:1035C000043B01349847A642F9D170BD843B00000A
:1035D000843B0000943B0000843B0000704700BF28
:1035E000704700BF2DE9F047DFF874A00646DAF80F
:1035F000000098460F469146FFF7F0FF194B1C68F4
:1036000024B365681F2D24DC5EB96B1C0235DAF823
:103610000000636044F82570FFF7E2FF0020BDE87A
:10362000F08704EB85010123C1F88890D4F8882144
:10363000AB401A43022EC4F88821C1F80881E4D1B6
:10364000D4F88C211A43C4F88C21DEE7064C1C60A8
:10365000D7E7DAF80000FFF7C3FF4FF0FF30DEE7EF
:10366000548DFF1FB496FF1F2495FF1F024B13B10B
:10367000024800F005B8704700000000393900002A
:10368000002301461A461846FFF7ACBFF8B5244F91
:103690000C460646FFF702FFBB685D68C4F57E6115
:1036A0000F3125F003054B1923F47F6323F00F033B
:1036B000A3F58054B4F5805F07DB00213046FFF7A7
:1036C00051FFBB682B44984204D03046FFF7ECFE14
:1036D0000020F8BD61423046FFF744FF01300DD0B5
:1036E000104ABB682D1B45F001055D60136830462C
:1036F0001B1B1360FFF7D8FE0120F8BD00213046E8
:10370000FFF730FFBA68831A0F2BDEDD43F00103A9
:103710005360054B03491B68C01A0860D5E700BF1A
:103720002088FF1FAC93FF1F288CFF1F002961D04A
:10373000F8B50C460646FFF7B1FE54F8042C7B4F53
:10374000A4F1080522F0010105EB010CB868DCF8D2
:103750000430604523F0030300F08B80D207CCF8DF
:10376000043032D454F8082CAD1A1144AA6807F179
:10377000080082426AD00CEB0304D4F804E0EC6841
:10378000D4601EF0010FA26000F0978041F00103A9
:103790006B60CCF80010B1F5007F35D27868CB08AB
:1037A0000122490901338A40024357F833107A60F5
:1037B00007EBC302083AC5E9021247F83350CD605F
:1037C0003046BDE8F840FFF76FBE0CEB03025268CD
:1037D000D00710D4194407F10800DCF80830834200
:1037E00073D0DCF80C20DA60936041F001036B6069
:1037F0006950D0E7704741F00103B1F5007F44F80C
:10380000043CCCF80010C9D3B1F5206F4FEA512326
:1038100048D28B0903F1390003F13802C300F818CC
:10382000FB580838984259D05A6822F003028A425D
:1038300002D99B689842F7D1D868C5E90230856003
:10384000DD603046BDE8F840FFF72EBE0CEB03020A
:103850005268D20763D40B44DCE90212CA6091605B
:1038600043F001026A603046EB50BDE8F840FFF7D4
:103870001BBE0B44D10707D454F8082CAD1A1344CF
:10388000D5E90212CA60916043F001026A60284AD9
:10389000BD6012689A4293D8264B30461968FFF7EC
:1038A000F5FE8DE7142B0AD9542B1FD80B0B03F10F
:1038B0006F0003F16E02C300B1E719448DE703F115
:1038C0005C0003F15B02C300A9E741F00103C7E913
:1038D0000455C5E902006B60695071E77968921080
:1038E000012404FA02F20A437A60A6E7B3F5AA7F3C
:1038F00006D8CB0B03F1780003F17702C3008EE703
:1039000040F25452934206D88B0C03F17D0003F130
:103910007C02C30083E74FF47E737E227FE741F091
:1039200001036B60CCF800104AE700BF2088FF1F3E
:103930002C8CFF1FDC93FF1F38B5074D074C2C1B49
:10394000A41005D0013C55F8043D9847002CF9D14E
:10395000BDE8384000F01EB9000000000000000083
:10396000590400005D040000650400006D040000BF
:103970002280240322032480050E08090D0C06076B
:103980000F040013031F050E08090D0C06070F0492
:103990001F1F1F1F1F1F1F1F1F1F4053435F1A168C
:1039A000171B1D1E1F1F08091F1F1F1F1F1F031F7F
:1039B00000131F1F08091F1F1F1F1F1F1F1F850523
:1039C000040607841F1F435F40531A121F1B1D1E4E
:1039D000F9110000FD1100000112000005120000A5
:1039E000050E08090D0C06070F0400130393050EBE
:1039F00008090D0C06070F04FFFFC585848687C4E0
:103A0000FFFF001303931A9217FFFFFF4008FE43C6
:103A100040A004404408FE4344A004400018FE4374
:103A200000C004403000FE43309004403400FE43A8
:103A3000349004401C18FE431CC004401018FE4380
:103A400010C004400818FE4308C004400C18FE4390
:103A50000CC004400C10FE430CB004401010FE4398
:103A600010B004401810FE4318B004401C10FE4370
:103A70001CB004401410FE4314B004400418FE436C
:103A800004C004400010FE4300B004400008FE43A0
:103A900000A004400408FE4304A004400C08FE43B8
:103AA0000CA004400808FE4308A004401418FE437C
:103AB00014C004401818FE4318C004400410FE430C
:103AC00004B004400810FE4308B004401400FE4354
:103AD000149004404C08FE434CA004400420FE43D4
:103AE00004D004402410FE4324B004402010FE43C0
:103AF00020B004402810FE4328B004402C10FE43A0
:103B00002CB004400020FE4300D004404808FE438F
:103B100048A004401000FE431090044000FFFFFF47
:103B200000010000C087FF1F12000000000200001B
:103B30007C87FF1F4300000000030000D487FF1FA5
:103B40000000000001030904D887FF1F00000000E7
:103B500002030904F087FF1F0000000003030904AB
:103B60000888FF1F000000000000000000000000A7
:103B70000000000000151915F8B500BFF8BC08BC1E
:103B80009E4670476D360000350400006D0B000046
:043B90000D14000010
:043B9400F8B500BFC1
:103B9800000000000000000000000000000000011C
:103BA800FF0000FF0000000100FFFFFF010000FE12
:103BB8000001FF0100FF01FF0000FF0100010100FB
:103BC80000010200FF000003FFFF0302FFFF02FEE7
:103BD800FFFF00FFFE0201000001010003060101D2
:103BE800040606010203030805040504050404018C
:103BF80001FEFDFBF7F9FBF5F7F7F4F7F5F5FCF334
:103C0800FCF5F2070402F4F8FF0200F70B00FD0BC5
:103C1800070A050212100605180E00130F1208FDF8
:103C2800040906FC02FEF502F9F2FAF5F601F4F0D1
:103C3800EFF1FBF7EEE7F7F4EFF3EDEDF3EAF4EF6E
:103C4800EAF6F6FCF8F6FE0408FD05080F13031063
:103C58001D150C181A0E1915170E141E19161A15FB
:103C680013121C1C0A0A17150AFE0401FF0800019A
:103C7800FBFAF8F4F2EDECE8E3D8DDE1DCD8D6E2C3
:103C8800DCDCDADCEAE8E9E5EEF3F4FCF8F8FE035C
:103C9800020705050E0F0D0B0F0D0800FB00FEF9BE
:103CA800F7F2F2F3F1F6FAFF01060A0F19222429B6
:103CB8002E35393D404447494D4D4A4643413E3BE8
:103CC8003935312C251C160F03FEF4ECE8E8DDD15C
:103CD800C7C2BEB7ACA6A2A6A5A5A09E9D9D9B9E49
:103CE8009F9D9EA2A7ABB2B1B6BBC2C9CED4DAE043
:103CF800E9F3F9030E16202A313C454C4F52585827
:103D08005F606264646363645E5A55524E48453D21
:103D1800373029231D18120B02FFFAF7F1E9E8E6FC
:103D2800E4E7E7E3E6EBEDF1F5F7F8F9FAFCFDFD7A
:103D3800FCFAFAFBF7F5F5F3F0F1F1ECEFF0EBEF45
:103D4800F3F0F2F5F7F8FCF8F9FCFBFCFDF8FAFAE9
:103D5800FEFDFDFDFD00010202000406080A0D112A
:103D68001211141719161312140F0E0D0A08030254
:103D780001FDFAF8F5F3EFEDEFECE9E8E9E8E4E442
:103D8800E3E2E0E1E1E0E1DEE0DFDEDFDFE1DFE129
:103D9800E3E1E1E2E5E4E3E6E5E4E2E8ECE5E1E6D7
:103DA800EAE6E3E3E4E8E6E6E9ECEAECF0EFEFF074
:103DB800F2FCF8FAF6FE07FF030207100C0E0D17C7
:103DC80018131A1E1F1D1F252626272A2D2E3033AD
:103DD8003630323C3B3A3A3A3B403C3A3A3C3C3C3F
:103DE8003B39393938393736323433322E2C2E2292
:103DF8002525211F1F1B110E150F0507020002FAAA
:103E0800F7F9F2EDECEBE2DFE0DAD9D5D1CDCCC9A8
:103E1800C6C9C8C2C9C5C8C5C6CACDD3CECDD5D8EE
:103E2800D5D6DCDBDFDCD5E3E4DDE3E0E9DDDEEBA2
:103E3800E4EADFE6E0E5E8E4E5E7EAE2E6EAE4E723
:103E4800F1E9E7EDF7F4F0EEF2FF020801FB0818DC
:103E58000E090E19101A13171D1B1C1C171B1E27E1
:103E6800180E1A1B1814150F0B0F14110D0C0C1526
:103E7800191313120F111B1C1A1E221D2229222688
:103E88002927232C2B262128292C2E201D282A22BD
:103E9800191B1917150F08021005FEF4F8FCEEEDB2
:103EA800F4E3E7EAECE9DCEAEDEFE6E6F0EAF5EF61
:103EB800E7EDFAF8EFF9FFF3F8F7F5FCF7FAF6F89B
:103EC800F6FBFEF8F6F2F9FDF7F3F3F8EEE6F4F296
:103ED800E9E7E4EBE4E7E5E5E4E0E9E1E0E7E8DA8F
:103EE800D8DFE8F2DAD9EBEBF0E1E8E1E7F3EDE46B
:103EF800E6EEF3F1F0EDF7FDF3F4F6FBFBFD01F36D
:103F0800040BFE01FDFE0208060305040A1311FC5A
:103F180000170F06010E07040C110E0E130F1C14C8
:103F280011171715171A1612130F0E16140C0D0B5E
:103F38000A04000605FEF9F9FF01F6EFFE02FAFB96
:103F4800FAFBFDFBFCFDFEFEF801FDFD0307010683
:103F58000B030A0C09060912120F16080B16141384
:103F68000A0F111A160D0D0F19180F030B1413123F
:103F7800060713150E0E0B101514110B0B171C0C3E
:103F88000E0D161410121117180D16101419111001
:103F980016110E14141112120D0A100D080F0FFE2F
:103FA800010904030303FA0205FBFB00F5F7080007
:103FB800ECF906FBF8F3FCF6FD01F0F5EDF5FAFB7C
:103FC800EFE8EBECEEE8E0DBE0E7D9DADECFD4D5DA
:103FD800CFCCD4CDC6D2C8BCCCCFCAC6CFD2CBCD1D
:103FE800CFDAD9DBDAE6EDDED9F4F5ECFA02F9FD41
:103FF8000907040B0F091414111B16111E1E1414A3
:104008001C1F1612170A15170E0C0714100A050B99
:10401800080D0A0809FB04090600000105FF03FC56
:10402800F8F7FCF8F301F9F6F7FFFFFE00F3F909DA
:10403800FAF9F8F9040300FF00FAFF08FBFD000095
:1040480005FAF8FD0605FD0203FD090907020A073E
:10405800020C120E0C0A051A1C14120B1220220E46
:1040680006151814120F0D0E0D140B070B080C046F
:104078000606050D0A00FF020F08FAFEFF040905EF
:1040880002FF0204000202FA0C13FDFB060D04FFF6
:1040980001010B0DFA020901FFFF05FE02FEFDFDFD
:1040A800F8FAF6FDFAF2FCFCF4F5F8EFF2FAFAF198
:1040B800EEEFF2F4F0ECF1F7EEF1F3F4F4F6FCF8CD
:1040C800F0FAFEFAF9FFFCFA02FDFD00FDF7F8F43C
:1040D800F3FAFDF0EEF2F4F2EFF0E5F1F8F0F2F3B6
:1040E800F5F6FEF8F0FFFB010BF9FB040D01FD09E5
:1040F800090608100E01090D0E09050A0D09060723
:104108000804050904010005FF0303FBFF06FCFB87
:104118000401FBFDFDFE0606F7FF0903070A00FE82
:104128000A0B0C0C09060A1314080B0F10150D0FB7
:10413800131411111713081011120A091007080D8A
:10414800080B09FC0006FDF5FD0303FFF4F6FBFD73
:10415800FCF3FAF8F2FAF9F1F0F5F2F5F5F3F0EE0E
:10416800EDF1EDF6F2E8EFF2F7F4ECEDF8F8F9F727
:10417800F9FCF1F900F7FAFBFC0005F7F405FAFC85
:1041880000FF03FB0A00FC0608070B0C020A130FCA
:10419800090F1012160F121B170A1420170C1616E7
:1041A80016181412160F0E111817050B0E0E0B0AFF
:1041B80005050E0A000B0A0A080AFCFF0E02FA019E
:1041C800FBFA0805F5F0FBF9F9FDF7E7F0FBE5F375
:1041D800F8DEE2EFEAE7EBEAE5E5E6E8EAE9DADA6B
:1041E800EFEBE6E1E5E8EBF0E5E5F0F1EEEDEFEA1F
:1041F800FAFBF2EFFBFAF902FEF502080503FC03ED
:10420800071000000A0A0A0A09FA071408020AFE37
:10421800060B04FC0308070C0FFFFC0C0B0B07062E
:10422800030A1203FF0D0505020602FA02FBFBFE54
:10423800F8F9FAF3EEF8FBEBE4F4EFEFF5EDEBF158
:10424800F8EDEAF7EEF3FDF7EDF602FCFAFC0507E8
:104258000200FB0E100A0C08061216160E0F171C89
:104268001C171B1B1E1B1D1F12222119151E2A1984
:10427800101E1F191C2410141E0D1E150D0D1A12C8
:104288000513120A070607FF01060004FAFD02FCDF
:10429800F5F2F8F6F8F9F4EDF3FAF7F0F6E4E9FCDC
:1042A800F4F0E8F3F3F7F7EFF4F5F8F5F5FAEFF9CA
:1042B800FEF4F6F8F9FAF8F7F9FAF3F5FCF3ECF38B
:1042C800FCFEF1F6FAF4F4F7F9F0FBF1FA03F1F574
:1042D800FCFAEEEFFEF3E8FAF8ECEFF9FAEDEDEFA1
:1042E800F5F8EEEBF5FBF0E9F6F7F2F0F4F7F40188
:1042F800FAF5FDFFFFFA0B04FD0B0B0F0C040D1371
:1043080016120E100D16151A120F1818161112146F
:10431800161511131207100D0911130A0503030AC4
:104328000701FE0106FCFD0AFAFD0A09F5F409FF7A
:10433800FFFDF9FE0207F9F2FBFE0300F5F1FA07AB
:1043480000F9FCF9FEFEFDF9FA04FAFE02FAF90397
:104358000101F9FFFD0403F90203050504FF020A40
:10436800060D0E0508070F080A0B030A01080803C3
:104378000D02FE000400FE02FC03FFF9FDF8F8FC44
:10438800F9FEF2F4FDFFF0ED00F7F2F9F0EFF3FAC1
:10439800F8EFF6F6F5F3F2F7F3F7F4F7FAF1F6F4C7
:1043A800FAFFF8F9F7FBFF0203F7FF050605020419
:1043B800030A0A0205090B07070D0B0909090D066F
:1043C8000B06040C0807040507060AFFFE05070587
:1043D800FF04010507FFFF000500FE0303FEFDFDC6
:1043E80001FF0300F6FCFE01FDFB00FEFDFEFDFCE7
:1043F8000001FB0100FF05FC00FF01070703FB01AB
:10440800000205020602FD040404010101FB050186
:1044180001FCFC00FD02F8F9FBFCFCF5F9FBF7F4E4
:10442800F9F7F5FDFEF4F4FB02F9FE04F80000FDCF
:10443800FE0609FE030A0908050805090E06070B0A
:104448000A050A0D060205050405050100FBFE081C
:1044580000FEFDF7FEFDFAF9FFFBFBFEF4FCFAF89F
:10446800F8F7FEF8F8FEFCFBFAFFFCFF02FB000081
:10447800FD010105FF0302FDFF060CFEFF09040113
:10448800FF0A05FF06FF010605010302FF010002FE
:1044980002FB0200FD01FFFBFB0401FAFBFCFCFC34
:1044A800FDFBF7F9F8FEFDFCFEF8FCFFFDF9FF0146
:1044B800FD03FFFE020202FF0305000307050306D2
:1044C800030307060403020509070205030607029A
:1044D80005030905030401020004FFFE0703FDF9B3
:1044E800FF07FFFCFC0100FD02F9FC060205FEF9CE
:1044F800FE0702F1FEFE0000F9FCFAFEFCFC00FAE1
:10450800FFF7FD01FE02FEFCFF01FFFD00FE0000BB
:10451800FCFFFEFFFBFE030000FFFFFE020102039B
:10452800FCFD0502FBFC0303FDFAFD0604F6F9FF9A
:1045380002FFFDFBFC050503FAFD080701FCFB0271
:10454800030501FD0203060201FEFF03FDFB010056
:10455800FDFBFD0300FAF9FF00FF00FBFCFF02FF73
:10456800FE02FE040301FF060D0301050906010A08
:1045780007060A0808060907080A060A0C070305B9
:104588000F0B0406080A04040405060305FDFE00D3
:104598000101F9FC00FFFCF9FFFCFE00FFFCF8FE3E
:1045A800FDFBFDFC03FEFCFCFB00FBFAFAFEFFFB37
:1045B80000FDFA00030400040604070506060807C0
:1045C800050A0C09060306060703FE050601FEFF99
:1045D80000FEFEFAFAFFFCFBF6F8F7F7FAF5F7F239
:1045E800F4F6F2F1F0F6F2F0F2F0F5F5F5F0F2FA91
:1045F800F6F2F5F7F7F901FDF5FAFBFFFEFE030108
:1046080000FFFFFF0204FF020404010003FF04048B
:1046180004020002FE01030403FE0100FF00FE0085
:104628000100010200FEFFFF0100FDFF0101010181
:104638000100000002030101010101000000000067
:104648000001010200FF02010503FD0B00020DF14C
:10465800F814190FFEEAFD12ED0C0CF0191AEEF021
:10466800161115FBF11B16ED1815EEE72D0EE705D3
:10467800F40B03D50C1AF600F2F9FA00F8F703FD6B
:10468800F603B9F8F6E507C7F7DDA909F1C700F899
:10469800A0CA0EFEEBE411BFE404EBED12E2E50F55
:1046A800D21423E8C61D041A21D0DE34F7EC1327F0
:1046B80030CAFA0DFD2E070629DE083E0CE1044437
:1046C800FEF61114FEF9F918FDF20F09EBFAFDFCDC
:1046D800180DFF111C09DF1F1BF41A1FFFF906191B
:1046E80008FE14F3EF0AEFFD2DEEBB1518FEF201DC
:1046F800E9FFF0F0FFFAD2E01E02D9E207E6FBEE8E
:10470800EDF7FDFC181BD90143091331EC05421CD8
:10471800011A231D2A261EFD1B3A3F13082A25FECF
:10472800340FF829212300F40B1CF9E6F6EEF8F112
:1047380003F5F6DF0814C6F0FFE804FD0107EF06ED
:1047480001DBF91DE0E80B0718F4F80BFA13150A5A
:1047580014EA002822F3EDFC0E09E81BE1EEF8ED5F
:1047680002EFF1E0F300CEE3FF01E0E60BF6F91CFF
:1047780009E209F90E080126FD0C3236EC2E39F54E
:104788003816103D410AF04E2120F4FF391812EC7A
:10479800EE1200F8E61DE6CE07F6E2CEF7E0ECE909
:1047A800E303D2F413CFE3E3EB0002BEAD1319D356
:1047B800D504EAF10208E3C327C7F604E815B8E907
:1047C8001AF001E2F8D5EA1706EFE903FF1F0BBB61
:1047D800E8272F13E4ED360AD8F63C28E3061BF643
:1047E800FA3C081727301FFB25301FEB2F10183E07
:1047F8000EF51C2B21EAFA3B16E40725FDE0030918
:10480800D1FC16EBF3FDE8F0FFD5E8E3F8E5D2F9C3
:10481800DBC9EFF9D4E1D2E4F1EFDEF0FCF9ECD03A
:104828001A11E8DD181B05FEFC200C031124F1FA0F
:10483800290BE2092B33F3F624F924ECE22F09F8CB
:10484800FA1316D70D2909EFFB3206EB0E1D10FDE2
:10485800FB170BF30C081308F3FF1F15FFE0FC21EF
:104868000808F7F7FE0E0BF8FC030BFD06FC07041F
:10487800F510FEF4F4ED0014F9EFF7FCEFFEFFEA93
:10488800F7DFE6F6F2DCD70305E6DCEAEC04F6E54A
:10489800EAFB0101F7E9F41709020705080B0019FB
:1048A8001B0C08090C0E0302140F080B0D020C0C4C
:1048B80001FD0E0B0304FEE50115FDFF15FCED0AD5
:1048C800FAEE0913F9F9F7EA0B17FAF70D1010FDCC
:1048D80000FE061411000D0DFA050BFA1600081655
:1048E800E5EE01F403FCF9EADFED03FCCAFF02F789
:1048F800EADCF6E4F8FE03F8E7F206F5FB0709122E
:10490800FAF60EFB03091614FE080AFC2211FD270D
:104918000AF3151BF1FA12111500F50900020A082D
:1049280004F6FD0FEFF203FCF50604E501F3F912B6
:10493800F0F60BFCF6FEEFF908010703EFF9F6FABB
:1049480024FBDE0F0CFAEC0306F7FFFE02F5F2F18A
:104958000200F800F7FCFCF2F2F60A02F302F5EEA8
:104968000C06F7FDFD140BE30F1AFE0A000A041CDF
:104978000AFB080C101B05EB122504FE0D0213059B
:10498800ED1B15F1FB1A0AE1071907F6001BDBDE20
:104998002A13E6DA08F30BF1E800E5F911EDE1EA8C
:1049A800060BD7FE16EAF70BF2F70DEEF70A07F437
:1049B80002F7F718E6F311FE04E7FE04FFF9F2F92F
:1049C800FDF7F2FFF7FAFC06EEFFF10A15E405130E
:1049D800EF0C0E0400111D080B051E13F01E211309
:1049E800F909150A130812021725FCF906070E0122
:1049F8000AF2F90A00F7E1FF0802ECF1F00FE6FC11
:104A080013E0F30501F4F8FD1D03ECFAFA0DF8FFC5
:104A180016FFE6F915FCE918FEF0FBF50F00EBF7B9
:104A2800FFFAFB06F2EBF2080BDFFFFDF205EE01E1
:104A380003F9E90203060CF0F10901FE08FD0BFC7D
:104A480005FFF6121FF0F50E0C10FE04051CFD0DF7
:104A58000CE2122005031C02F703110B0B0F0808C8
:104A6800F409150F00E613FDEF1BE9DF0D0DF2ED5C
:104A780004E305F9EF15FEEAFF0104000E14F0093E
:104A88000404FE091EEB050AFB0D07F212F3F818E1
:104A9800EBFDF1F81310D5FB08D80008EA01F4E69D
:104AA80006EEE818FBCE0A020401DFF813F9E50F59
:104AB80001FBF30610F20108000CF9011B07F302D1
:104AC80014F0071DDEE505110D01F4F305FCEFFAFE
:104AD80008FCF5FD0601F2FCFAFD0EFF04EEED13ED
:104AE80005FDF51EFFE3FC1501EF110EFFEE1BFFA0
:104AF800FAFB0A0D0410F5FBF21320F4ED1C15F176
:104B0800FDFF0F1A06E011FFEC26FFF007FEFFFE7F
:104B180014E8EE2300F307FEF804FF0600F8F6F1A8
:104B2800FE0513F2EFFD11F6F413F604010209066F
:104B38000701050C030409F60B140CEB0507060E18
:104B48000906FAFFFE03FB0910F6F406FC03EF035F
:104B58000FF7F1F70DFEF0060B01FD0306EBFB1B4B
:104B6800030B09EE07FBFE0C09010502FA040F0608
:104B780019E8FE3000F904F3120EFF0FECFB0E01EA
:104B8800F2FA0006FBE700FFED00FEE3FF08F5F888
:104B9800EFFAFAF5F104FBEC1BF5EB06F41003F65B
:104BA8000BF7FF0AFCF60C15F902FC0011E61424B9
:104BB800F5F308020BFF010F00FD0DFDF1050B00D9
:104BC800F50406FDEFFB0DFCF902F9FF030302F4FF
:104BD800FB0A09EBF80CF4FEFCF504F2F103FAF910
:104BE80005F6E6F8FC02FEE7FC05EBF9FFF4FD002C
:104BF800F8F4ECF802F1EE0503F2FDECEB02F6FD39
:104C080000ECFDFEEE0409F9F9FB020AF6021806AB
:104C1800FD0B0E080D0311150D0F0709121A1110BF
:104C2800100C160D0A1E0F05170B0F170D090A0E8B
:104C38000F0CFC011406050AF60E04040DF3030A12
:104C4800FFFFFDF90D12EFED00F2FEF7F0FDEDE9C3
:104C5800FDE9E9FFF5E4F1E7F701DAEE08F9F4F523
:104C6800F6F7F60014F3EB04F6FD02FE0904F3FE72
:104C7800000103FAFCFB03100EE8FC0D061001F915
:104C8800010410100206080505140B010409150E8D
:104C9800F30D1F100407050A121606091506160556
:104CA800FF0C1518001011F4010D0DFB0C0AFD0581
:104CB800FAF80AFAF202F6F7EA0101ECEDFEF1EB76
:104CC800F1DEFE08E6EBF6E1FAEBF203EDECFAEFC3
:104CD800F004EFFD07E4F700F9F4F302FB00E70046
:104CE80006F402F0FF00EC0DFFE50B11EBED06FA00
:104CF800F40307F2E50D09F003F0F8130FF7F705D1
:104D0800FF1021FA05050E17FD0F030D180B0519E5
:104D180011FF130EF01B1DFC08021404F9100AFD04
:104D2800070AFCF5F2020EFAFB06E8EA0608FFF0AD
:104D3800F80302FCF4EBFF0EFD02FDE6F6090101A3
:104D480001FBFAFFF9FB00F9F5FBFAFEF3F10AF6AD
:104D5800F30FF9E20DFFF1FCFF060DFEF40C040160
:104D6800F6050AE9051DF3EB1512EBF608070E0721
:104D78000D03F80F05031F07061505061900062180
:104D8800080A120504FC0E240AFE07F8071B00FC9B
:104D98000F050A0CE8FD0CFAFB030CFA00FBF5F012
:104DA800FE1501EAE9F208FEE9F3FCFE00FBF5F561
:104DB800FA0D0EEA0012FA060AF80B17050A01F6B0
:104DC8000C0AF8020802F7F4FCFAFB03F8FAFEEE04
:104DD800F704FDF7FD01F4FE0D01EB021706F8FBE1
:104DE800FC0A0DFE0105FEFB0505FA0206FCFB01A7
:104DF80004F7F9F4F808FFFDECF50306EEEFFFF908
:104E0800F5FFEEED01F5EFECF20401F7F3E9040923
:104E1800F505FFF2FDFF01FC0309050101FFFCFE9A
:104E2800FD061806E90208F9FD060A09FF0006F959
:104E3800FE04081004F508F9FC04120DFB02FDFF3E
:104E4800FF0306020306FAFBFB0907FF02FF05FB47
:104E5800FD0B09FCFE04FB0D0EF9FBF1071B0BF51E
:104E6800ECFF09080FF7EF011111F40701FF0DFF1F
:104E78000601F41008F6F3000B08FBF002FFF8FF38
:104E880003F8FAFD06F6FAF9000EFBFAFB0B01FE31
:104E980008FC050EFF0205FF02020903FA0506FEDB
:104EA800FD00010205FCF90203FFFB0705020405EA
:104EB800FBFC08FF0303060BFEFC0A06FF0A0B00B7
:104EC800FA071109FF0A0D0706FE0706070A0CFD77
:104ED800F50E06FCF90108FCFDF9F1F90900E7F700
:104EE800F7F001F8EEF2F7F6FDFCECF404F9F60041
:104EF800FEF7F508FCF2FD00FDF7FD04FFFBFBF9EA
:104F080002FFFDFC03F7F80901F5FA04FBFCFEFDBE
:104F180002FAFC0700FA010C04F7FE0B0901080964
:104F28000805000A0705080D03FA0F0C0200080E11
:104F3800020000F9FF1008EFFCFEF80600F6FAF987
:104F4800F90602F0F507FFF80303F6F20E02F50280
:104F580000FFFBFE08FFF9FEFE07FF010405F1F75D
:104F680016FFF0FF03FCFB01F9FCFEFD03FDF7F75C
:104F78000A11FCF2FE070205FF0604020FFFFF07F5
:104F8800080604060EFCFC0F0A00010CFFFE060DC5
:104F980000F40605FDFEFF0601EFFE0CFEFBFFFC1C
:104FA800FCFF0301F90307FAFC040402FE020910DE
:104FB800F9FF0B02FF0614F5F8060A02F8FBF10ADE
:104FC8000DF9F1F4F4FB0007F5EA05FBFAFCF5F23C
:104FD8000300F400FFEAFD03F9020100F7FB02F603
:104FE800001901F00509F9060A0001031B01F10087
:104FF800060C03030704F9000AFCFF1203F301116E
:1050080006FFFDF8060A0A050204FA090CFCFF125D
:1050180013FBEB000F0E00FAFCFD070104EFEE0F87
:105028000DF8F5FEFBF00006FE07FDEEF3FE0405A5
:10503800FDEEF708FDF6F6FAF6FB1303E5EFFB05C0
:105048000DFAF2F800090400F1F6070E03F605FD63
:10505800F80308FCF71206EDFA05050A03000B0B26
:1050680003FE0006061407FB0A02090D0300090BDC
:10507800FFFAFE07060309FCF90900FC0201FFFA22
:105088000301FCFDFF04FC03FAFB03FAFEFEF8FD36
:1050980002F8F6FD01FDF8F5FD00FBF9FCF9FFFF4C
:1050A80001FFF6FF05FBF70300F9FBFEFC0506FC14
:1050B800F6FD040407FEF8FD0206040401FD0102E2
:1050C800020505FCFE07050200000001040402FDBC
:1050D800FD030601FF0301FD0103010200FE0003B9
:1050E80001FF0100FF0000000000000000000101B6
:1050F800FFFF02010002FFFE020400FF000003039D
:1051080002010300FD0402FC030803FAF90105018A
:10511800FCFCF70107FFE6ED1B1FF2D1F70E0C1898
:1051280002E3E8FCF4190FF405F7DA00231103D6BB
:10513800DD0611F01834E7DBE20319F2111EEAEF7D
:105148001826D8EC3EFE181BF11406CDDE250F11EB
:105158000CCCF9E6D7241B1A00FED0BC15120FE3BD
:10516800C30918F80506E8F01408E21119F8031045
:10517800F3FD3208F0161B0C0805FD1406E318337E
:1051880000C90107DC2C2F03F8FE081A0D041822A9
:1051980005E71D1FFC0A140BF5E8DEDAF7E0EEF36D
:1051A800DFFBFCDFCDE601F3FFFD0B170D13191D27
:1051B8001F2424211D263E35291605F9F9F8E8D4BF
:1051C800B1D2F2DACFCCCDD0E4EEEBE5EDF3E8E303
:1051D800F70D12141C1FF6F3080F11163931241994
:1051E8003B19FD2107FAD7E4010C0A0D1E09020537
:1051F800FFE9E7F40301F9FBEFD7C9E2ECF2F8EBBA
:10520800E3DADEE9E8DADEF1F3EFF70002030B0C8C
:105218001415282B2433363D2E05F10C1F282E306B
:10522800322203F4C7A3C2E4F5FE02141E1C2E2F7B
:105238001A0B140EF3F5E8E6EFDFC5BBD2E5DDD9AE
:10524800E0F0F7D9CDBEF7353616F8ECD4E1F50421
:10525800293A40290EF0E7EA0E2D37351C121800BE
:10526800EDD5D1DBD7D1E6EEFC1B2221322F132C52
:105278003C2D3B362608F701050F00D4CCCFB8C427
:10528800C5D00C18FFCAB2CCF1E302FFE9F201184D
:10529800140C253949423807EFF808F5D9E0D2CA85
:1052A800CECCD7E4F32A4B3E2B1C302D13372B1DC5
:1052B80002F5F7010D19191219120D0C0EF7E0CEAF
:1052C800C2D9E3E8001D17F8D0C5E6ECED01FF09E7
:1052D800282C3F07FE24252D1B0CEFD7E7EDDDDA40
:1052E800D1D3CDCECDCDE7E9FD30321A00FD0B0686
:1052F800FD01161926373A403325271A080808FDF4
:1053080006FBCBB1B5ACCFDBDAFB09181F282C376D
:10531800351E1305F9F6E1F4F902F9E4D6E4FEF0D6
:10532800E8DFD6FF05F7E1E3F6F3E9DDE4F3F6029B
:105338000210302D230F2F39363018161316FAF0B5
:10534800F2DCD3D6E0D2CCD9E0F30D304131373995
:105358002008020D02EBE0F7090A06EDD2051B074B
:10536800F7D0E1EDFFFDD6D0D7DDE6EBECF8091E6E
:105378001D19152635312E332E17210FF5F401F49A
:10538800F1F1EBF7FF02FCF2EDF5E9FAFE02F5F1B7
:10539800F5DDD9EA1C1F262D1F210D2325130A032D
:1053A800EAD9EAC2C6D4BAB9CCF5F6193822251D0D
:1053B800241D0105151424292600100B1007E308E5
:1053C800E6F102F0F5F4CBD703DECFE20908F10EDF
:1053D8002917ECEB04372907081B05FE0308EAE048
:1053E800F8FB080A02DCCCD8F4F7DCFCF6FE181649
:1053F8000DEFEAFF17202411F61919111F1E12EFDD
:105408000902DEF9FCD3E1E6F4EED5DEEEF7FF178C
:10541800082420183F22132011E9E00C03FBF5F5BE
:1054280000E8F1FC02F7EF1700F1F3E4DCE0E7E352
:10543800D80413090B16251514FA182B330F081A5C
:10544800E9F6F9EAF4E7E9E2EFFD05FDE90E0707F9
:10545800FCEA1E271222200FEAF9180C0AE7F509C0
:105468000503F61208EFDFEAF0F8E9E9EBE4D8FC07
:105478000FF61B2E3C18161109161413F904EAF23C
:10548800EFDAE8F3FAE1DF06130BED001605F6ECA8
:10549800122302F50C0CFDF50E1A11FF051F06EE7E
:1054A800F0111A04D9E7EEE7070201E8DAEF040081
:1054B8000F2D2009172F210803F6F006EEF5E4D585
:1054C800D2F91100E8EEFB180C091405F8DEFC10FF
:1054D80000F5F6FDFF1B0EFC0123292018EDE61C44
:1054E80008F9DDD3F0E40EF9FBF1F718FF0B0CFD1A
:1054F80006190DFBF6F00403FC09F0F7FBEAEDE5ED
:1055080009251609DD0317F70E00F4000006E2F876
:10551800141A2418090107182212F709F1E8FCFCEB
:10552800F8D1E5F0FD00D5D7FB280CE4F809080907
:10553800E8F80DFDF80B01DD021C1CF1DF191D0652
:10554800E6141AFA04010FFFDEEC0B2310F904EE3F
:1055580019260CFFE5FDEAF3E20818ED02100B032B
:105568000509DF102008FBEFF7F205F0D5EC06EA95
:105578000B060827E4E4010BF5E10F1809DD0B25FC
:105588000700ED0A0FF5FFEDEE121A03EA13EF0715
:105598001CF9E2DE1D1502100C08FFF1110B0501C4
:1055A8000E06F40F00F0040A070700F500F4D5F61C
:1055B80007FCEAFE0F00ECF7E6000DFFF60F0EF809
:1055C8000818220BE7FFFB070F031300FD03F7E59D
:1055D800F4E9F9F2EAFEFCEE02041103FA160D0BE7
:1055E800110D15FEF1130A0301EF0BF6E7050C0187
:1055F800F8ED0A14F9FA0A0902070819F6F703017F
:10560800040502FAE60C07F6FAFCFBF1F1FEEEEEF1
:10561800FE06F8F1F811EFF21606EEED16070F1573
:10562800141105F709050DFCF71008FBFF16F5E343
:105638001609EB1122FDE2E0F1060C0EF6F4F5E98D
:10564800050404FB101907F7061B04E8F8F5F8FA37
:10565800FDEE0DFFF0FBF9F5010E1009F1DE09155D
:10566800170503FB032607EAF000E1FA030D1A0405
:10567800D7EE1600FDF0FFFB0512092314FA030606
:10568800EAEEFD030EF9F70E02F1FDFC0000030738
:105698000C0FF0FB0E1105ECF6F6000B04EEFDF610
:1056A80004FFF5000CF6FF05F7FBFAF4060F0401FA
:1056B800F90400EE04F8FA0B12E9EE09020403F803
:1056C800FB1407000B0C0E07F9060FFF020606FE77
:1056D800E8FAEDF40106FEF1050C06FD0B0CF5F7F2
:1056E8000CFBF10CF3031708F2EEF6F70405FFFEC6
:1056F800FBFBF9000700090C04FE03110F11FE0261
:105708001708FEF6F8F3F506FBF7F6F8FAF60700C1
:1057180006FCF70909FAFB0113FFEC07FFF7FD1771
:1057280001E9FC050406EFF9080715F0EA0209FB90
:10573800F0FD070102FAFD050408FFF8FE00070264
:10574800021212F6FB00FF02F402FBF904FFF30653
:105758000BF90405F70701F50006FDFD010D01F33E
:10576800F2F7040603F50510090A010608F4F90C16
:1057780004FE04040602FEF70305FAF30601FC0A18
:1057880005F3F80A03F6F6070AF8FA0C08F802FE19
:10579800FC10FFF4050502FFEAEE0B1703ECEC051D
:1057A8001611EAEC121407F4F6FF070F06FDF6FBD4
:1057B8000705EFFA090801FDF9FB060B02011107BD
:1057C800EDFA0E02FDFCF800080AFAEC080B0C0EC4
:1057D80007070A0BFBF702FA070C02F0F0FCFAFEC7
:1057E80003F8F9FBF7FFFFF7EE0007F3EDF70506FF
:1057F800FCFE07130FF3EEFF0D0D0604F6FE03F98A
:10580800F1FD0608FAE5F70505110BF7FC02140D82
:1058180001FFF80D160DECF91106090B01F7F5FE5D
:10582800FBFE02EDFC10FFFAFBF5EEF60E04F0EFBE
:105838000DFDEF0D11FAF6FC031100F709F7FE173D
:1058480012FAEEF6FF000802FBF9FBFEF4FC080F63
:10585800F8F2FC04FFF8030B090002FAFD0E10032E
:105868000D07F5051100F204FBF50607F7FEFCF538
:10587800FAFB01FAFA0A010101FB020D00F3FB022F
:10588800040404F9FB0709F6010DFEF5FE000B0BF5
:10589800F2F1FA0003FCFD010502FF000707F9FA1F
:1058A8000A090AFEED0107060B08FC060F000309AA
:1058B800090804FB000404030601F7FDF902FBECE8
:1058C800FC1008EAF5F8FB0603FCFAF7F905FFF601
:1058D800F70402FCFFFDF8FE030204FDF6FD0604D2
:1058E800FB010402040504080908FAFC0E0C07FF72
:1058F800060E03FBFC010404F7EFFE0207FDF404A7
:105908000C03F5F5010603F4F41001E7F7FF0207AD
:10591800F9FC040900F901010D0B0400FF0605025A
:1059280004FAF4FA0400EDF5FCFAFD01F8F6FAFAC7
:10593800FDFD020D0802FDFF0B0B09090708040510
:10594800040500FE04050304FAF7FDFEFDFD07FD4E
:10595800F6F6FA01FE0801F9FC030803FE0002024C
:10596800FDF2000E02F2FD000403F6FA03FF010245
:10597800FBF9FA0100FE01FF01FEFDFF020600FF30
:10598800050C05FA0202FE0506F8FA050507FFFCF4
:10599800050602060902FC0005050A0702FDF7F9DB
:1059A800FCFAFAFCF7F9FC04FDFAFD01FFFC090317
:1059B800FAFDFFFA070BF8FC07F5F2FE0912F8F3F7
:1059C8000006060000010908FD0600FA06030206A3
:1059D80001FB0003FFFEFDFF08FFFAFE0002FFFBCC
:1059E800FDFD0502F9F7050C07FEFA050400FCFCAD
:1059F800010402030401FBFF05FC0205FCF5FD029E
:105A0800FB000700FCF7F70104FFF8FA010200FFAA
:105A18000705FC00070D05FEFF01090BFFEEF70364
:105A280004FBF70205F9F8FEFA00080602FDFD0579
:105A38000501010704FE0500FEFFFF0604F8FA044D
:105A48000302FFFBFDFEFDFAF90204FFFFF8FB0469
:105A580003FD040903FCF8030703FFFAFCFCFB0140
:105A68000300F5F7040701020401FF0607FC00071D
:105A78000101040001060301FDFAFAFD0705FCFA1D
:105A88000005000402F5000301FD0003FCFE02040A
:105A9800FBFBFE0707FBF6F90300F9F7050D05F90F
:105AA800F6000705FE00010805FC0403010403FBDA
:105AB800FAFF06FFF70102F7FD02FE0200FE0302ED
:105AC800020400FCFC060801FAFA0002FE0204FFC8
:105AD800FD0204FBFE060904FBFCFD000405FBFBBC
:105AE80000010401FB02060400FAFC0202FFFC01AB
:105AF80001FE01FAF9FA0103FEFCF9FD030C03F6B5
:105B0800FF050605FFFE0105FD020B06FEFC01066A
:105B180003FFFCFEFDFF04FDFE03FDF7FC0400FE91
:105B2800FFFFFDFF0903FC03070001FEFD040A0354
:105B3800FBF8FE01FDFDFCFD0104FCFAFF0102FF7C
:105B4800FD0206000003020001020306FEFCFE023D
:105B58000200FCFC000100FFFEFCFDFF01FFFF004E
:105B680003020001020001000202FE0304FCFE0120
:105B7800000200FDFFFE000100FDFF01FF0100FF24
:105B880001FF0000FF01000000FF0001010000000C
:105B9800000000000000000000FF0000000100FFFE
:105BA800FFFF000000FE00000001FFFF00FF00FFF4
:105BB800FF01000201FF000303FEFE010204FDFFD6
:105BC8000401FF0102FC00FF00FDFF0301FF0001CB
:105BD800010004070101050806010403050B060777
:105BE80006070606040100FDFCF9F4F9F8F0F5F2E1
:105BF800F0F4F0F4F9EFFCEBF30B0401EDF9FE041B
:105C0800FBF710FAFF0F090F02061A12060A230AF9
:105C1800041B131906FE080D06FB06FAF405F5F138
:105C2800FAF1F901EEEEEAF1FAF4E7E4F7EEECEF57
:105C3800E7EAEEE4F2E6E8F3F4FBF4F4FE0607FB29
:105C480008081413031821150F1F1C121F181C0F06
:105C58001C241D1B1F181716241D0A101D1809FFC8
:105C6800070002080002F9FAF6F3EFEBE9E5DED4E3
:105C7800DCDCD7D2D4DFD7D9D5DCE8E6E6E3EFF031
:105C8800F4FBF6F8FF03020704060E0E0C0B0F0BCD
:105C980006FDFAFFFBF7F5F0F0F1F0F6FAFF010662
:105CA8000A111C23262C31393C4144484A4D505096
:105CB8004C494644413D3C36332D251D170E03FD06
:105CC800F3EBE9E6DACFC5C1BDB4AAA4A1A6A4A3A3
:105CD8009E9E9C9C9B9F9E9E9FA3A8AEB3B3B9BD5E
:105CE800C5CBD1D6DCE2ECF5FB060F18222B323DF2
:105CF800454C4D5256575D5D6061615F605F5A5615
:105D0800514F4A454139342C27201B16100900FEF3
:105D1800F8F6EFE8E8E5E4E8E6E1E7EBECF1F5F5BD
:105D2800F7F8F9FAFBFBF9F6F7F8F4F2F0EFEDEF14
:105D3800EFEAEFEEEBF2F3F0F4F8F9FBFDFBFFFF0F
:105D4800FD0201FDFD0003FF01FF02020105030141
:105D5800040708070C0F0F0E101412110E0D0E0871
:105D68000A0B0400FF02FFFAF4F5F5F0F3F1EFEC8B
:105D7800ECF0EDEBEAE7E8E8E8E7E6E5E5E7E5E695
:105D8800E5E3E6E6E5E6E4E5E8E6E5E6E8E8EAEBA5
:105D9800EBEBE9EFEEEDECEDF0ECEEF2F2F3F5FA09
:105DA800FAFDFBFF02FF03040706080F0E0B0D1296
:105DB800141114161413171E1913181F1F1A1B1D5C
:105DC800222220222524252A29272B2A33312F2D48
:105DD8002C352F2E2C2A332E2C292B2F25272927FB
:105DE800221C1F1C1813100F0D0A0705FEF7FEFBD7
:105DF800F3F0EDEBEDE9E4E2E2E1E0DEDAD8D7D565
:105E0800D5D2D1CDCDCFCECFCCD3CCCFD5D5D7DB76
:105E1800DEDAD9E3E6DFE4E6E5ECE9E7EDECE8EA2B
:105E2800EEEBE9EEEDEFEFEEEEEFF0F0F3F6F0F774
:105E3800F5F6F6F3F8FA01FFFB01060403090B0D6A
:105E48001007131B1318161C180E20191E161816E7
:105E5800151C151514170F0E120C09120B02060C3F
:105E68000C0504020E121611080D20191314231A1A
:105E7800222120272625262122252D26151F2321EC
:105E88001D1D1A131518150D0903060900FCF9F252
:105E9800EFF4F5EDEBEBE4E1EAE3E4EAEAE6EDF151
:105EA800ECE7EBF0F1F8EEEAF5FEFAF3F4F7F5F7C4
:105EB800F2F1E9F9F7F1EBEDF8EFEBF7EBE9F1F1D6
:105EC800F1E2EAEFEFE8E1ECE6ECECE0E3EEF0E536
:105ED800EBF3EAE9EDE7F0ECEFEDECEDF0F7F2ECDF
:105EE800EBEEF6F0EDEDF1F3EDF4F7F3F6F4F8F58B
:105EF800F6FFFCFCFB0304010805FF0907080E0870
:105F080009131614111110161D1001151C140D1368
:105F1800180F161A1C151A15191B0D11120F0C0F34
:105F28000E080606FF0407FEFBFBF9F7F1F6FCF97D
:105F3800F4F4F901FEF1F80701FEFFFE0202010583
:105F4800050A04080D060B0F0E09130D0C13110C8E
:105F58000A10150E120F031113140C0B0F12180C44
:105F68000909121815090716191A130B151E1B17FC
:105F780017151D1C1C14101423171112141A1310B2
:105F88000F0E1409080B040E09020606FEFF03FF94
:105F9800FDFEFCF7F9FDF7F800F6ECF9F9F7F6FA6B
:105FA800F3F2FDF7F2F8F6EEFC04F0EAFFFAF2ED90
:105FB800EFF2ECFBECE7E6E2EBEAE5D7D8D9DDDB7C
:105FC800D5CECED8D6CBD6CDC9D1CFCBD1D7CBD4C1
:105FD800DACBD2E2E0DFE2EEE8E8E8F1F5F5F7FB4C
:105FE8000905F50314060A151109141613121B14D2
:105FF800151B14171A0E141B140C1218150A0F0966
:1060080006150C0C050D130D07070A090D070B02E1
:10601800FF090802FDFCFEFCFAFBF3F5F6FDF1FBB7
:10602800FEF4F3F5FAF7F9F5ED0100F5F9F6FF04DA
:1060380000FDFEFCF90604FD05050B0901050D131D
:106048000D0B120B0F17141111180F141C1D161716
:106058000D152218130B09151D13FF07100D09063E
:106068000202000506FC01010303FE02FF0408000A
:10607800FCFD060DFEFC00010908050201060302ED
:1060880005FEFF1204F5FA0503F9F9F8FD06F9EF24
:10609800FDF7F3F0F6F4F3F6F2F6F2F3F1F3FAF0B3
:1060A800F3FCF7F3F9F5F1FAFEFAF3F5F7FBFBF871
:1060B800F700FDF8FCFBFCFC0002F9F902FEF9FA16
:1060C800FCF3F8F8F4F6F7F1F0EFEBEFF7F1E9EE9F
:1060D800F2F5F3F6F2F102FDFBFD0001060AFD03FD
:1060E8000A04140A0006100F01080E0A080C10040E
:1060F800010909090204090803030302FF04040251
:10610800000506040A04000807FE060A0505070735
:106118000C1207010F0C0A0F0C020A100E0F0C08C4
:10612800060C120B050B0A100C070A0B0906080CC3
:106138000001070604FC02FFF8FEFDFC00F7F3FC73
:10614800FBF1F2FBFDFCF3EDF4F7FAF3F2F9F1F3EE
:10615800F8F3ECF1F1F2F5F4F2F0EFF3F2F4FCEF0E
:10616800F2F8FCFFF9F3FB010001FF0500FC09054B
:10617800010503060C08FB080D040E0B110A0E138B
:10618800030C0F100F150D0B17180F0F120F130F0D
:106198000911160805131505070E0A0D0C070A083C
:1061A8000103060F00FC040607070501070CFF00A2
:1061B80006020202FEF30405F7F7FAF0F900F3E528
:1061C800EBF0ECF1F1E3DBF0E5DDF4E2D5E5EAE351
:1061D800E6E8E5E1E4E6EAEDE7DBEFF8F2EDECF01E
:1061E800F2F9F6EDF8FDFDFAFDF8FD0A02FA0008ED
:1061F80002080C01020F0C0B030409110EFF0B0C13
:106208000D0A0E02FF1212040A07030E0B03020BFB
:106218000A0C120BFA060B090602FEFD0804F2FD31
:10622800FEF6F7F5FAEEF1F3ECF2EFECEFEEE6EB53
:10623800F7F2E3EEF8F1FAF8F2F6FEFDF1FE01FCF2
:106248000A0C020010110A0B0F16110F080F1E1767
:106258001718111721211C141B1F221C1D1F1F207A
:106268001B221718251A1514241F0C131C15121A93
:1062780013011406091102FF050DF9FD06FEF8F7D2
:10628800F8F6F0F8F6F6F5EDF8F6F1EAEFF1F1F3D5
:10629800F3EAEAF2F5EDF0ECDFF7F8F3EBECF5F200
:1062A800F8EFEEF2F3F6F1F8F3F0FDF4F0F3F3F5AE
:1062B800F4F4F5F9F6F2FBFAEFEFF900F8F3FDF96B
:1062C800F9F9FFF7F9FCF205F9F1FAFDF6EDFAFF35
:1062D800EDF401F5F0F800F8F1F5F700FBF4F90436
:1062E80002F5FC0400FDFD0402080D050B0B0F0C64
:1062F8000E160D0F0F0F0F0E10111011120E08139E
:106308000C08111007FF120D08090307080D05F9FD
:1063180000050809FFF8FD0B08FE00FE0104020154
:10632800FE0A03020903FE070605FE00000207FA3B
:106338000002030201FBFB03FF0208FDFFFE04014C
:10634800FE03FA01FCFD05FD0702F9FCFFFFF90158
:10635800FB0103FB01FFFD03FF05FCF80307FCF14C
:106368000403F801FBF6F9FF01F7FBFEFCFBF8FE5E
:10637800FCFEFEFC04FAFCFCFE05FFFEFBFD010230
:1063880005F7F9010000FBFCFAFF02F8F8FBFEFA3A
:10639800F7FCFDF8FAF8FDF8FAF9F4FDFCFAFAF959
:1063A800FEFD02FCF7FF0202FBFFFF0006FFFEFFF7
:1063B800060401060905030408070A0B0004080A75
:1063C8000A060B0B090A09080B0E070A0B070D052D
:1063D8000505040A0907FCFFFFFE02FF01FFF8FCA0
:1063E800FEFEFCFAFDF6FF00FDFBF900FB01FBF8E1
:1063F800FDFD01FAFD01FEFBFEFFFA0004F9F6FAC5
:1064080002FDF904F8FBFDF8F8FC02F6F6FFFEFDC4
:10641800F9FBFAFA02FCF9FF00FCFF0602FE02048F
:1064280005070907060403100D080A03080B0706E9
:106438000B0A060C0206070103FF0501FC0200FE19
:10644800FBFEFBFAFFF7F8FBF6FAF9FDF9F9FCF5A4
:10645800F6FA03F8F3FFFCF9F6FF02F800FCFC0378
:10646800040002030002020407FF040601060602F4
:10647800FF080A01010304050606FF00000506FFE0
:1064880004FEFD01FEF9FC02FCFFFDF7FFFCFCF930
:10649800F8FDF7FCFCF9F9F9FDF8FCFBF7FDF9FB51
:1064A800FD0002FE060201030908000809060705A7
:1064B8000A05090A060C0605080E05010A09040161
:1064C800050A000705010705020501FCFEFEFF0598
:1064D800F7F700FB00F9F5F4FD01F8F4F9FAFBFA17
:1064E800FDF6F5FEFCFDF800FCF9FEFDF6F903FFEC
:1064F800FD00F9FE030502FF02040B060106010A6E
:10650800090203030B0404040205020700010A043C
:10651800FDFA0107FEFDFC0100FE00F3F900FBFD9A
:10652800F5F2F800FAEEFCFBFEFDF8FAF7FDFCFCCC
:10653800FFFB02F900030103FDFF010200FF040154
:10654800040603040205FF0106040502020306050A
:10655800050503040B090405090B0603040D0D00CA
:10656800FF070D07000003080702F9FD060602FFF2
:10657800FE020506FFFC02020402030102040102F6
:1065880003010101010403FFFD03020201FC0002F3
:1065980003FDFE02FE0100FDFDFE04FCF9FCFFFD0B
:1065A800F8FEFD0001FAFBFF03FCFE0500040704EA
:1065B800FE020D080103070B04040204070304FB91
:1065C800FE00FF00FAFAF8FBFDF8F7F5F9FAF1F327
:1065D800F3FAF6F4F4F3F5F1F0EEEFF1F1F1EFF18F
:1065E800F2F0F2F1F3F6F4F1F5FCF8F6FF00FCF83E
:1065F8000003FB010601FD01080501FF030A05046C
:106608000304050608030206070705060505070231
:10661800010105030000000302000000010102015E
:1066280000010102010100010300FF020201000153
:106638000201010101FF0102010001020101010043
:106648000000000001010001FFFE01FF02FFFE083B
:10665800FAFE09EBF20F1407F5E0FA0AE50703EC76
:106668001412E5ED120C11F4EE1A11EC1712EBEB03
:106678003309E707F80F01D6101BFB02F3FDFD06EF
:10668800FBFD0CFFFD08BA00FAF10BCA02DCB016DC
:10669800F3CD0AFA9FD61403F1E90EC2F107EFED24
:1066A80011E6EF0AD41B26E2C324051E1FCCE534ED
:1066B800F0F513252ACD0403FD35060529E30E3729
:1066C8000FE4064700F81719FCFB051BF0F61D033D
:1066D800EC04F7F51C12FF0D1D01D82112F4241843
:1066E800E8F31416F3FA14EDEB03F2FD1AE3C423EE
:1066F8000FEBF608DCFEEBF804F4D8F40BEEEFF938
:10670800FCEA02D9F20FF3F92820DA0645FB014C1E
:106718000AFA221813171F271C2425FD1D293C21BE
:10672800011C36FD1C1E13161A28F91416E4E51868
:106738000BD2FAFFF5F10CD2E633D9BE060A03F7FD
:10674800EC0AE6E921EFCD10ECE81103FFF2101393
:10675800E21C32D8FB2A13FE14F6040EFF0DEB27B9
:10676800F5D60E0AFAEDF2FAE8DCFC05D8FE09E5E2
:10677800F925FBDA2102E8F62507E6271E0AFF3588
:106788000CFE37010F363AF1FD4C2C1ED5213C0E7C
:1067980025E0EB340BDBEE33F1CEF205DEEA08BE82
:1067A800F3F6DFF6DC13FBC3F7D6E619EEABC70743
:1067B80011D4D00FEBEBF605E4E027B5F10B08F7A1
:1067C800C60FFFF311E0F6E5FA0706EBF109FC1234
:1067D800FFBFEA2A2DFBDCF42DF4D8F63A1FDBF2D2
:1067E8000FF6082FF51E242E09FF322D06FF3C0553
:1067F800263E08FA2B381DF00F361BEC0B2B01E355
:106808000BFDDC0E0FE3F304E4E609D6D9E3F9D770
:10681800DBEDD2C9EFEECAE6D1D2F4F2D5FBF4F83B
:10682800E7CD2411E9E8161912ED0C2A05090F1A0B
:10683800FC042800E3122231F8F81DFB1BE6EF28C0
:106848000BF8F0150EDF0F260CE10835F4001610D2
:106858001605FD1F0EFC090E1C0401071820FFD3A6
:1068680012240106F4F4FF1202EF01FAFA0203F00F
:106878000BF5EE0DF5F0F0EBFA07F7EEF202ECFA95
:10688800FDEDF6E1F0F9F1E1DA0516EBD9F2EF03E7
:1068980003EBEB020BFBF5F3F71614F8FC110603F8
:1068A8000B12100F0501110CFB0412030D17000049
:1068B80006020F0C0204050306EBFE1308FF07008F
:1068C800F91300E5F6140700F9EDFC0905F90D17B1
:1068D80003EFFE030115140501FAF81812FB010174
:1068E8000D15F7EEF7F90103EAF40BE8DDFEEEFE0D
:1068F800F5F204E0E4F5EEFFFE04EED7FE1A05D249
:106908000B1F01FAEE03FA0B0E1105FD0713FB0B23
:1069180023081707FD140004081417020404F31CC5
:106928000EEF1C05EA0515ECEB070409F9E7FFF97A
:10693800F40600FCF5F70AEEF004FBF6040DE9FC9A
:10694800FCF612F8F40E02F704F6F409030103EF5B
:10695800F1F7F01D05D5040CF6E7FA06F5FBFE0283
:10696800FAF4F30104FD08FC010AFFFC011413FF0B
:106978000B07F714160207071A1BEB0B26020B036B
:106988000A051810F602060A1305E4042103F305A4
:10699800FA06FFDD0610E6EA0706D3EE0AFBE8EC86
:1069A8000EE0C61F1AEFD407FB0901E808F1FB1E29
:1069B80000EAF40719E1F41DF1F10CF7F10DF2EC1E
:1069C8000405F1F7F8EB15EDE511FF05EBF8090201
:1069D80002F804080900120A0E0D1D051008132DEF
:1069E800F90626FC0D190B050F210B08011115E7F7
:1069F8000A1A09F1F208F701F3FCEFFA14F0E3F5CB
:106A0800F701F7FFF2ED0B0100E6000F0EF5F8F3C2
:106A180013F6F420EBF10706F6F7F71509E5F5F399
:106A280008F9F51001E1EC0C00DF0D04E9F8F108B4
:106A380006EAF4FFFFFC0BFDF0F80A19EBFD0CF673
:106A48000FF9060E05F2030E0917FDF60E0E0311D7
:106A58000310040708FA1028FFF1110D13000302B0
:106A68001A050416E1041D03F40EFCE6F20100FB0E
:106A780002F9FAE6F10702FEDE090BEE2101E21245
:106A88001B04F412F40A10F61D0FEFFD01FFFD02BE
:106A980013ECFB00F9F8F617E6EF03EEFE00E7014A
:106AA800F5E113E7F2F0F00C17DEED12DEF913F35F
:106AB8000305EC0CFFEC1913D408140C17EDFD1D9D
:106AC8000DE80F09FBF4FE13F4F909FA05F4F00DCB
:106AD80001E8F20EF3F823E8DCFF0F0D02F6F005EB
:106AE80004F4FC0D04F8FE0606F5FB00FE13070887
:106AF800FBEA140C02F51A0FE4FA150DEE0F120753
:106B0800EC160BF8FF05130013F7F9F10822F9E367
:106B18000F18EDF3F807160CDE040BE21D09E70168
:106B2800FAFCF911F2E01F08ED02FFF40302090A6A
:106B38000102FB070D1C01F1001406F21A000407FC
:106B480001090304FDFE0602FD09F3020E0CE8F636
:106B580003FB070102F5FAFB01FA0312FCF1080135
:106B680008F9021902F7FA1009F1050E0600050BDB
:106B7800F3F61E0C0A14F20702FE0D0D020401F7CB
:106B8800F908FA0FE6E222FDE7F8E6FD09F106E961
:106B9800EB07FEEEF2FD02FFE8FC07F10008EBFD53
:106BA80013FD01F8010500FB090BEF1C07E90BF9C0
:106BB8000E0FF70EFEFE0D01F50618FDFD00F71489
:106BC800E70225F7E8FFFC02FCF70A00F80801EDE8
:106BD800000A04F5020800F0F50AFEF3FEF6F8FED6
:106BE800FDFEF0F10205EAEA0AF4F9FEF303F6EC19
:106BF80000FAF401F9E4F3FD0003E8F305EAEFFD18
:106C0800F2F901FBF8F1F707F9F0050CFA04FCF2C8
:106C180010090B14FF0813FD0F1B0B080C0F1C08A1
:106C28000A24160510160D1209121B11120A070F55
:106C3800160F080A030C08FF120CF90B03000C03CB
:106C4800FEFF040707F8F60B03F801EAFBFBF00068
:106C5800E6EDFCF0EDEDE6F705E7DBF6ECF7FAF12B
:106C680000F9ED04F6EF0606EFFCF7FE13EDF0135E
:106C780004FBFAFAF9FA001901EB08FEFE07010B0A
:106C88000CF90108080E040503081419F3F9140C8B
:106C9800160C00070A131808080B0A081614060829
:106CA8000C1716F7062013030402030C1104FE0E3A
:106CB800FE09FFEFFC030BF2F806E6EDFBFFECF52F
:106CC800FDEAF3ECE7FBF6E6FAF1F2E5F601EBE9AB
:106CD800FCF9EDFAE7FD14F3ECFEE8FCF8F30DF926
:106CE800F1FFF8EF05F5F80DEBF306FEFAF303FDF7
:106CF80000EAF60BF303F4FA05EC0608E30419F8C6
:106D0800F00E0B000E1605F0111EFD0F04011F21D9
:106D180007FE0B060C26010109081BFE0A040312D4
:106D280006FB0A0BF30108E40218F0F9F504FEEA81
:106D38000203F6FD07FBF4F1FE0FFFF809F0E60485
:106D48000C06F5F80505FEF5E9F60BFCFDFFE6EE89
:106D58000600FCFDF7F5FBF8FA0301FB020205FD4E
:106D6800F30D01F41108E50B0BF3FDFF050C04F21C
:106D78000B0B06FE0716F5032807F01925FCFC1275
:106D880010170F100CF90D0BFE1C0C001204FD134C
:106D980001F91A07FF0BFEFCF4FE1B09F4FFF3F8D8
:106DA80012FDEE02FCFB05E2EB07F5F4FA08F8FB2E
:106DB800FBF4F2FB1A10F7F5FC1313F9FF0A0B0D9D
:106DC80008FFFCFE0D14EDF310F5F802EDF80CF9D0
:106DD800F9F8E8FD07F3FA0804FAF5FE01000B03D9
:106DE800020AFAFB0C08FCFE0AF7FB0F08ECFC157C
:106DF80009F4F2F5FE08FBF9FDF9F2FB01F2F701DF
:106E0800F3F1F7FCF1F0EFEE00F9F9EAEF0106F51E
:106E1800EFFEFDF903FAF20A05FDF9FB0B0D01FC83
:106E2800EF0312FC0708F7FF0203FE000905020240
:106E380002FE00FF04170FEBFD0DFDFE060C0B0212
:106E4800FE06F9FA01040E08F304FCF8020D11FA23
:106E580001FEFF000307050208FCFBFB070B00030C
:106E6800FF04FCF80609FCFA04FC0914FCFDF30015
:106E78001C10FAECFB0A0810FDEAFB0911F1FBFFF4
:106E8800F507FBFDFFED0609F5F1FB0C0A03F2041B
:106E980007FF040C0102040D01FD00FF1200FBFBBB
:106EA8000905FA06FBFE0BFDFC03FD00000806F9C8
:106EB8000207FFFC0103050A04FE070805FD070891
:106EC80004070A03FF0E060607060D02FC090A015D
:106ED8000A0E03F8000B05F7FE04FDFDF3F9FAF9B5
:106EE800FBFDF4E4FDFEF2F0F602F8F7F7EFF40626
:106EF80006ECF6FFF30401F4F6FDFC0105F4F507D2
:106F080000F70100FAF40702F2FC01FEF7FA0200AA
:106F1800FBFCFA030301FF06FEF80B09FBFD0C0658
:106F28000308060A03010D090004110EFDFF0C0CED
:106F38000003050101F90101FD0004FDEE0104F85B
:106F4800F6FC06FDF8FBF5F80A0AEFF600F8050668
:106F5800FAFCFDFB0709F5F50805F90406FBEF0A3D
:106F680009F4FF00FDFBFA0500F5FCFB04FFFE0336
:106F780005F5F01407F1FE08020007020207040AEB
:106F880006FFFC0D1A06F7000B0607020406FE0DA5
:106F980000F903040300FF09FBF30707FCF806FDEB
:106FA800F8000801F10207FEFE000708F4FC1107CB
:106FB80000060201040706FE030BFEFB020200FAAC
:106FC800FC000AF6F102F9F7F90DF3ECFE02FFF105
:106FD800F7EC010EFAF1F5F7FB020AFFEB0501FCED
:106FE80002FDF8070BFC040AF2FE0C00060807FE77
:106FF800FE06FCFD1A0BEF000AFA010BFE00FF1754
:1070080006EDFD040C04030809FCFF0D01FD140C3A
:10701800F5FE120BFFFFF803090803FD01F5FD0853
:10702800F9F50910FAE4F30608FEF7FAF6FFFB0192
:10703800F3EA080DF6F1FEFBECF805FC0502EFEEAD
:10704800F8000605F4F30703FBFCFEFAFA1511EF46
:10705800EFFF081203F4FD02090602F5F907121002
:10706800FB0606FB020C08FF1814F6F709090807C7
:1070780005090801FBFD00FD0F0FF602FDFA0102EC
:10708800F7010EFEF3FA01FCFA0603F5F9F9F9FB2C
:10709800FDFFF7FCFCF7F8FDFFF5FDFBFA00F6FA3B
:1070A800FEF9FE08FDF70107FEF900010300FCFBED
:1070B800FF0605FDFBFB050C05F9000702010803A7
:1070C80000090A00FF03FF0605030604FDFF040488
:1070D80003000002000303FFFF01010001FE00039B
:1070E800FFFD01010000FFFF00000000000000009C
:1070F80000FFFE0100FDFD00FF02FBF80107060A84
:10710800090514181410FBF50505FEF904060A050F
:1071180002F9E4E4F4F6E9D7C9DFFAF8F1F1FCF989
:10712800ECF3020D09FBF7FB120B04FA121D150F05
:10713800F7FE07070810120D1A1A182B24150A0350
:10714800FF0003F8F9FAF0E8F308F9EDF3F8F6F9B7
:10715800F0F4ECDCF509E5CAF306010802F7020EC3
:107168000AFE161A0A192515141E251F010B0E09E9
:1071780001F2F1EF150EE7D01426EED2EBFD06FD75
:10718800D5ED0C1F261D021A37302A01D2E9F90065
:10719800F4FE070D1104F9DED7E7F5E2C4AEC1F538
:1071A80000F7F2EFFAE2E8070C09F9F5F21B2510EF
:1071B8000A1932211E07010C0F070F100F1B242A72
:1071C8002E27251E1D140A00FBFBF8EAE3E6E7EB71
:1071D800E4D8D2DFEFFCF5E3D1C7BFC4D3E3E9EAD3
:1071E800F8ECDEE1EFFBEFFC150A001D2F261C155D
:1071F80012272717192525332C0512262C292A246E
:107208000E05FCFA02FC07FCDBC3C2C2EA0DDDE88E
:10721800FB00FCF8FF01010105F8DBD4DDE6EAEC30
:10722800E70A0305081A292C21FACACBD7E6F3EF97
:10723800FB030713202527201A1614FCF7140D1931
:107248001A0B2517FF1103070FECD9E1F204F4F12B
:10725800151D1D1902FBFD07FAC2CCE9F0F419252A
:10726800284036FFC7CBE0E1ACA7FD2512DBBAC248
:10727800FA050D17191B10F6EDF515291D0601085D
:10728800E9D1CEE515252D25303318DAF8282A223C
:107298001B1F08FDF8F80A130F0DFD1E27311AFBF6
:1072A800E8E4CAA9D7FF17190FE8E3E5D4FA01F60D
:1072B800F5EBD5C4E91801F3DEE0EEFB0CE4F613B8
:1072C80031410B2B4721210BDAD61213FDF3D4C918
:1072D800E1FDFB09112733433D0D192E2F3421FF02
:1072E80003050AE6C0C5DCF6F5F4E3F70A0EF1C9B2
:1072F800C2DEF0FCD6E2060BF0FBFCE1ED0423173E
:107308000E0AFF09FCE0D6F60EE6FC01F305FEE7DF
:10731800092B172C251624010C140903131F141309
:1073280011E1EB14242B200D010F0BFCFEEFCEE531
:10733800FFF6E1D9EDE6F40CFFFC0D1B0FF3EBE2D1
:10734800DBEEEEF813FB03DBD9EEDFE7EF00231FDC
:107358003125FE12FBF2F0F70F041B0FE705F7EEDD
:10736800061E1B1E272B160BFAFAF4E40700FCE195
:10737800F00203121A1F1410F8DEFEF5F9070A15B9
:107388001C1FF0D2EEDED0D8FAFEF30A03F6F1D9CC
:10739800D9E8D0FF1200F316F5FE220E282B1C07A1
:1073A800FC06271C0800E9DEEDEDD5EC08FCE61626
:1073B8003D00FA2E0DD8132E14E4101A13FCF6EF24
:1073C800CDFEF400FF04041C24172205F3DBF11D95
:1073D80001EAE70A01FB0ADDDB1010F5F6241305C4
:1073E800E6FC0EEDE3BDC50013EBF1EBE604140A71
:1073F80008E1F7143739F5FDFC0319DA07141B0CFB
:10740800F4143504FE261D04F112E7CBEC2007F72F
:10741800FA0100ECFA130A01FB1C2717FBEC090818
:10742800F4BBDA0AF5DEDF111501F7F4FDEEDA1820
:107438002C0011F705F1C6E60C00EF0F252C3301DF
:10744800F210190F09FD04FD0DE0D6F4E8F50A1E47
:107458001E0FF706FE01060D0C1802F0010806FCC7
:10746800EFDDE801F1F0E8F71711090A09EEF41A5F
:107478001FFADBDCF9EEE7FEEB042723FEE20B1A2A
:107488001805001CFEE1EC0301EFE1F4F3FE160918
:107498001A190CF9F308000310FB1514FBEEF0FFA2
:1074A80002EBF5040B1106020AFDEF01F9E4EB18F3
:1074B800FBFF12FF00EBFB13FE0D14170A01FF067A
:1074C800FBE40A01E2E50AF4F601F207FB07100CF7
:1074D8001F130D15030913F1DAFBF6E8FB04FDF899
:1074E800EAF800FB160DF70509FF09DFF419FAEEB3
:1074F800F5F5F0011515FEF8180AFC100CF5FB104F
:1075080004F4E9FFFAFE02FBF6FA0E110411130C5B
:10751800F9EC0803F8FC08EEEE100E07FE09F4FD7E
:10752800021411F7F801EFE3E3F710F40508030E6E
:10753800FEE5080C130AFA041609ECF41301D6DD6B
:10754800FB06080FFEF91B040F0DDFFF17FC0AFBF3
:107558000913FDFBE4ED03FFF6090A03FF190EF812
:10756800010EFFE4FAFEF0F2190AF81116F3E11021
:107578001612F0F00D03F1F5FBE6F70809EEFD0130
:10758800030D1212E7EF0715F4DD010901FB07F4FB
:10759800F11C110C04F7FD1423180B00F5FEECF395
:1075A800FBF2E6FF0F0003F00008F201F7151518CB
:1075B80014E1EEF3E60DF6FD140DFBE409F5FE17F4
:1075C80009E5DF060D1AF2E9021308DDF50F0C03D1
:1075D800FF080B051A05011502F101FCF1FFDA0499
:1075E800231AFCE71605FB070E0C0D000107FCF833
:1075F800ECFFEED9FF020101F3020611F9EE0306D2
:107608001CF4F5060701E9FA03FF05F8F108060975
:1076180007EF03FCFC0C04FBF3F8F90703F900F788
:1076280000001311F2061A10F5EF030300FE080913
:1076380000FDFAF7F60710FFFF100A04F6F4000140
:1076480001FAF708FFF9FF0300F6FEFF0006F9004C
:107658000203010AF9F2FE040CF8FB05FC0104031D
:1076680003FFFE0304FF0505FFFFFD0200FFFFF90E
:10767800FD0701FDF9FB080703F6F20B0DFBF00906
:107688000E01041005F9FEF8FBFDFC0301FD0007DF
:10769800FFF2050608F6FCFFF80B02F7F8FDFE02FC
:1076A800F9F2FB070802EBF10B1807E6F90B0701E3
:1076B800FEFAFE0A030405FAF5060D020001060C9F
:1076C8000803030405FCFBF90104000904FA060A8F
:1076D8000805FBFF0400F7F9000402F7F9030702A5
:1076E800ECFB06F9F700F7FE0BFAF50104FCF0F6DF
:1076F80006FEEEF8060000020004FEFD0006090C76
:107708000DF2FB1207FC04020906FE05010203063E
:107718000C07FCFEFAFF06120FF0F20108FFEB025D
:1077280004FD00FBF20600F806FEFB03FFFFF6F37C
:107738000208F9F4F8020E04E9F2030C14FF01013F
:10774800F90006FBF40508000807F7FDFFFF11FD27
:10775800F30902FAF6081602FB00F909FF000C010A
:10776800FD0409FE0202FF0A00FF01FD02FFF5ED1C
:107778000913F9F4020905F6FB0304F4F90601F507
:10778800F5FDF800FCF00107EDF70DFC0005F90424
:107798000704040A0C09030008020101FF060D038F
:1077A80001F7031510F9F5FEFFFB050AFEFE0801B7
:1077B800F3F9FEF80103FCF7F7010B05F0F60103F6
:1077C800F8EE060905FAED03F8F60A03F5F60606DB
:1077D800FD0306FF0608FDF50303010702F8010192
:1077E800FF030D0A02020203010D06FCFE010C084C
:1077F800FEFE07090101F8F70607FEFC0403FEF97F
:10780800FD03F8FCFC0103F6F3FD0700FEF7F500A5
:1078180004FCFCFDFEFEFEF7F90707FDFAF9030676
:10782800FCF6FC0802F5FC02FFFE0608FCF4FE0567
:10783800FF0805FC000B0AF8F8030D14FCF80E0D00
:10784800FBFE06FEFE000706FA030A08F7FA140A0A
:1078580001FFFAF80206FAFAFA01FEF6FBF6FF094A
:1078680000F3F6FEFCFB0A050604F4F6081100F91D
:10787800FEFC0003FEFA00030104FC0002FE0606FB
:1078880004F3F407000303FE0303FAFF0602FE01F4
:10789800FEFC080DFBF5030909F4EF020E0BF7FFD8
:1078A800FDEDFC0508F8FD070601FCF7F6030D05DC
:1078B800FBF9F8030500FC0302FEFEFAFD080A04C2
:1078C800FA050A0D07F3FF1A10FEFCFD041204F076
:1078D800FF08000805F5F7F8FE03F9F90507FCF6B7
:1078E80002F8FB070BFDF8FB0700E8FB06FBEFF7C8
:1078F8000207FCFFFB00FDF80C07F4021001FC0B6B
:1079080003FC04FE0003FEFC01FF000700F5FFFC7A
:10791800FD091008F4FD0803FAFF0A02020702FC39
:10792800FD01060B05FBF60108000605FDFFFFFF3C
:10793800FF04010100FCFFFAF90309FCF80100FF4C
:10794800FE05FBEDFF09FEFDFAFD0303F8F5FF0652
:1079580004FB0C09F9F8FD0304FE00FFFDFA020A16
:10796800FEFF01FEFE000302FC010406FEFCFD030F
:1079780004FF03010104FEFDFEFEFD0306FAFD08F7
:1079880005FAFA01FCF9090600FBFFFF0204F801F9
:10799800030100FFFCFC040B00FAFE0102FF0105D5
:1079A8000705FCFCFD01060609FEFCFD00FEFB04C4
:1079B80002FEFEFD01FFFDFAFF06FFFDFF0704FBC7
:1079C800FC0101FB0000FA01FF04F9F6080A03FFB5
:1079D800F8F903050102070603FDFAFC020909018B
:1079E80000FDF7FCFF0008FEF40201FCFF0401FBA8
:1079F800FC0205FCFE02FA07090100FD05FF000272
:107A0800FB03FEFF000304FEFEFE010800FB020765
:107A1800030000FE0A0DFAF6FF000000FAFA05FF5F
:107A2800F7FAFC0000FFFFFEFDFC01040602FF0957
:107A3800FDF8010402020700F800FF00060802FA38
:107A480003000102FF070A01FCFFFFFF0505FEFF17
:107A580003FDFAFBFB0002F8F9FCFBFF00FEFAFB52
:107A6800020500FB0502FE060202000104FF04FEF7
:107A7800FDFFFF03000200FEFFFD0406FCFE0505F6
:107A8800FF01FD021006F4F800010100F90105FAF2
:107A9800FAFCFFFFFDFE01FDFAFE040404F90509E6
:107AA800F5FC0403000A08F5F60300010506F701D2
:107AB8000AFDFFFCFF0908FBFC04050205FBFC04AA
:107AC80005FFFCFAFC00FFFDFBFAFD0201F8FB04D0
:107AD80006FFF6FD0701FBFD01050000FF02060099
:107AE800F9F90A06FCFCFF0503FF05FCFA050B0182
:107AF8000107FC030901F6F803060701F8F7FD057D
:107B08000203FAFB0204FBF90102010100FFFFFF77
:107B180003FFFF02030201FBFC0805FBFC00050450
:107B28000101020802F800050504FCFDFD0200FC45
:107B3800FF0101FDFCFBFFFF0103FE01FCFB03024B
:107B480001FBFE0402FFFF01020201FDF900090525
:107B5800FAFD030206FEF8010604FFFFFFFE01001E
:107B68000100FFFE0000FFFFFFFF000001FF010012
:107B7800FE000103FFFFFF000100010000010000FB
:107B8800010000000000000100FF000001000000EB
:107B980000000000000000000000000000000000DD
:107BA800FFFF00000000FF00000001FE00010101CE
:107BB800FEFF0102010000FF0200FE0203FEFD03BA
:107BC80000FEFF0000FD01000001010101030702A2
:107BD800FF0308080503030209070507050706064A
:107BE80000FFFFFEFBF6F6FBF3F4F5F1F4F5F1FA0E
:107BF800F0F7F7EB050605F6F2000004F30B06F8BC
:107C08000C0A0C0A0115170B051917FE1515150F87
:107C1800FB040A09FC0001F1FFFCEEF7F4F100F4A3
:107C2800EBECEBF8F6EDE1F2F4EBEFECE8F1E7EE74
:107C3800F0E4F3F5FBFAF4FD040B00040B0F1A074C
:107C48000E221B101822121B1A1A1313231E191D99
:107C58001A15141C220E0817190DFF0103FC070141
:107C680000FCF8F8F3F2EBEAE6E3D7D9DFDAD6D28C
:107C7800DEDCD9DAD7E7E8E8E4EAF2F2FBF8F7FD68
:107C880003020506030C0F0D0A0E0D0801F9FDFD90
:107C9800F8F6F1EFF2EFF3F8FD0004090D172225CD
:107CA8002A2E363B3E42464A4B4F504E4A474443A3
:107CB8003E3D393430292019130600F7EEE9E9DF93
:107CC800D3C8C2BEB9ADA6A1A4A5A4A09D9D9C9CE5
:107CD8009E9F9EA0A1A7AAB2B2B6BBC1C9CED4DA54
:107CE800DFE7F2F8010C141E282F3843494D4F5690
:107CF800555B5D5F6161605F615C58534F4C464303
:107D08003C362F28231C18120C03FEFAF7F3E9E877
:107D1800E7E4E6E8E2E4EAECEFF4F6F6F8F8FAFB72
:107D2800FCFAF8F7F9F6F2F2F0EFEFF1EBEDF1EB20
:107D3800EEF5F0F3F7FAF9FDFDFCFEFFFF02FFFD9B
:107D4800FD0301FF00000202030200040705070902
:107D58000F100D0F1113130F0B0E0C0A0905030258
:107D68000100F9F8F7F2F4F3F1EEEEEFEFEDEBEBDB
:107D7800E9E9E9E8E7E6E6E7E6E6E5E4E5E6E6E692
:107D8800E6E5E6E8E6E7E7E8EBE9EBEBE9EDEEEE5A
:107D9800EDEEEFEDEDF0F0F1F3F6F7FBFAFBFFFE99
:107DA80001010505050A0B0B0A0D1110121311101C
:107DB800141B1711161B1C19191A1E1F1F2023200C
:107DC800212826252726302F2D2B2B352E2D2D2902
:107DD800322E2C292B3026282A292520211F1C1831
:107DE8001413100E0C0904FC0200F9F5F2EFF0ED83
:107DF800E9E6E5E4E3E2DEDCDBD9D8D6D4D0CFD2BD
:107E0800D0D0CBD3CCCDD4D3D5D9DCD8D7E0E5DE10
:107E1800E2E4E3EAE9E6ECECE8EAEEECE8EEEDEEC3
:107E2800EFEEEDEFEFEFF1F5EFF5F6F5F4F2F7F928
:107E3800FCFAF8FF03040102060D0D060C181017D2
:107E480015171A141C1A18171A20181117191816AA
:107E580015110D0F12110A07040A0E070707040669
:107E68000F130F121511121C161920201D26292474
:107E78001F2427272C1F1A2429221A1B1C1A1C16F8
:107E8800130A181109000107FBF700F1F0F4F3F0E9
:107E9800DFE8EBEBE4DFECE7F0EFE4E8F2F2E7EE43
:107EA800F6EDF0F4F0FAF6F8F4F4F1F3F7F2EFEB9C
:107EB800F1F8F3F0EFF6F0E6F3F7EEEDE9F1EBEBBE
:107EC800ECE8E9E2ECE6E3EBEFE4DFE7EEFAE5DB2A
:107ED800EDEDF3E6EAE8EAFAF6ECEBF1F5F2EEEAB4
:107EE800F1FAF0F0F1F6F7F5FBECF603F6F9F8FA2B
:107EF800FF05050001FF020C0EFDFC1917100B17FA
:107F0800150E15181511150F1A150F161716181C1A
:107F18001A1617141117170E0E0D0C08030A0B0565
:107F2800FFFE0204FAEEFA01F8F7F6F7FBFAFBFE99
:107F3800FF01FB0201FE0205000109010609070411
:107F4800050D0E09110604121111080C0D1514095E
:107F5800090B151812060B1717170B081317110F13
:107F68000D0F1615140D0D17211213121A1A1515C7
:107F780014171A0E1613131B141116120C10110CC9
:107F88000C0D0905090903070AFAF802FEFCFBFCB7
:107F9800F2F7FDF4F2F8F0EE00FEE9F101F7F4F083
:107FA800F8F6FA04F3F7F2F7FDFEF6EDF1F2F6F162
:107FB800EBE5E7EFE4DFE5D7D8DBD6D1D9D6CCD7E8
:107FC800D2C3CFD6D1CDD2D8CFCFCFD9D9DADAE371
:107FD800EDE1D8EEF3E7F1FAF1F1FEFEFC0007005F
:107FE800090B070F0E071417100F181D18121A0F78
:107FF800171E15150E1A18110B0F0D0F0F0B0F0367
:1080080008100D0806060A06090600020605FC08FF
:1080180000F9F8FBFDFAFCF3F407FBF7F7F5FEFDB2
:10802800F8F6F7F2F400F7F7FCFB02F9F4F90103AC
:10803800FBFE02FB060908040A0C060F16141010B2
:1080480008181E15130C111E241408161B171411DA
:108058000E0F0D140E080D090D060506020908FF7E
:10806800FE000C0BFC0001040A0603FF0003FF00DE
:1080780002F90511FDF7000A04FE00FF070DFBFDDC
:108088000800FEFD04FE0100FEFFF9FAF5F9F9EF1C
:10809800F6F9F1F1F5EDEEF7F8F1EDF0F3F7F5F2A9
:1080A800F5FDF5F5F8F8F9F9FFFEF5FC02FDFBFF23
:1080B800FEF900FEFD00FFFAFAF7F5FAFFF4EFF318
:1080C800F5F4F0F2E8EEF8EFEFEFF1F1F8F7ECF98C
:1080D800F9FB09F9F8000A03FB060805050B0CFF74
:1080E80004090B0804090D0B08080A07060C090700
:1080F800060B07080A01020902FE0707010203022C
:108108000909FBFD0802050902FE090C0C0C090609
:10811800070F1208080D0D120B0A0D0D0A080D0D98
:1081280002090C0D08040B040209050709FE0008E2
:1081380002F9FF060502F7F6FCFEFEF5FAFBF4FA73
:10814800FBF3F0F6F4F6F7F5F2F1EFF3EFF6F6EAF3
:10815800F0F3F8F7EFEDF7F8F8F7F7FCF3F702F9B3
:10816800FBFDFD0106FDF50700FE050207FD0903FD
:10817800FB0508080B0F050A15110A0E0F0E140D42
:108188000E1817090F1B15060E0F0D0F0C080D08FA
:1081980005080F1201050B0B0A0A05030B0AFD055A
:1081A8000706060900FE1009FE0400FB0808F9F19D
:1081B800FCFCFB01FDEDF000EDF400E7E6F3F1EB6C
:1081C800EEEDE8E6E7E8EBEBDFDAEFEEE8E2E2E532
:1081D800E7ECE4E1EDEFEEECEFE9F6FCF3EEF9FBAA
:1081E800F80200F600080504FC02061004FF0A0A5B
:1081F8000A090AFB03130B010B02070F0A01060CFD
:108208000A0E1205FC0C0D0D0908050A1409FF0ECB
:108218000805030505FB02FDFAFEF9F8FAF5EDF786
:10822800FCF0E5F4F2EEF5EEE9EEF5EDE7F6F0F147
:10823800FEF9EEF2FFFAF6F7FF03FEFEF809100A60
:108248000C09051014150D0B14191A161A1B1D1DEF
:108258001C221421251C171D2B1E111D20191A2341
:108268001410200F1E1B11101B180713160D0A09D6
:108278000A04030A0306FDFB02FBF5EFF5F4F5F625
:10828800F3EAEEF5F4EDF2E5E3FAF3EFE6EEF0F0FB
:10829800F2E9ECEEF0F0EEF5EBF1F9EEEFF0F1F3D8
:1082A800F2F2F4F7F2F2FAF4EAEFF8FCF1F3FAF585
:1082B800F6F8FCF3FBF5F706F5F70001F7F505000E
:1082C800F10003F4F5FD01F5F3F5FAFFF6F1F90114
:1082D800F9EFFBFEF9F7F9FDF90300F8FFFF01FAE2
:1082E8000705FB05070909040A0F11100E0C0912EE
:1082F8000D11120E0C0E160E0E0D0C0D0E1009029D
:108308000A0D0E0D0601070E07030401040303FE00
:10831800FF08FD0105FCFD050303FC02000905FE3D
:108328000606070603FD0005000706FD00FF06FF19
:108338000201FC03FB03020009FDFBFD01FDFD0139
:10834800FC0500FD02FCFE00FE03F7FB0406F8F83E
:108358000B00FE05FBFAFE0400F8FEFDFCF9F8FD33
:10836800F8FCF8FCFDF5F9F7FD00FAFAF8FDFF0353
:1083780001F5FD020100FCFEFD0401FAFCFFFFFA15
:10838800FA00FDFBFBFCFEF9FEF8F8FFFBFBF8FA30
:10839800FCFC00F5F6FDFFFDF8FDFA0002FBFBFD15
:1083A80002FDFD0201FDFDFF03010703FC030609B1
:1083B80005050A07070706060A0A040B08090D053A
:1083C8000906090E0E09020706080A070A0500052C
:1083D80004040001FFFB050000FAFCFEFC01F7FAAB
:1083E800FCFEFEF8FDFFFBF9FEFBFA0201F7F7FEC3
:1083F80004FB0004F800FEFBFB0302F7FC0100FE8F
:10840800FAFCF9FD01F8F9FDFBF8FD00FAF8FBFCB0
:10841800FDFFFFFDFDF9FF0A030303FF070705063C
:108428000C080A0C030C090707070D06060B0806BB
:108438000407010405FD0200FD00FF02FAFEFBF639
:10844800F7FE02F3F6FEFAF7F501FAF6FCF5F9FD88
:10845800FCF9FCFBF9FCFC0000FA0300FF0301FD3A
:10846800FE0804FE000204050705000202090503D0
:108478000600040703FF06080207FFFE04FF00FBCF
:10848800FFFEFB00FDFBFAFCFDF9FEF9F9FCF7FA2B
:10849800F9FEFAFAFFF8F9FB00FAF9020000000108
:1084A8000500070304070203080B01040D0806036F
:1084B8000A0A030C05060B07060903020505090B42
:1084C800FC05070406FEFBFB0403F8F7FCFCFCFBB9
:1084D800FDF3F8FBFBF8F6FEF6F8FDFAF3FC03FDF6
:1084E800FDFCF6FEFF00F9F8FAFF03FAFAFEFB06B8
:1084F800FFFEFF04080105040605060902080E052B
:1085080001000A0C02020309020302F80205010233
:10851800F8FA0108F8F401FCFFF8F6F8F6FBF6FBA8
:10852800FBF9FCF3FEFBFDFDF8F8FBFFFBFAFEFE92
:108538000300FFFF0001FC0203010303010205051C
:108548000704FD040A0500030A080201060E0700D5
:10855800060A0B080602060B0C04FE050B0903FFAE
:1085680002060607FFFDFF03040300FC0404FE00E7
:108578000202FFFE020601FD0206010403FF0001DC
:1085880005010302010503FEFE0708FE010405FDBF
:10859800FF05FF02010000FDFFFB01FFFC0201FCDB
:1085A800F90004FCFF010202FE050302020607FEB1
:1085B80002040803FC020201FEFF00F9FD01FDF7B9
:1085C800F5FFFAF9F9FAF9F3F6F4F5F5F6F5F2F438
:1085D800F3F4F4EEF0F1F1EFEFF2EEF2F4F3F3F27C
:1085E800F5F2F6F7F7FBFCFDFCFF020104010003BE
:1085F80001050303080305040502FF070605050333
:1086080006000302FF030508FFFD01040401FFFF44
:10861800030703FF00020302020201020200010134
:1086280002030304000205020101020201FFFF0028
:108638000000FFFF0000000000000101010101012E
:108648000101010000000000000000FFFFFFFFFE25
:10865800FCF70100FB03FAF700FD04FEFC0CF7FF32
:108668000CE4F0151A09F2D9FC0CE00B04EB191311
:10867800E2ED150D12F2EC1D11EB1A11E8ED3706BB
:10868800E708F81100D4131CFB02F3FEFF06FBFFFA
:108698000C000208BA05F9F50ACE05DAB719F2D1C5
:1086A8000DF8A4DB1405F1EB10C6F609EEEE14E79D
:1086B800F10BD81F24DFCC2406201CD0EA31F3F6B6
:1086C800122429D205020132020827E30E330EE3F1
:1086D8000841FCFA1714FDFD0415F1FB1802F20419
:1086E800F6F91C10010E1E01E02113FB250FEFFD0A
:1086F8001315F6FF12F0EC0CEF0015E9D01F04F18A
:10870800F405E0FAEFF500F7DBF0FEF5F3F2FDF023
:10871800F2E4F508F4FD2422D61335F2114809FCD9
:108728001D1E0E16251A20221E060F283D14FD2692
:1087380022F625180E0D1613041300E3F30AFDDDC7
:10874800F402F3F208C3F933C7D70A060AEC0108A2
:10875800DD0320DFDF14F0FA0701FFFB1709E82C1F
:1087680009DD121D03F90EF20EF509F6F313E6E81A
:10877800FF04FDDBFAF1D3F901F0D712F7E716256C
:10878800DCFC1CF803012701FC192F000C46F90C2E
:1087980030F3223E2CDD17401C00E3361D0F05D3B5
:1087A8000D21FCD5FA28CBE4FEEED900E9CBFEEB8F
:1087B800F4EAE81FE4DEF1DE0704E6B8E121FBBFD6
:1087C800F50BE9FDFDFEC31305B118FA07E0CE115C
:1087D800FB00F4E8EFD50B0902E3FBFDFE1BE2C941
:1087E800182718F1E11726E5EB113C00EB0B08F10F
:1087F800281DF827272FED123028F31324063121DE
:10880800F70B2A220BEF2028FBEC210EEEF612E1E3
:10881800E61901E10401E5FCEFDBF3EBF7D6F0ED37
:10882800CCDD08DBD7E5D5EFF1E4ECFEEAFBD5F5C6
:108838001CF4E9F51C0A03F6130B0D0A1706ED18CC
:108848001AE6FD1D2B17DE200E0318DF111BFB0295
:10885800021FF6EA2618F2F72A16EB07121609FE87
:108868000A1AF5FC100E070300051B09EBE91A0CA0
:1088780009FEEFF50C10F7FB010002FD00030CF0F8
:108888000409F3F4F6F90804F1F2FEF8EC08F6F23C
:10889800E8E1F5F5F5DAE80DFDD8EDEFF207F3E0DC
:1088A800F50702FBFAEB081901FB100904060A1583
:1088B8001810FF0D0C0109120A090D050BFDFD1515
:1088C8000BFD0404FA14F1E40914000202EA030897
:1088D800F7F10F0CFBEFF6FC061503FE0D02F5177A
:1088E8000FF80B09111700F40C0C070BFE0A19ED11
:1088F800EE03F608F5FAF9E3F0EAF2F9FAFCE0E239
:10890800F708ECCC1203FAE9E9FBFB09FB1003F9C1
:108918000505F30E130514F6051003060D1F1105C2
:108928000D010220F90220FAF6150EE8030E0912CD
:10893800F5F409F9F90600FBF30002EBFB02FEF877
:108948000D00ED06EF010CEDFC0BFAF900EF010B41
:10895800010504F1FCF40120EBE50F03F0EA05FD45
:10896800FAFDFC02F6F1F103F9FDFEF600FEF5F75B
:10897800000F00FB08F6FB1506FF04071D03EC1D9E
:10898800130309040B0A1DFFFE090B1016F8F11951
:108998001AFA01060011F5F01E06F0FF19F8E40AAC
:1089A8000CFAEF010CC8F12304D8E403F10AE7F349
:1089B800FEE90911ECECF51200DC100FEB040AF3E8
:1089C800030BECFE0901F303EF010EDEFE08FDFBCD
:1089D800E602FD00F5F6FD02F7FC02FDFE0505F7CF
:1089E80007F91C11EE1A11FC19120A061B190709BE
:1089F800061F03F6221A0DF6100C0A090307F914CC
:108A080011ECF4FB0001F900E7FD02FEEEE70308B4
:108A1800FCEFF2FA0FE5120BE7010B01F8FA041C60
:108A2800F6F0F7FE09F30511F3E6FE11EEF217F37F
:108A3800F3F7F80EF5ECF8FEF8FF04F0EFF70F0186
:108A4800E30AF7FF03F50A06FAF00A030E08F1FB3A
:108A58000EFF0606030CFE0AFEFE1C19ED010E0FA2
:108A68000BFF040B19FA17FEEB1B18FF0817F9F890
:108A7800051005090601FAEA040605EEE913EEFAFF
:108A880014DCEB0E07EDFA03EE15FA051DFEF507EB
:108A9800030701150BF30C0004F70F0CE407FDF9AD
:108AA80009FBF20EE40307E7F9EBFA13FED206F628
:108AB800DC09FFEF07F0F308EBF61CEBDC13FF0F04
:108AC800FBE60616F2F4140100FA140FF70B050280
:108AD80005F10211F8EF050DEC150DD8EC040B04A7
:108AE800FAEFF707FAF40209FAF8FF06FDF4FFFABD
:108AF800050D0004E9F91102F9FE21F4EE0619F951
:108B0800FA130CF8F71AF7FEFA11070B0AF8FCF833
:108B18001D17EDF71F06EFFBFF1016F7E516EFFA26
:108B280021F1F704FEFE0411E0001DF4F503F5F849
:108B380001FE07FEFBF6F7010B0FEFF70515F4072B
:108B480013FC0B020607050400050B000904F90DC8
:108B58001100EA07FF06080600F9FEFE00F90A08F8
:108B6800EFF903FE01F10D0BF7F40011FAF80C0C04
:108B780002010803EB0716FE0FFFF408FA060F0AB6
:108B8800050903FB0A090A10DF0E23F3FBFAF211A9
:108B9800FFFE02E3FD05F7EDF9FE04F3EB05F9F03E
:108BA80004F6E60802F8F9F401FEFAF90DF7FC1CE0
:108BB800ECFA04FA16FE010BF80609FAFA120FF895
:108BC80006F80A07EA1F16EEF8050008F90409FA7C
:108BD800FD09F2F20306F9F70605FAF1020CF9FDB0
:108BE80000F9000102FCF0FC07FFE5FE04F200F7C3
:108BF800F801ECF400F5FB03F1EBFFFE06F9E902DE
:108C0800FCE8FBFAF4FEFFF8F4EEFCFFECF206FDDC
:108C1800F5FFEBF806FB0600F207FDF70F0CFF0463
:108C2800040F0EFC101A0503110E0D0F081915116B
:108C380010080B13170D0F0C0D14080C1B05050F4E
:108C4800020A0D030305090B05F7030FFE04FFF5E0
:108C58000CFC0704F10402F8F8F2F30701E0EDF761
:108C6800EEFBF0F1FAE6EEF8E5F003F3EEF9F109C0
:108C780003E2010BFBF8FAFAFBFB0C15F0F805F719
:108C88000100000AFFF604020805FF00FF081407A8
:108C9800EB090E0E1201FF0508130C020709060B5B
:108CA800160A04080D1706F6151B0C0408050C1304
:108CB80013020C0E0512FBFE07120BF90F03F0004E
:108CC8000802F307FBF5FBEEF403EEF3FBF2F0E822
:108CD80001F6E7EFFDECF1EEE40701E4F4F2E90058
:108CE800ED0105F0F6FEEEF801EE0600E70101FCE5
:108CF800F5FA02FDFCE90AFFFA01F305FAF210F2AF
:108D0800EB1008E8F708F9FA0806EFF01704FB0972
:108D1800F7091D10FB0009001A19FA0C06171101B2
:108D28001001101204041606FE1301F2200DFA02B7
:108D3800FF0EF5F708FDF60200F5F1F20508F6005A
:108D480002E5F40908FCF1FD0400FAF1EE060BFE59
:108D580007F9E9FE06FCFDFAF4F7FAF7FD01FAFA5D
:108D6800FDFCFDEFF809F3FE13F5F316FCFAFF021C
:108D7800060AF6F90A02FFF70C02EB1117EEF81EC5
:108D88000CEE030C0E110B11020014030E1E030C43
:108D980011000913F90C19010B0B0101FB131E013A
:108DA800FF02F50A11F5FC08FE0A01E60506F9FAC4
:108DB8000403F4FBF2EFEC0211F9EBEEFB0EFCF00E
:108DC800FD03050600FBFD05180CF01011FB0C0453
:108DD800F70D0DFC03F4F209FFF20105FCF2F3FBB9
:108DE800F9FF03F901FEF2010901FA0704F7061178
:108DF800FCF00C1401F6FAFD0B09FF0203FAF90462
:108E0800FFF50200F6F901FEF5F9F2FD03FBF6E9BC
:108E1800F801FDE9F2F9F4F6FDEBF704F9F6F2FCD6
:108E28000801FBF3F00C05FC0BFEF9020102FC053E
:108E38000702FF00FDFCFEFD0A17FCED0A05FB001A
:108E4800080906FC0201F800040A11FEFA06F6FEFB
:108E5800021102FAFFFCFFFF0406010402F9FBFEFF
:108E68000B0401010104F9000B05FA0002FC1006CD
:108E7800F8F8F00C1605F2F2060B0D0FF3F60514D0
:108E880007F407FA0207FB06F8F70FFEF3F30208E8
:108E980005F5F303FCFA0403FBFF0408F901FC0AD7
:108EA8000EFDFF020EFF0306FB0809FC0302FF018B
:108EB8000208FDFA0402FBFD01020507FDFF050497
:108EC800FEFD0803030606FC03090105030808FC68
:108ED800010D06050F0C00FE0A0F04FE0B08050124
:108EE800FC0401040405F2F60AFDF7F5FF00F6F9A3
:108EF800F2EEFA07F7E8FBF4F604F7F2F8FCFB04E5
:108F0800FDF0FD05F7FB00FDF5FB09F8F60001FB98
:108F1800F7FF02FCFBFAFC02FEFDFD01F3FD08FE73
:108F2800F60005FD01010204FC030A02000911050F
:108F3800FC050E070209060702020A0405070AFAD9
:108F4800FA0C03FCFB0506FBFCFAF4FF0DFDEDFE35
:108F5800FAFB07FEF8FDFAFD0900F2FD0AFDFD0621
:108F680002F2F90FFCF803FFFFFB0107FBF9FDFE16
:108F780004FB0001FFEBFE10F5F20102FCFF02FC0E
:108F880001000205FEF9FE1210FCF90709050702A7
:108F98000A02070CFC01070604020609F6FF0B0487
:108FA800F90006F8FC0308F7F60600FCFD0007FCCC
:108FB800F1040BFE0002FF00030702FE0A08FD038E
:108FC80007070300040A0AF40104FEFB080AEDF986
:108FD8000206F8F6F3F20C06F6F3F6F8FE0307F0CD
:108FE800F205F9FDFDF7F90900F907FCEF0502FDA7
:108FF800050401F90002F70918FAF50903F909044B
:10900800FEFD0715F5F3FF070801040701F804083A
:10901800FA0613FEF609120503FFFE0B0C0B0406F5
:1090280003FB0A06F903130BF1EC040B08FAFBF82F
:10903800FC03FFFFEAF60F06F5F8FFF5F00402FE61
:1090480004F7EDF3FCFF03FBEEFC07FBF5F5F9F481
:109058000112FBE5F3FF0A0CF7F5FC030603FBEF2F
:10906800FD090EFFFC08FCFD060BFE051A06F403BD
:109078000A060A07070D0D01FE0306061200FE0385
:10908800FA0305FDFC0907FBF7FE04000409FAFDD5
:1090980005FDFD0203FFFF06FEFAFA01FEFC01F6DC
:1090A800FD00F9FDFCFA00FFF7FB0400FAFDFDFFE7
:1090B80000FFFDFBFB0000FFFBF80103F8FB0602C5
:1090C800F5FA00FE030800F7FE03040601FE02039A
:1090D80001010401000203030101FE000302020072
:1090E800FFFF010301000100000100000100000072
:1090F80000000000000000000000FFFF00FF00016A
:10910800030303030608090E0E0F14141211100EA0
:109118000D070400FAFAF3EFEBE7E3DDDDE7EDF125
:10912800F4EDDEDCE2E1EDFC03FEFEEFF2FDF7FC20
:1091380004131916020A04EBE6D5DDE4E5EAE5F1C5
:10914800F8F606010A02000A0012F60601F1F9FA19
:10915800000410FF1520050C131010120F120C0537
:1091680007F3EA00F4F0F50BFFFE02031304000B0B
:10917800110E0F0D0D0F0B1017111A17131E181BB8
:109188001C1C1C1712202B15252016291B142C39E2
:109198001F30483D4C503E2D3F37221E2F2E1106C2
:1091A8000B0B030D0D01FDF7F2EEF2EBE5E4DDDD4F
:1091B800DDD1CCCECFCED0C5CCC1C1C3AFBABCB245
:1091C800ACA0A29CA0A7A6AEB9C2C4CAD4E4ECDFE6
:1091D800E6E6F2FB01070825261C313239262D3C2C
:1091E8003C424A4C27454F3B453A3F3B2B45403A8A
:1091F800363D1A0E2F241A120816FF0B06F9F8F33B
:10920800E8D4EFF2DBD8C9DDDBCEC9CED8CBD3D7D3
:10921800D4DAD9D6D3E2E3D0D3E0E0E2E8DEDDE584
:10922800DED7DDE7E0E0E4E1DDE3DFDCE1E1E3E137
:10923800E1E8F0F1F1FAF0F0EF07FB0012FC0208A8
:1092480016190C1004011022121006061A02140135
:10925800FF00040BFBF80A12040B17171518151555
:109268002A1B1B203334242B2D421D092E50334337
:10927800152E4E0D1F2F3B0E0B26181E061A2519EC
:1092880012F71B120E03F5F9D8FCF3E0EBC3BCDFB1
:10929800DCC4CDD7C3C8B2C4F4B8C4DDD8C9D2DCE5
:1092A800EBDCD8F5DFE7F1EDFB0BEFF8FDFA1D0479
:1092B800FC04103220122229220D241A28232627E2
:1092C8001B1B1915141711091219180E160B07FC78
:1092D8001F1D0E0D0B1D271B03294A243B24322F6B
:1092E800172A3640112B4E0B3813174DF90A29103F
:1092F80002F72319111C052CF9F32CE91206051D98
:10930800F80AF606F8F1F5E9F7E7EFDAC9DBD5D898
:10931800F0DEBACBE6BBBEC7CDE2B3CBD4C1BAB799
:10932800C0B3BFA7CBD3B2B4CED1C2C7CFC4BBD909
:10933800C5CBD1DAECD4E7EDE6E4DBF9F8E8F9E6F9
:109348000714FD0115190D1C1826211B2B2C202F85
:109358003F0E2132252B0F2441121B37241E1D18C6
:109368001D191C270B1A270E16211E052F1B021D5F
:10937800180E11041610FC1C19FEFD0809FCFB1040
:1093880001FB090207F612EEF316F9F008E5F407F7
:10939800EEFFF3F6F5F2E7F0EAE9F0EDF8FAE6E9C0
:1093A80009ECDFF4EDE4F7E5FDDEDF14F2F3FEF897
:1093B800E50311F4FF04121D030807110B0C05F750
:1093C80013141BFE202309170B18241614211F0A37
:1093D80006212326080F2C02292D1231160F1A1DDB
:1093E800051520F4101BFAF3F706FEFDFAF5F1EA6D
:1093F800FE01F0DAF104D7E2F806DEF306E3EFE95E
:10940800E8F0E7E1F1ECCEEEF6D3D9DEDFE1CDCE40
:10941800DFD9C0C5D7DEE5C4CDD2D9EFDDF0DFE9AD
:10942800EED9FB06F5E5EE18EAD60A0000FE0418A8
:10943800EDE815F3E807DEF7F1D1F0F5D7ECFFEE2C
:10944800E9F015EAF70EF40D1817050B10140B05C3
:109458001B2C1A0C221115360003261D1718121E74
:10946800201029121C4024F5263E0A15293A3719DE
:10947800343A26202A24102A261D20182A0A0716DC
:109488001513F904131EF7F54D07ED2207120DEF1A
:109498000C0B02F60F0AFDFAEE05032609E8170B76
:1094A800061B06EF0C19F2FB21E7F9070913FC0963
:1094B800F90B14070DEA0FF5FE13F82813E722FF3E
:1094C8000A0DF01108F9F8160400F3E8F7F2E1FDC7
:1094D80006D9DAF6EFD5D9D0FECCE0EDABDADACAA8
:1094E800CDC9D5C1CDB1D5DBA6C5C4B5D3C1CFD102
:1094F800C7D6DCC3C3D8E8DBDDE7ECE1C4F807E294
:10950800E8EEFFEEE60211F6E42A1EF4FE13220D41
:109518001D231B1D012F37FF1E2F26120B2927285D
:109528000E1E2C1C120321120009022608020BFA37
:1095380010F31D0BF005F2FA120BFA0016E61D30B7
:10954800EA23FB1629091F0D1B1112101D2B0F39B9
:109558002A15201A29140A2818FC0C120B02F700E5
:109568002001F31009F7F3FB1B060709F6230D008A
:10957800F60E2CF104130CF203090D12FB07F9ED9A
:10958800FE15F5E1EEF305EEE605F807F5DDF80D55
:109598000CDAF91414DEE83100EEF5FE00F6E5F613
:1095A800FDF2F7F9F5DFE10A00D4FA09F7EDE2F088
:1095B800F6F7E7EB06CEEF18D9EF0806D9EA1AEA6C
:1095C800100BF8FAFCFBED02F8E207E3E4FDFC02FD
:1095D800D1EC11EEE5F504E5F508FC06EBF619F417
:1095E800F9FD02FF0201E8150B08FDDD190AEFF885
:1095F800FC0DED04120105070C0A0A000E0DFC0F04
:10960800160818FCEF1714070421190EFB07290F79
:10961800211F030E1C141520120308FC0B12F90C51
:10962800010FF41022F9EB121615FAE81AFDEEFEF6
:1096380025080201EC0F09E2000EF1FA10E8E82013
:10964800FBD9FC10DA08FEFAFCF0FFFAF0E4FB0B99
:1096580001F8F108FCD40405EE08EEE1110DE4EA86
:109668001700F704FE05FE080702DA0429F2F418C9
:1096780014E9FF0FF5FD04FC1517EAFE22E60019B0
:10968800E50408F2FD03E9FCEDEEF60A0DF5EAD66D
:1096980004FFEB03FDE7F3F7E1F9E3FFF9E308EC77
:1096A800E70D0BDBDD0908F7E1FD24DCE6FF15F724
:1096B800FC250C02D03B21E82F0CF919FE0C22FAEC
:1096C8000619F5F311070A0AF5071310FCEE13E85B
:1096D800FFFEED0B0405D70313EEFBF5270FF90189
:1096E800042206FC261B121122141617062219F34F
:1096F8000B100415F8F6FA21F60216E2D8011CFB45
:10970800E7F6EC01FFEC0CFCFAEDEC0702FAEFEDE2
:109718001D0BEEFE18F5F103F90410EC07F6FAE755
:10972800041DEF0AFCEE03F40F0D03060027FC01ED
:109738001F0F07101FF31824E6171801FBFC070575
:109748001AFFE62116F702090EEB1301EE07FD27B3
:10975800EFF305FA06BEFD1AE9E4CB10FCE1F1B31C
:1097680011E3DAE1CEF8EAE8DDF00CCFCCEEF2E472
:10977800D5FBEBD9F4F2FDDCF60BEDF9E70904EAC9
:10978800031A0FF11516F207083411ED1D0A23000C
:109798001C2C1010F13935FA1113320E113103193E
:1097A80001FE200306060CFAFE1ADC041BF1FEE893
:1097B8000FF8EE1AF70EF5F522F1F40AF0E60D248B
:1097C800F6F40C1E10E6F92114000F201814041FDB
:1097D8000FF32E06E93B10FE08E517F90AE6120317
:1097E800E516DDE60DFB0C0AF9F5F8E7DB0AFCF0F7
:1097F800EAE20DEBD3E8EE1FD0D212F8E6E702F565
:10980800EF0FE912D9ED0FE103DAE9E4F602DE061B
:10981800FAEAF4E307F2E800F7F5FE08F1F5FCC808
:109828001F01EA02E21106F0E8142DE5F43119FAF5
:109838000A26170E05FD1215030B0EF80F12EE106F
:10984800F90A33F8F31DFD0C1104091507F02AEF86
:10985800FD28D90706E71EF2EC1111F4F518F1F10D
:1098680017F9010C0A0EF71116051EF91821FB0845
:10987800231AF90419261B020C280C101B12FC00D1
:1098880006FD1C050EEDF1160DFEE909FCFA24EDA6
:1098980006E8C225FBD9FEF6F9D3EF0FE6DDE115A0
:1098A80009DBEEF4F3EDF2FEE3FBF0E709E6EEFC8C
:1098B800FCE1F408EEF7EB1201F8E7F31EFCF8FD03
:1098C8000803FBFBFFEC0E1DFC0903F9F20CFF007B
:1098D800FFFD0511D20324E607F21409DDF7F8ECC1
:1098E80000F9F2EFFCF5F20902E3F71A0EF2E525AA
:1098F80013FC0B0709F00017FDF506F6F70A0CF73D
:10990800EB1911F1FE03020C0119FF04050E17FEF5
:10991800080F08F3132B01F3FFEE181DF50FF5FFE1
:10992800FEF511F000F9FB07E31004D9F91418F15A
:10993800DE0B26FAFC01FB1B07FCF7FF1514F2FFF0
:109948000609FFFBF903FEFB05030012E2EC2607FC
:1099580001F81504060AFB1801EF1B191905110D6A
:10996800F11703FD2C0E0602021903001007F61862
:109978001106ED01F5E2E90F0FF8CDE00AF3FBEA75
:10998800E5FD02EDECECF800E9E90000EDEDF9F693
:10999800EBE8FCF309F0F4FDDE1104E40AF10D0133
:1099A8000811E21310F00C0F0FFCFF14FD1604F160
:1099B8000E06FBF3F7051607ED00FF04F401F0F6B9
:1099C800F5F8FDF8FCF2EBFEF0F90B0101F108FDEA
:1099D8000802F00902101BE00E18E71807F009FF4B
:1099E80003F203F4FC03F6ED0703F0F8070BF1EBC1
:1099F8000DF9F3F6F81207F21101010F0825FEFF21
:109A0800141C1AFB131D0DF40E1B0B06111E040D5E
:109A1800170E1B0C0F19FB162CF8F71DFF02080E6A
:109A28000BEEF3FF14E8FD1EF8F8FA0808FEF8F943
:109A380005100100020D0CF4FCF6F8010400000EFC
:109A4800F6E6FE0705F1FAEF0EF8E60FF1E5FF136B
:109A5800D7F41CE8E8F60BF8EAFD1BF0E40200F97D
:109A6800EEFF03F3E7E7F9F6F606EBE8F6F3E1FDB8
:109A780008F0E7F614FDEEF8E705FC0F04E208FE2F
:109A8800E70B00F905F3FCFBF9F2F6F1F10EF7DF4D
:109A9800FAF0E203F4F6F5E401F0E3F303EF010A68
:109AA800FBF6FA0AFD0E031308FF10021406EC0574
:109AB800250A0E0A07170A0C0B240A17210C1C0288
:109AC8001A1E0D21281104001929080E1913181F30
:109AD8000F090C100D0D140419FBE1081303EBE436
:109AE800080EECFAFAFCF3F4FBF211FFEAFA04FCB4
:109AF8000AF3E50F03F3F40603FC0309FAFC04FA7E
:109B0800FBF616F8F40DFA0802F2021507FB07FD3A
:109B1800F10005FEFCFD090104081417EC08081201
:109B2800FDE6120A00F6FBFAF4FFF3F602F3F7FB80
:109B3800E5F405EED805FCE4F8E3E4FEEDF9EFEC16
:109B4800FBE3F8E904F3EBFDF909F5EFF508FD008F
:109B5800090AFCF4F40802EDFE0AFDF2030BF3FB1C
:109B68000B090A030008040F0A1309FC1B010BFF69
:109B78000BF80A18FE1B000CF51405FE08FA09FE7E
:109B880009FC06FE0401FA010602FAFFFFFCFBFDD0
:109B98000200FF0106FCF8030301000001FE02FCBD
:109BA800FB09FBF40010F400F8F516F30604F5EFD2
:109BB80017FEEEFEFD06FE02F5FEFC2609EA080683
:109BC800012CE509E8103FDBF6FFFC2DE50FFC0250
:109BD8000B0DEADD46FDE5DE3D0FF415D4DE280F5A
:109BE800FEE6F5F335C6EC36C3130FE61B0FE51A90
:109BF800F4F018FF03D2F9E7E53CE2F9E1DF3AE5D2
:109C0800F810D729051AD71E34C1180A1D0B0DF4F0
:109C18000E4BD2FD1A0F292D1BEE21B32050C7136E
:109C2800E828FCE114E7E5DBFD2EFCB50717FDFC91
:109C3800EE06E6CB22FFE83CE8300CECF60006C561
:109C48004416D005F7FB1BE022F20316D3D601F623
:109C580023DFED11ECF7D00C0CE7F8E11A14E21051
:109C68001A0B11030201FA0AF7EF0FE62118E51F94
:109C7800E4FEF7E71AEE00EAEB04E1CB23ECE60199
:109C880011F5CC31F9D124FFF1DD0514C51E00DC36
:109C980012F214F1F81DFAF70AE6021EF205EE1D9B
:109CA8002BDB1E0CDF06FA202B091A0FF40F0D11FF
:109CB80022E40A45DBFA30F7FC2217EBFD0F17DE2A
:109CC800071AD40419E801E2FEF8CE1A09DF2F08B2
:109CD800C31EE8F01BEF10ED0D01DD27FE0F15EF99
:109CE8001DEF010E00160408FDF32CE9F431F2D340
:109CF8001020DDFA02FB10E12418D81304E6081F2F
:109D080011D82624E018FBCD36F3FC1FEEF3EDFF47
:109D1800EE1209E4FD1200DB1108DB160312F4D879
:109D280010E5F2E802FAFCFDF2110CEFE30C09FB76
:109D3800F9F5201CEB02330ABE1424FCE81217E1E3
:109D480002100FE1EB0EFC0115F8DFFC0FF81D10F7
:109D5800E9FCE81B1709E10105100F25EAEB07F3F9
:109D680026FC14F3E91B0C13E3F6EACE1D0DF4ED03
:109D7800D9030BF5E6FCF6E5FD1B0A04EB0F03110E
:109D88002BE1F50D020C1308FDFEF42409D024E89C
:109D9800EA18F90B0DF1EE10FD00FBF2F60811FDC3
:109DA800FEFFF411FC03EB0008010EE83CFFDEF5B2
:109DB800171303EEEAFDFC0D12E2E810EE01F7FBC3
:109DC800E1EE0D120006FDEE0AF3140DDCF51AF5AE
:109DD8001012ED0903FF0112FBF4001208F4040E3F
:109DE800F8EE1216FBFEEE23FE04090015E6140F2A
:109DF800F10C02FD090BFC080CF8FFF60DF6FD0A44
:109E0800F002FCFB09F0F40FE6F10905EBFD07068B
:109E1800EAF3FC0BEFF810E7FB0B03E12100E51E6A
:109E2800E90416DB1015DA29FBD51CFEFA0A01F83D
:109E380019F1F722F10217F81A0006FF0717F604BE
:109E48000A17FE0E0DF60A0AF90105FDF801F800D9
:109E580007F9FC16E5FA0FF808E801FFED0011ED27
:109E68000B11D40115F9F6FA0AFEE71007F805EC0C
:109E7800030DEFFC0CFDF40F030105E51CFEED0DD1
:109E880000E41020F70809DA221CE71FF6F8170B80
:109E9800EB041101FCF21913E6090E000306FAFFA0
:109EA80016FCF3F810F901FFF7FEF9FC05DC0408CD
:109EB800EFF3FFFBFAFB011BE101FCFF1A05F5EDCF
:109EC800F1080FEEE017F3F0EDF417D2FD0605FDEB
:109ED800FBECF21BFB04F7EE09020203EA0C030693
:109EE800FBF9010BF903160BE0021DFA15F5F7F95A
:109EF8000BF708EB0F12EEED1604E820F0031EF73F
:109F08000804F6FF18FEEF22F706F2FA26FAEFF336
:109F1800160DFF0DF1FA0EF70B1503FFF9FA200BDA
:109F2800E919EB0023E9FF06E01313FA13FDF5F333
:109F3800031503DF1200E9200EF2E5230013F9F9F7
:109F480012F618EC0E08E210FB0703F8F1FF0E07F3
:109F5800E7F31AFBFC01F301FD01FA060EFFFB0211
:109F68000EF4F1230B01FAF7090C0208F1F71805B2
:109F7800FE05F1F812FA000CE8F507F416F5E0F220
:109F8800021101F7E8FCFA0F04F2F51CE3F61907D1
:109F9800F1EEF60E06F90CFDEE0706F802F311F0E5
:109FA800F60604FB09EDFDF3F716F9F1EFF90503E1
:109FB800F511ECF10809F516DDF22604F8FBF7F9BE
:109FC800FCF91801020EEEFF1BF6F9000605F3FB7B
:109FD80019F7E216FAFD06F6ED09F5050AF01A0F6B
:109FE800EC0A0CF425050503080F1AF5060EED0515
:109FF800071009F8FA120215EFF90F03EE11F4EE43
:10A008001408EF0402F4F80015F20303070008EA45
:10A0180002FDF909F9F0F6EE0908E30003EAEE0F8C
:10A02800E905F5EA1D01D90F0EF90CED020E0CEF4A
:10A038001A01EFFA2007F5F80F17F9160D0502FCBB
:10A04800141BFA0AEF021A13F302FC0B0FFB01FEB2
:10A05800F80005020500F8EA040605FBEEF2110512
:10A06800F2F5F902F3F4F00BFDFFFCF3FB10FFEE41
:10A07800F90105FFEF0206F201FC15FEEDE20911F8
:10A0880003FFE40416040A00EF0C06050C1AF8FE98
:10A0980015F41214E706FF021CEDF105FBFD01EEB5
:10A0A800020AECF50AEF050BF10E01F5EB0A03F7CE
:10A0B800FCF80A07FA01F3010DF302FD1404F6F99E
:10A0C8000EFCF8FB0D06F5FE10F3020804F1F42768
:10A0D80006F6FC06010DFF13F60B14FFE71414E057
:10A0E800090B0410E9E71BFD0701F1F91306F8F75E
:10A0F8000604FADD1413F0E6F70BFEE8F505FB009D
:10A10800E9020AF8EF1F07DF160F0BF9EF1406F93B
:10A11800051CF9EB0CED1A16E70F03FB0C1AFBFFF5
:10A128000FFD1009F01207FE0C08FFEB0D03100AD3
:10A13800FEF0130206FA01F90406F0FFFBF6F60337
:10A14800FAF7F4F6F8FAE608E5F60EE5F9ECE70FA3
:10A15800F2F4F805F2E30FFF04F0F611FDF6080A31
:10A1680003F80BF5050C0212E5060DFA0710FF07B8
:10A17800F8FD1507EF09031118F5FF1001F6081C83
:10A1880001F902081AFBF8FB0A0D020207FFFB019E
:10A198000406FC0EE50BF9EF04F3F6F00AF3F70BEF
:10A1A800E50306DD19EEF71FF6F8F2F60F0D03F1D9
:10A1B800F106FD06F60BEBF9FD001606E104131790
:10A1C80007F10801FFFE1FF90603EA0E0A0816F751
:10A1D800EC1A18ED041D02FE000810EEF21DF10F36
:10A1E800030AF8F0060C0BF109F3F70D0704EFFD6D
:10A1F800FEFC0DEFFB00F717EE000FD9F4190EFE69
:10A20800EFFC071EFCFB03F51EF7FE04F9F5FF0D36
:10A218000DF2F9F10107F60DFEE5F1061109E6F375
:10A22800F90DF40304FAFA080D06FCFA00FFF90820
:10A238000FF2F40510F1FEF4FFF70001FAFEFD013C
:10A24800000107F7FC0E0D02EFFE1BFBF01CFBFAEA
:10A25800FC0202F70D07F6F60617FDFB00FB0E04DD
:10A2680000FFFB0106000006FBD9110C0109FAF7F3
:10A278000507071102EBF9120211F5EB050608FFB5
:10A28800F8FBF40116FFECFD03000600F50D0302D0
:10A29800ECFC120DE8DF1C0EF2E3F81AF4F10A08E0
:10A2A80007FBFF040CF2111AFDF2130AFC07F9046C
:10A2B8000BFE0005FDF40400F707FC05F7FFFCFEA4
:10A2C8000AF9F605F80103FFF50009F3EB1707FD96
:10A2D800FFEB0FFBFE06F7EE1805F7FAFC02FAEBA8
:10A2E8000705F5FA05FBFBFAF90EF8FB100CE4017B
:10A2F8000B09FAF2080B04EEFB0912E7F41BFFFB4B
:10A30800F6F2FC00FF04EBE81506FBE50C1AF1F386
:10A318000F09F900050C08FE05E4002DFBFFFA05FE
:10A328000CF60C0E04FA0B0AFA0DF70B13FAF315D8
:10A3380005EF13F305090200FD0501F9F90FFCFB10
:10A3480005FAFF0203F600F8080701FDF704F5080F
:10A3580007FC01FC0003F7040403F9F6020602F106
:10A36800F8F80017FCFA06F0050EF90A0DEA0312D0
:10A378000BFD09F607130F05FC0C10F30616030373
:10A38800F0F70C0AFAFDF3050BE7080FF204F3FFE8
:10A3980004FCF5010CFA00F80101F8F50706FDFBCD
:10A3A800F5F80CE4E32701E6FDF803FCEB0809E9FE
:10A3B800F00B07FBF2F208F3FC110503EA0611059E
:10A3C800F7FA0AFD0D12FD06F9FA1A030208FC0055
:10A3D800F30B090BF5E503031000F2F800FC060384
:10A3E800EE07FFEA0E0DECF8FFFB0404F6F1F6F6B3
:10A3F80016FB0200ED0801030BDE061CFD05E90B48
:10A4080004FCF6070EF70E00FA1CF3FB0A050EFD16
:10A41800F30C16FCFC0CF80D16E51A09F3060A08ED
:10A428000306FC0F04E50517F6F604FDFBFD000620
:10A43800FAF400F70B04EB0AFFFF04EEFE0BF5023B
:10A4480005F8FB11F6F8000107F7FA06F6FD07F71D
:10A45800F906FAEF0BFD0004E60F12ECFB0F15ED01
:10A46800F41C0F0CFBF5180603000D08F202F81691
:10A47800FDFB03FA06010702E11004FF0DED0207D8
:10A48800E1031BF5F6FAEF020CFA07ED0111ECFBFC
:10A49800080DF9F401FD0DFDF90ADDEF26FFEAFDCF
:10A4A8000906FCF30C14E6FE0A0217F7F4F9051B7B
:10A4B800FFF5F21000F40C080AF7E01A13F5F0069D
:10A4C8001203F9FB1607EBFB07050EF3FCFAE8127B
:10A4D80009F8FCFEFCF10D0902F2EF07080BF50282
:10A4E800FDF10706FEFEF80E050403F40502FB0C59
:10A4F8000301FE0008FB0301FDEC0D03EE0B09FC54
:10A50800F9000704FAF8100AF014F8E71A0101F53F
:10A51800F01C09F0E30C11FD08F7010BF4F203132A
:10A5280005F3EF0512EFE10603FEFCFDFEF00F0355
:10A53800EF0809F0F807FFF604F905FFF309000929
:10A54800F7FD0FFFFC020BFD060BF20907F20210E4
:10A558000704FD050708F7060BF90707080400FEBE
:10A56800F41503F202FB020005FFF6F9FA0909F4F3
:10A578000207F4F9140CF0EE031103ECFE04FBF8E7
:10A58800F81007E4FB0FFF0805E2FD19F8070703B9
:10A59800FCFCF9030A09F7080BFA030305FD000F91
:10A5A80001FF06070F01FC0201FC02FB0403FB0B81
:10A5B80009F6F80400FF0003F4F9F7020BFBF3FCBB
:10A5C800FDFF00F3F5FBFB01F70002EEFA090AFDB7
:10A5D800F805F901FDF6100BEC0618F6FB04FB086C
:10A5E800FEFE0908FFFE0A01FD03030400FA010745
:10A5F8000003FFF700080102FFFE0103FF0203F258
:10A60800FE0602FFFBF5FE03FB0004F9FA0507FD51
:10A61800F9FE0104F7FB06FAF90203FEFCFB030549
:10A62800FB0109FEFA0507FBFBFF0407FCFE05001A
:10A63800FD0102FDFD010404FDFF0200010001FD12
:10A6480001FF0101FFFF0000010001FFFE03FB06FF
:10A6580006F2F70A10FCF9FC0CFBF60F04E6011CE5
:10A66800F8F9ED0A0D07F7F1040218F1E5FF23F9EF
:10A678000302E00B11F3FBFDEE1CEDE626F0F7EB11
:10A68800FDE70816E4F2F00D0E0FD6F8F80F29EFE3
:10A69800E21826E90AF7181BF123F50807FE26EA4F
:10A6A8001708EA110103F721F2D7380619F0DC1A66
:10A6B8000601051CCEED4BD8EA08D6E00439F8E9C6
:10A6C800F7F50108FF03FA0C1006FEFB05F5F1008B
:10A6D80001FCF70003EFF9090FFDFAF6FB0E01F391
:10A6E800EB080601111CF9D4110716EC070DB53457
:10A6F800130C07B5F133500018DA1A0BED40E7C810
:10A70800FE3F12EEF00B17DA0A29E7CC2815F4E51C
:10A71800E312030FDDF2F6110CE1E51915E611E07D
:10A72800EB13FCF4FFE50215E509FBEAF8FA01E38F
:10A7380014F7F0F800081BF4F40FFF270CDBF623DE
:10A748000604F8F615EF1214EA000816020305E9E4
:10A758000A0908FEFB0EF7F20806EFD01D22EFFAF1
:10A768000D08D82827F7220C13090907F6F1FFEC82
:10A77800B8D3E0D2D0EBF0EC301DEFF2E80A04EFEA
:10A788001421FD0C31405437031D0F0B04CDDBD2CF
:10A79800D71223FE110CDAF700D3C9D2F924210508
:10A7A800E2CFF81BEACDF7F3001D0B27302B200D65
:10A7B800283224214D2B1D270F0B101EF9E3DDC76E
:10A7C800AAAD0423D7C7CCCAD50224464B2806E332
:10A7D800F0D3A5A7BBDAE4DDDFFE263A1209FEF9BD
:10A7E8000B074C3BBFDC0820483E26E5BBE5FE22B4
:10A7F80041E8BECFE8F7002F2A323D23151E06DEBA
:10A80800E4EFDCD7BCC0F4FDE8D1FB1D2D2F1D11F2
:10A81800DEF4324E3C1DF925311000EBC0B8D5FEF0
:10A828000EF70C172E4943433E1AE8EB1C1002049E
:10A83800CEF720FD00F1D3D1E8E0BFDB021E0EEC1D
:10A84800E7C4C212250AF8FBF1C1CEF003C9BFE183
:10A85800ED15170D0D1F3821303E3400DDF21A2C8E
:10A8680006FE0902E4CFC2C4D5CCE4E6C9E61F352A
:10A878003D30191F08DFE1E1BED7E3F1E805ECE45C
:10A888001118050A152931050C3013184B392225E2
:10A89800200DFF0A03D3CFE4E9DFEC03FA252A25CC
:10A8A8002F35330FF7D3DBEFFCF6E2112702ECF775
:10A8B8002207E1F903FAFDE9102F25403E280AFA9C
:10A8C800EE02E3C2D8C4E3D5E3FB0113163010F758
:10A8D8000B1A09EEE20F0E083A23FCFAF2E5D0D083
:10A8E800EBC0D4E1D6DCD7092920FA17360CE9E009
:10A8F800D8FDE1BEBBE2FADBF2152C1EE5F0001133
:10A90800170E0F0E02015129ECF3E7E4DBF7E6E737
:10A91800EAB1DEE8E6432E2824E80124430BCEFD05
:10A92800E5D9EEEB324BFFF9194622E6F417F8F2B7
:10A93800F5F7F60D4158440B2845DBBAE2ECC4D1D3
:10A948001112EF290C2225FB07FD1607EC02F10E68
:10A958002D0C130E12FCE5F1E3E400FF161A1D2A74
:10A96800F5FA20264D4500E1D8D2E105F3E7EAF9EA
:10A97800F80916EA0B2508EDD504FBDC0941191B7B
:10A98800FD0729F2E810DDCBB3A8C5EC11F9465E46
:10A998001F24F2DD1522F1CA0EE1D604DE041ADD09
:10A9A800CFC1E015F0E505142C07042C1CFCE1DFF1
:10A9B80001FDF0ECCCF9E3D5F6D807F2DFFD27204E
:10A9C80011FE10FF03E6F3EEFF520EFD15EBFD1A24
:10A9D800E2E815CFDBE2E71A142F45192F2CEEDF3A
:10A9E8000F06BBDDECE715DADCF80B170BFB1B11C8
:10A9F800E9052F0B0B170B352FEDF21CF3D2FCE1F9
:10AA0800D0241CF5EDF5F02C21173AF60430070E8A
:10AA1800FEE0DDEEFA1C30F8F319DDC2F8F6F518A1
:10AA28000DE0243D062225FCFCFDC6EC08F5D4E922
:10AA38000D1E25F80F2B2C0F10EC0200D200182544
:10AA480008E3F7FE24E9D9032014F1D7D30119F953
:10AA5800050D2207F0250BE4DEEC10D5E4041414F0
:10AA6800FD143426F7F2E6F3F3D3ED162A1B00E4BF
:10AA7800E006FBD7E0E7FCDAEA2606FCFB202BE63B
:10AA8800030F0EFCE1F721FDFC0B060CEC0D2A1E52
:10AA9800FAF50602F0EEFFE6C6EC200803FDF9E43D
:10AAA800CF0808E1D4EA1B14EBED2901161BF107C6
:10AAB80003EFE20834EBEC2506F3010CE401F20C99
:10AAC8000AC4F33D0BEB2F050104DFE81207D4FAA3
:10AAD8001A1C0CE2F801FB1109DE04EFDBF8FB2E6F
:10AAE80014F613FCF9EA0610041A03FFF322FBF824
:10AAF8000CDADC330BEF1A0CF70A0C17ECF22AFA13
:10AB08000BF4F729EFE9FAF0FD1604EDFEED08FA6B
:10AB18000E26FFF4EFF9EC14F3F116FCF703070126
:10AB2800E3110FFD19F8E30D1A09041814180D1193
:10AB38002508F7FFE7E707F7FE07F3EFF5040D161B
:10AB4800F7F90AFFEF11EEF50FFBDCF80CFB02E159
:10AB58000622E2050C07120A192102091BE903EB78
:10AB6800C70DF8EFFBF303121209F609EEFE16ED16
:10AB78002F010006D9FF0F12E9D3FE0A14F9E40EDB
:10AB8800EFF524FEFD11F7F8EB02F3FB1C0A0BF7B7
:10AB9800DEEA19FCF61E0E10E5EF0CFC170505E6BB
:10ABA8001B1DD7F50204FD0802ED0FF20A0CEEE3B7
:10ABB8000DF3EF0FF8FAF6FFED1418E8ED1009F9A8
:10ABC800E20E0BFB0C13FA0509F81B0D08E9F8F364
:10ABD800E9211D0F02E31FFDEC0C0404D4FC03D192
:10ABE800E913FD1011F4150FF016EDEE23F4F3122E
:10ABF800E5F913F0F8E901F7140CFE08EE19FF0F58
:10AC08000CD8F5F6050AF8EEF50EE1F310F9FC0993
:10AC18001010FF09FC1405EC09EBE71705DE030E1D
:10AC2800F0FB0B06D7F716F3F703EB03FC0607F860
:10AC38001804F80E14FCEA11F7F7F9F8010C170FCD
:10AC4800ED151BED0A0C180A03F91613ECF2260E83
:10AC5800EDF6FA03EC0E02FEF404060005F8110FF7
:10AC6800160B070BF5FE0A0505F208100AFF03F29A
:10AC780008EC0217FD16E1001B0C07FDF702FCFAB1
:10AC8800FAFEEEE5FEFDFAF50805FB0C0A1C02EDDE
:10AC9800F7F9F8F8EEF205EFE704F0E4150104100F
:10ACA800E50203F2F20A16F6EE0A0AEAFCFFF2FEE1
:10ACB8000B0B08FDFBFCFCFAFFF6F91E02F407ED8E
:10ACC80002070016F70AFF05F90D03062302F5101F
:10ACD8000CFCF30616FDF3FD130B0F010B0C00061D
:10ACE8001907FB0D0A02FE080DFDFD0E00E3050520
:10ACF800E804F002FCFE02FBF10913E3EA1C0DE490
:10AD0800F70CF1FCFAF304F60400FA0200F3040865
:10AD1800F4030800F5EE081DFDF41210F2E7011027
:10AD280004E4EC09F903FE000BFF04150CF50B0114
:10AD38000810F9F4EB0A0308F1ECF9DEF0F6FEF876
:10AD4800F4EE070DEF030EF1021D09F7E8FF0AF212
:10AD5800FBF7FBF6FDFAFC02F5F60D0C0305F00314
:10AD68000D07FF01FF09FC0D04E010FCF907FAEEDE
:10AD7800EFFDFD08FE000BF11807EE0BFB040DECD0
:10AD88000B09F704F807F6080EF9F7FFFEFC0000B8
:10AD9800FE02060A111100011EFEFC0A04FDE6125D
:10ADA800FD010AEB17F6F719F2FA14FE0E0FF70F6A
:10ADB8000A09FA0B10F50A030FF7F6091100F01F3C
:10ADC800FEE7171A100AFF0319FBFB21F3F4110B16
:10ADD80005E6080BE31BFFF6FCEFF8E8EF0BF7F7C7
:10ADE800FEFF02F80A0808F5EC11FCF6F8F9040071
:10ADF80006FA06FEE60506F9030906F10F1E01022A
:10AE0800F80512FA07FDE3F117F9EEEEFC05F0F389
:10AE1800FDFBFCE9FE1AF902F9F60CFCFDF60B0243
:10AE2800EB02F40501E2FE0AED0CFAF80A05FD0052
:10AE3800110914EDFF2303FAF9FB05000006F5F8E4
:10AE48000F01FD09F6EBFCFD10FDFC02FF10DF030E
:10AE580006F710EC00FAF501EFFA09ED030601E830
:10AE6800FA180710040A120208FE021304FBF40978
:10AE780006FEFFFF03FAFE11FD0B01FCF80B05ECC3
:10AE880014FDFFFF01FEEB010B05F4FC02F30802C1
:10AE9800FC10F7F00CFF02F40210EE13120D05057A
:10AEA80013FD0104FA050AFEFBF90CFDEEF7130386
:10AEB800F4F306FAF50F05F6F015F50104FB02F9AF
:10AEC800F1FE18DFF818F206F0FD0802FE081EFB76
:10AED80000060214FC0514F7FF0C05F8FF0AF70436
:10AEE80007FD01E80E15FFF9F112080202F4FCF063
:10AEF8000303F800E4FDFBF609F307F9F5F109FA95
:10AF0800E9020F040000F900010BFB080101FEF93A
:10AF180007FA00FAF9110305F7020F000904F61001
:10AF2800FAF903FDFBE5FDF8FFF2EE05F4F4000382
:10AF3800FCFB05F5040CF90204FF05011006F6F206
:10AF480009100000F5000C0304FE01FEFE0F0BFEC5
:10AF5800F9FD0D0A0600FC0AFF000604F6F70604D0
:10AF68000502FA00FEFA08FB030602FBF6FAFE07E2
:10AF7800EE0D03FF0DF4070D02F8040F0A07010098
:10AF8800080C0405040A0B02FF0A03F6FDF8F9FF92
:10AF9800F60A03F802F80BFEF709FC00F3F3FFF7D3
:10AFA80000FAFF05F9F3FE00F805FE00F2F40D04BF
:10AFB800FE02080201030BF9000F08010712F50F42
:10AFC80014FCFF0904F3FD11F7F3F2FFF8F401F0A4
:10AFD80000FAFD05F2F8FC030000F70AF3EA120B89
:10AFE80005F7F9010AFDF103FFFCFF000806F8F96F
:10AFF8001702F50B06050800FEF8010F01FB04FE19
:10B00800FD0AFEFBF30908F5F80AFEED0C06F3F756
:10B018000CE9F514F7F7FD04F5FC0301FEFF06083B
:10B02800070804070EFA021301060000030303FFD2
:10B03800F8FA0903FCFBFDFEFF03040202FCFDFC19
:10B048000508FFFBF1FC03FCFEF7FB0600FC010210
:10B0580002060CFAF60BFB000105FDFEFFFF0801D6
:10B06800FEFEFDFCFEFEFD0006FFF60C02FE00FBE8
:10B07800090200000A02FEF7F90500FEF9FE0404C1
:10B0880002FF02FE02020309040004F902FFFFFFA7
:10B09800F608FC0105F3F204FDF80001FFFE0801C3
:10B0A8000300FDFFFDFF00000100FE0703FE030093
:10B0B800FEFE04050005040101FF00FFFB00040873
:10B0C80009FDFCFCFAFFFEF900000102FCFBFCFF95
:10B0D800F9FDFCFF0600000403FEFAF90307070A5E
:10B0E80005FBFBFEFD0003040302FFFF01FF000058
:10B0F80001000000000000FFFEFFFF0000FF010448
:10B10800080B06080D0E1317141C1D1F211A1A19F7
:10B11800190C0A00FAFCE8E1E4DFD4CAC8DFEAEB5C
:10B12800F6E7C5C6D6D5E7FA0803FEE6EBFCEFF866
:10B13800061F201D0006FEDAD6BBC0CBD9E1D5D943
:10B14800F2FC05F70800F50AFA07F311F3DDF6F348
:10B1580000FF10021C31050B180B151D061A0DF9FE
:10B1680006E4DCE8E1E7EE0AF403F80320FCFC0E51
:10B1780014181212140D0E1420121820212117264B
:10B188002025241818313D16312B1F341C1A3B4535
:10B198002439584D5C614C3950452C293F3A190BDC
:10B1A80014130D15120705FAF4F3F2ECE5E5DEDBEE
:10B1B800DACFCDCECFD0D0C6CEC0C3C1ABBBBBAE2D
:10B1C800ACA0A29C9FA7A7B1BAC3CACFD8EAEFE3A5
:10B1D800EBECF80108100E2C2E24373639293241B1
:10B1E8003E444C4B29414836443937372B3C39319A
:10B1F8002D341A0A22231A0E050FFB0603F4F4F461
:10B20800EBD7EDF0DDDCD0DFDED8D7D7DFD8E0E351
:10B21800DFE2DFE2E1EBEBE2E4ECEAE8EFEBEAEDB8
:10B22800EAE8EAEFE5E2E7E6E0E1DFDEE5DFDDDDDB
:10B23800DBDFE6E7E7F5F0E8E8FDF4F304EFF50314
:10B248000B0B0406F9F4FE0D070B03FE170511039B
:10B25800FF0307150A05121D0D101A181519160FE8
:10B26800251D13152323151F1C2C17031737222BF5
:10B278000F1636020C1A2505FC160B0FFD040E0CD2
:10B2880005EF0B0900FCEFF4DEF9F5E5F1D7D1ED98
:10B29800EED9DDE4D6D7CBD601D5D6E8E3D7DADECA
:10B2A800EEEBE2F9EAEBF4F4FA06F8FB03001D0C06
:10B2B80007090921180B1C211E0D1D121814161C34
:10B2C800130F0F0F0D0D07FD050B09000A0709FCE9
:10B2D80011140703010F1B1B0A1734192617202006
:10B2E8000D242D3217244413301918511212342208
:10B2F8001406221E18250E2608F825EE0604FC1949
:10B30800F6FDF604F8EEF5E6F4EDECDED6E2D8D874
:10B31800E9DCC2CADEC3C7CFCEE2BECEDDCEC9CA23
:10B32800D7CED3BFDBECD0D1E3EAE2E5E3DDD6EC60
:10B33800DEDFE4E7FBE3EBF4EEEEE5F7FEF401F322
:10B34800031004060C100B151118160619200D15FC
:10B35800280B0C21171A110D231207272611121575
:10B368001911101E140D1E190D0D210C0524160798
:10B3780014100D140E18120D160F01080A040500FA
:10B38800050B01F60D0DF70606F8FF03FDF4E2FDC7
:10B3980004F1F5F7EBEAFFF3E9EBEBF9F6EEECF283
:10B3A800F8ECF2DDE2F5F3E9E706F4F5FAEE01046C
:10B3B800F7FA05FEF0FE151810F70C0EFD18080D2B
:10B3C80016020D1712081C1307251B090D19211B3E
:10B3D8001B130E070D1F1E10FF202103141818053C
:10B3E8001B0F040AF90408F5F2FFF7E7FBFAECF380
:10B3F800F6F9F8E9F0F9EEE2EFF8FBF7E7F5EBF626
:10B40800FFF0FBEAF7EFE6FFFFEEDCECFECFD2EE53
:10B41800E1E5DCE8EFCBD7F5D6E2EED6F5E4DBF7ED
:10B42800F2E2F9FFF3EFFC0DE6FDFEEF000300F298
:10B43800F7F8FAEEEAFB01EBE8F7E4F703DAEE02D5
:10B44800FAF9FAF60300FD0EFD132609F01E19F6A7
:10B45800030D1B10001B190F0F1B120D231B1C1CA7
:10B468001D280D161C1E1707152026011C520E1725
:10B47800351F2F1D10241E16112518130B07120F28
:10B4880026FCF20EFC000CF7F10C0DF00813E80096
:10B49800000908FC06F90F0C0A05F410F4090C0160
:10B4A8002703F61DFA1001F91007FD061B0D1003FE
:10B4B800030F09011E18FA04190B00FF031FF414E7
:10B4C80006E20CFEF9F8FDFFF6FEEB10FFDFF9E9E6
:10B4D800E5F5E2EEE6E2EDE6CCD3E0E4D6D8DADE56
:10B4E800CBB9EEEBC3CCD4E2C8C1E7F3C7CE07E8CB
:10B4F800C8D1F4ECE0F0EBE5D9E7FEF2DBEC05F7B8
:10B50800ECF8F8F2030203F505FEFE180705000D36
:10B518001B030C060F2A0B110A0A1401180F220B21
:10B52800F83C0A05251413F5081D1803F31912022F
:10B53800F7FF10F800FC0A16F609F905FE062500C3
:10B548000A0D03161D0F081B0B00400C12200631B4
:10B55800181B1B141C0C11081C060A1CFE020207EF
:10B568000AF60611F7F50302FDF8F61015F90712A9
:10B5780000F7F3050AF704F20212FAFAF41D06F1CD
:10B588000A08F9F002FB08F8F8FCF0F40D0DF2F7E0
:10B59800FD070AF20509060FF0F70814F4E5050B94
:10B5A800F7D1090FE9EDF1F7F4E6E6F6EFEFF4F578
:10B5B800ECDDF409E8E60800FAF0F60003FFF10A0A
:10B5C800FAE016FEE60306F3D504F6EE09F4F6F7FC
:10B5D800FEF7FB0BF1FF04E701020CF7E50E07F19C
:10B5E800F304FBED07030604F3140EFB050206FE45
:10B5F80008F2FC130009E9F917F6F9F909FFF61141
:10B608000804070B0D0E0B0A18090B1A121215F471
:10B618000A181005131D0F05F81511071903FC0A60
:10B628000D071113040302FE12FEFEFFFEFAEE12CE
:10B63800FFE8F410080AE5020AF0F10C12F803F02A
:10B64800F80CEFE807F7EE00FEDD0811ECEC14F853
:10B65800F412FC09FB0102FCEEF00503FCF5FC0CFE
:10B66800EDF315FD0507EBFD16FAE70210F400FDF2
:10B6780001FE000405F1E71D09ED0315FAED09FDCA
:10B68800F2FFF8FE0FF7E40DFFE413F9F40DFFF9EC
:10B6980008F8F6FCEEF8FD0FFEF5E1ED07EFF7030D
:10B6A800F5EF00F0F5F7F109EAFB01EAFF14FCE316
:10B6B800FF1205F8F01F0AE7041017F51D150FE72C
:10B6C800FE3AEF091EF60709F81707F60D04EAFF18
:10B6D80004FB00F3EE040304ED0606F613FB0B115E
:10B6E80011FDF1230606031628060806161BFC148E
:10B6F8001E100B1011030CFD0211F5EE04F4FEF6FA
:10B70800E8E90006EA11FCE1EF120AEDEEF2EF04B7
:10B71800EEFF06FBF9EDF904F7F5E60112F8F30F71
:10B728000AF4020701190707130608FD290F08166E
:10B73800FF0A0B0A1F0B11021613F20F0D04001358
:10B7480001F51FF7F014FCF8F1FDFB0407E3F5140D
:10B75800F1F2F401EDEE05E1F2ED0001D8FAECFFAB
:10B76800DCCF0FF3E2D3E20FDEFBD5EC12E1FAE116
:10B77800F4FFF3F4F01506E2FC0805F0FA0BEEFA14
:10B78800020902F4190703FDFE16FBFF161E060741
:10B798002305020A172AF0080F1010FD220B08F2E1
:10B7A800FF2FFFF9061319F81C0AFF09EE0A08FA19
:10B7B800010101F00CF9E41AFEFCF6FB0EEA0B0895
:10B7C800FE0DF01813F7100AF6002212F506141CE5
:10B7D800FEF1111B050211120C040417F2081AE3FA
:10B7E8000520EB03E4F901F8F8ED11DFFBF4D1F6DD
:10B7F800F9F607F9F4F3F3DCF202EDEFE2F603DB16
:10B80800EAEA0B03CBFF09F1ECF805EF09FEFF08A4
:10B81800DC16F800FCE9F7EE07F0F20AEFFAF1FCA3
:10B828000CF3020700040D0AF90FEDFC29F10CF6E0
:10B83800FF13FDF1F92408E2131E01F91216090598
:10B84800FD021205010AFFFC15FAFF0BF92115EBA1
:10B858000A0AF80CFE010410F00C12E81E00E816A3
:10B86800EE070EEB031407F60F11F313140415116A
:10B87800160A051C08130CFE2206FE101C02F80608
:10B88800141303F60F0CFB0A08FDF0FFF40407FD80
:10B89800FBDFFF04FCEAF002EB0D04EC03C9F2172E
:10B8A800DBEFF7F8EBDD0AFDE8E6FD18F2EBFBF954
:10B8B800FAF503FAF507EE0501EFFF03F9EC0BFDC6
:10B8C800FDF70313FEFDED1312FD03070D03010140
:10B8D800FAF51700FBFEF8EDF900F7FBF8F806EFAC
:10B8E800D71BF5F3FDFC18F4F207F9FF06FDFAFC87
:10B8F80003F8040DFAEE0F1202E7011CFA01030621
:10B90800FDF5100EFB0506FA070E08F3051C03FCEF
:10B918000B0510091010FD07001001FA0404F4F5D6
:10B928001509EBF3EFF317F9FC01F205F30702F63B
:10B9380006F60BF7FB18F0F00C1809EAF61C10F6DF
:10B9480006FA0B10FFFAF90513FEF6020604FEFDCF
:10B958000107FF0609040D06E21315060107110683
:10B9680011030A12F803100D080506FBFDFF030476
:10B978000201F701FC06FBED0EFCF30702FFEDF8F0
:10B98800FBEF03EFEC00F5F0E9F0F905F0E6F5F769
:10B99800F9F2FDEFFAF5FCFCFBFCF4F301F2020707
:10B9A80003FDF706FD09FEF90D051912ED1E0DF749
:10B9B8001E01FF0D0707FD09FB0504F7F306FBF061
:10B9C800F80302EBF206F1F2F0F707F7F006F2FEE1
:10B9D800000410EFFC050E02F3090BFDF00A0A0142
:10B9E800FB0907F5FF01FC05F60000ED0D0DE7F773
:10B9F8000CF602050F07F6FE0910EC0B12F7FCFE19
:10BA08000C08050106111408090B1710050D090D7E
:10BA180013130E0F14FEFA0C130D0408061CFFFF77
:10BA280016F9F61010E60D19F3F70109F8EE0610ED
:10BA3800EDF10704FCFA0508F9F6F606FF050CF423
:10BA4800FBFEFBEC0803F1EEFD11F6F8F6F206FE3C
:10BA580011FBEF0CFBF20EF901FDF9FDFDFAF9FB04
:10BA6800F4FD0AF4E700EDF103F6FBF3F000F1E76B
:10BA7800FAFCF00002F3EDFDFBFE01FB05F9FA020A
:10BA8800FB02F8E00509F6FAF4FAFFF6F0FCFFF01D
:10BA9800FDF9F5F8EE02FDEF0E04FAF1EC0D06FAE9
:10BAA800F905F50A0702FEFE06FC0C050714FBF172
:10BAB800181509FCF31D0F010A0E05FF06031017E0
:10BAC80010FA150A0F13FF011F13FD120C06050BC0
:10BAD80009010E0201F90513F50309FB04FDF20142
:10BAE8000CFCFE09FDF4FEFEFDF9FB04FDFF021B44
:10BAF80001EE070F0D07FE170E07040410F61203D8
:10BB08000E06FEFDFD020412F5F30F06FAFFF4041B
:10BB180009F706EF0202ED05FA09F9EFFBF902F55C
:10BB2800E6FB01F7E90C01EEEDF203F3F802FFFC86
:10BB3800EDF702E9F905FCFBF901FB01FAFD130237
:10BB4800FE0503020502FD0B050107F806FFF911C2
:10BB5800FC040202FDF30EFB0209ED020AFBFBFAEC
:10BB6800FE02FEF5F50AF8F50500FFF001030600F0
:10BB7800F90EF901070403F7040507FD010AFCFDA6
:10BB88000204020000010702FB06020006FF02038E
:10BB980003030104FF0001FF010000000000000092
:10BBA8000000FFFF03FA0404F3FD040D05F4F80F89
:10BBB800FCFC0C00F8EF1509F7EC0A0CF919E50183
:10BBC800110315E0F3221101FCE7052FF5EA0CFE3D
:10BBD8001403DC021BF103FBF5E92BFAF4F0F82758
:10BBE8000EE0E6FD0D0FF7E01009F220EFE91BF675
:10BBF80006FE0EF5FE1ED9F615EF0CF3EBEB20F161
:10BC0800D02AF808EFFEFEE4FF0F10D9EC20F1006F
:10BC1800FFF0001AE5F02B17DF05180B07F71D03D7
:10BC2800E1291608EA060D0D09F30FFD080800F9C9
:10BC3800FE19F2F118EAEB0EF00308F3EA1DE1DF52
:10BC480029ECEC22F6F916EEF319FAE91FE10512D0
:10BC5800EE0A01F1FA14F6EB080B06F7EE170CF3EF
:10BC6800F90317F8FD17FCF90812FA060BF901EDAC
:10BC78001DFEE91DF9F80002FEEC09E70DE8F31FC7
:10BC8800EBE81113E2FEFFFD0601F607F40902FFD7
:10BC98000110FDFB000EFD00090807FB19EF030664
:10BCA800FC16F4000504FAF6070C03F2F912ED0489
:10BCB8000AF50D02E70C06EC1207F40106F808096C
:10BCC800FC0BFC020A0200F40E0306FC0601EF1549
:10BCD80004F50CFCFAF90A0004FFFC05F804FCFC66
:10BCE80009F103F8FB14EF00FFFC12F1FE09F50956
:10BCF800FD0B01FE0CFA05090B00FD11F114FEFE07
:10BD080006FA15F6F90010F7FB000100F20400F13D
:10BD1800FA01EF0409F6EC0202FD02F7FAEDF41558
:10BD2800E70906F20ADF141BDEF30D0AFB07F4002D
:10BD380000FC1101F9FD0DFDED27FCF009070703D3
:10BD480003F307F402FFFB0302F4FFF9F9F805F522
:10BD580003FFF40EE8F41CF8F00B01F9FA0F01F9EF
:10BD680003F41905F6010BF1090BFAFAEC170CFCB0
:10BD78000C01F4F7F92307EA09F4FA1400FCFDF1C1
:10BD88000810F1FBF8F0070109FCECF9090D0CF6B5
:10BD98000200020F080AFAF211040500FB0401155B
:10BDA8000703F2F9040E02F30EFFF00DF505FE0489
:10BDB800F20BFCF80DEDFD17F5FD0AEB0304FFFF90
:10BDC800FFFC10F9F00B06EFF7100BF40B0303F868
:10BDD8000615F80118F50811040504FD0717F70200
:10BDE80008F306FF01FFFE07EA060BF4F0040DED69
:10BDF800FE00F8F7F80E01ECF70F01EEFE02F7F57A
:10BE08000405E80705ED1003EB030601FA0205FE39
:10BE180003F30A0A00040908FC0C09FD07FF040CD7
:10BE2800FE01F80A05EA0B00F70DF2F613FDE71319
:10BE3800FDF214EA0218F9F20BFFFC05F11B06E00B
:10BE48001804EC08FB010CF1FD0EF7F30809E805EE
:10BE580008F909F3FA00FD06EE041000E6000FEEFB
:10BE680005FEF4FCF9060101F9F3FA15F0FF15EDEA
:10BE78000D14F9FC1FFBFD0C0C00FD0607020CFB62
:10BE88000906FDF2100FDF1108F902F4FB00FB00B0
:10BE9800F208F6FC09FBF901000200ED0907F504B8
:10BEA800F60300D41810E00305E80202F513F9EED2
:10BEB8000C02020406020B0EF5061EED041A020E11
:10BEC800E90913FA07F90E0000FD04FCE50D09F570
:10BED800FBFFFBF908FD0208FA00F31101F419F65B
:10BEE800FB05EE0B06FB0806F60211E70303FB0B46
:10BEF800EE0E01EB0AFD0EF3000AFDFDFB0F04F048
:10BF0800060FFDF2F912FAEA0F06ED06FDFB0CF832
:10BF1800EF06FD0203FB000F0AF705FCF71100040A
:10BF28000BF10506F914F8DD1404F713F4F803030C
:10BF38000401F20C0208FCF718EFFC070610EFF9F1
:10BF4800010605EF0400F7FE04FBF4FF02FCFFFE08
:10BF580006FBFAF90D080405E50621ED060E02F3C5
:10BF6800F8160303F90000FA0DF6FFF2FA1BF000C9
:10BF7800FCFAE7F624F3FBFAFA02FA0EF3F609FAEA
:10BF8800040108EEFF020102F510F6F02102EEFAB4
:10BF98000119F8F810FFFF0511F7FF10FF0FFC0556
:10BFA800FC03010611F104EEF917F1FEFEFDFDFE9A
:10BFB800F708F8F1000DF9000AEFF7090401FD068A
:10BFC8000208F2FF10F80BF1080CFAFEF60CFBFA67
:10BFD800030F01EF0DFEF6020FFAFC0702FB020346
:10BFE800030C0201F8FC0F0507EBFE15F0FF0EF934
:10BFF800EA0B05F904FDF307090503F7F30116F643
:10C00800050FF9FA091BFA01FDEB160804FFED0408
:10C018000004FCFCFB01FDF311FFE509F8FA0EFE34
:10C02800EA0010D91A0AE11EFBF90DF8F4080FE727
:10C038001618EF0EF00C14F20F09FBF71808F9FEAA
:10C04800EF12FFFB0EF4FBEE0118EAFFFAF5FBEC2A
:10C0580004F300DDF816E703F2E91106FFFD04E733
:10C068000C15EF0D02F712020A0505070711FF0D5F
:10C0780001FA090404FE0A080514F7160EF2101155
:10C08800FAF70DF7F60CECED0AF7FBFFE8F709EB0A
:10C09800EF04F5DDFEFEECF7F903F7EF0315EEF418
:10C0A8001AEA0607ED1307F61A0FFA1A19F6021B11
:10C0B800F30D11F2FB010201F60A0105070AFA0461
:10C0C800060310EFF902EE02F80905F1030F0E005E
:10C0D8000301FD04FB070CF8FA03150C0F00FB1114
:10C0E800F6FDF6E9FAE1EC00F3F3F800FE091C2787
:10C0F80019072936170B020EFAFBFBEEEFC2DBF924
:10C10800E716FFF31E1615162712EC0DE4CAE2D443
:10C11800B0A90103BAFE01D9E7F80107F7093229E6
:10C1280011FE40FAE4382B0904E9F8FBF335EDD3A6
:10C1380026F60805442A012EF5FC0510FDD3FAE77A
:10C14800DB01C8D5FBE5E5D8CEE7152DFCF61AF0DE
:10C15800F55E2E082AF0FD14ECDEE60A31F0C9F48B
:10C1680011F0120EF91803190BF12310FB02371EF8
:10C17800EFFBD9DD21E1C3DEDFFF43121319045AB7
:10C18800050C17C6EB16E4C8DA4EF4BCEFD7B73087
:10C19800069BF6F8FBF12850E22930EB064413F52C
:10C1A80041131806141A06E1071011FCB8FF3EE601
:10C1B8000116DB011CEAEBF32C0FCD060CE4030D92
:10C1C800FC1E1E0D2EEEC41E34FE101C2112DAE7D2
:10C1D80000FDE9FFE20D06DEF607F2FD020108E0C8
:10C1E800D61516F902DFF5251709010CD4C9031E67
:10C1F80012F5CFE9231AFCF72316FCFBFC2619D706
:10C20800D70A1CF4F5EA0808DB12E404EAEA00F0AD
:10C2180000FEF20C1705EAD5EDF5DD0315D7F8FC9D
:10C22800E12001E8250FE008171E1DF8EC0118EFC2
:10C238000404ED0E01FB1505E70904F01FE70B19CF
:10C24800FA180600F4E6E00C1AE5F404DD10F8DD4F
:10C25800F9FA1EE40C2FF0FAFB11FC020DF2111D85
:10C26800E50B05FFEDF400031BE0F52905F5FB0AD6
:10C27800081613DF1513FB0BFCFFF6E8E81FFAD6C8
:10C28800050D0EDDFE21D8DC240CFA190BF3131B67
:10C29800EC09F4F320EFEF16F1EA0C0E0B09020D8E
:10C2A80028F00D0E090BF8FFEA0E01F3F5FA09F86C
:10C2B800D2110B1000EC10F70E09FB1504ECFCFA78
:10C2C80007F60402FE06E9F709F7FA29F5F212144F
:10C2D800F6FC10050005120501FD0CFEEC05F40541
:10C2E800FAECF5FBF7130D0E04FF0FF4EFEEFD0863
:10C2F800040DEFFF08E906FD0E0ADDFE19E40B1533
:10C30800E81C07F105040A000E09FA02FAFE0CEF10
:10C31800FDF1EB0C070D00FF050804EEDC142CED15
:10C32800F50FF4F0FC0AF9FA0DE9FF04F40702FB33
:10C338000C0E0217F9ED06FDF80AF2FDFEF806EEFE
:10C34800FCF6081CF3010AF60304FF02FCF70400DC
:10C3580007F8E70A12F8F40DFFEA0A05FDF30600EC
:10C368000814F2FDFC030CF4F7FBFEF9FC1706E5D4
:10C378000E1403F9E5140D0AFD04FDFA0DFF1AFF6A
:10C38800F5F8F210EFF9040806EBFC0502F81203C1
:10C39800E40C1304F3E70B03EEFF12E1FE0FF1FFC9
:10C3A80018FCF1FFF80CFDF60C0D07110DF8F40759
:10C3B800060605E9FA02FD11E8ED12FDF6160AEE89
:10C3C800FD1001F603FE06080501FCF2F70DF9FD64
:10C3D800F802F9F91E01F706F90310F8EEFB090E49
:10C3E800FA00FDE909FCF218FEEB0F02F2080A0C4C
:10C3F800FAFEFCFAFF0408FEFE0500F903F6EBFD61
:10C4080001050DEFF714F4150BF7F80204FD0A09FE
:10C41800FBFEFE0101F9F90E0FEE070CE8FE1A010A
:10C42800F30A010014FFF904F3150DE4F9FEF80707
:10C43800F60309F1F50F0402F9F60CFFFA01FA0305
:10C448000AFDF4000207FBF900F7040EF4050BFBE4
:10C45800FD0DFD030C02F20501F207F5060605FFC6
:10C46800F902F10510FA0CFC080AE80E0CF20FF4B8
:10C478000407E80A0200FD00F5F6FD0BF6F70FFFCA
:10C48800F7FC0014EBFC21F8EC09F50A11FD0F008C
:10C49800F60800020CE8080DF415F1FC100204FA85
:10C4A8000EE8FC26DA050EF803F90CFAE523F9EE96
:10C4B80016F4F80AF9F219F20B02F41CE1EF24EC75
:10C4C80008F6F31EF0010DFCF405FF050300E00F6C
:10C4D80015F60B00F40109F712F1F907FD00FD0349
:10C4E800F7FFFF0313F4F30BF308FEEE10F806034F
:10C4F800EC0D0BFB00F7FE02FF040609EF0F05FD2C
:10C508000AF1FA05FD011FE8F707050104FAF40529
:10C5180005EC0A0AE50FEF130FD80E05EE10EE0A28
:10C5280002EC09FFF40C06E91EFAE90DFBFDFF0019
:10C5380013E10B1BE00900FE020607EE0B03FE18D1
:10C54800EE040CFF09FDF909000210F301F7EE14DF
:10C558000CE90909F9FCFA0900F30804FAF80000E3
:10C56800010208F7F60FF208FEFD13F2FC0FF907B7
:10C5780000050DF5FF00FB050308F901FFF809F7B1
:10C58800FD0806FB0601F80207F9040CFD0301FD8E
:10C59800070500FAF80501FBFCFFFC09FFF7020498
:10C5A8000B01F00309FC0402FE04F20014FBFAFF7D
:10C5B800F606FFF903FBFA0E06F4FF0BF9000AFD75
:10C5C800FDFE01FEFDFD0105FEFE02FDFDFE07FE6E
:10C5D8000204F802030303FDFD02010101FFFD004F
:10C5E80001FFFEFD01FF010201FFFD04FFFD01FF48
:10C5F800FF00FEFEFFFE0003FFFEFF0202FE00003A
:10C60800FF0200FFFEFF0200FFFE000100FFFF0027
:10C61800FF0200FDFE000100FFFFFF01000000FF18
:10C6280001020100000100010000000102010000F8
:10C63800010100010000010101FF00010100FF00EC
:10C64800FF000000FFFF0100000000000000FF01E4
:10C65800FF01FF0103FD0105FFFE0AF60407FD06C1
:10C66800F60110F6F40AF80C01F601FAFF0503F8D2
:10C67800F809F9F3F105FFFBF30DDD030ED40B0AFE
:10C68800FB1105D9241F0005F5F313E92216EE0462
:10C69800FC1AFFF8F015FC10E6E6E408FE0103E2D8
:10C6A800DC1BEB38EFADE94B3E0A0AD519CF28431E
:10C6B800D8C53448EA04DA3222E220F3EF0D22002A
:10C6C800EEFCEF0B17E8E7080113D90FF6EC19E3B6
:10C6D800F701DB250C00E4FA22D6DC3307F5F6F186
:10C6E800CB1D24ECE4F9041829E606EC0F3607EA1A
:10C6F800F0270BEE2012F1FE20F61502FD0CF6FFD6
:10C708000D09EAF80BFF1300D910F01914D61DE92A
:10C71800F30615F3D926EA0E06EF09F706EC2C0006
:10C72800EE10E30D0200FD01FFF01900FAFEEF180C
:10C73800ECFD05F3FCFEF207FEE80AF2E70AF3FC5B
:10C7480000F6F40FFCF716DF0302F41B01F4FD0EEC
:10C75800F40907ED17E90B08FD0BF10DEC0DFFE9E6
:10C7680010F60DF7F60FF301F70FFDED13FD0F09A6
:10C77800EE0A02F80103F7F413EB100AE909FCF8D2
:10C7880012F2FB10F0F919F5FD11F1F215F3FC2383
:10C79800DE2304E62EE90808F50C0C09F123E9F973
:10C7A80028E01FEEF915E71308EDF711F0010FF473
:10C7B80003EA0F0703EFF4020009FEFE06F5EC0C8E
:10C7C8000AEFF60FFA0EFA0801FBFD100CF007FD50
:10C7D800FA17E60A0BF401F919FA01F70713D70754
:10C7E8001BDD10F4FC1100FC0A00E81BFA060EE73A
:10C7F800070EEF1005F1F9F2050BF504F103FDFE44
:10C80800FC000BF0020AF5FEEC1AFBF11CE515F72B
:10C818000F0DF60FFF030C02F8F41FED060CE21AD9
:10C82800FBFF0DF3F402EA0508FEEF07F70404E541
:10C83800F405030EF70B0FF4FD091206FDED160AB9
:10C84800F4130CEB11EB0212EB0A04EFFB0900F8EE
:10C85800FAF9FF0DF7FFFF0305FDF817FFE8F911D7
:10C8680007FFFAFAF8010F09FCF8F811FAFB18EDBE
:10C87800F70A0AFB0302EA03050FFDE609000405AF
:10C888000006FDF10FFDFC04F20E0A0BFB00E40CA0
:10C8980013F302FB02F8FD0A0103F00603050AFB85
:10C8A800F500000209F808F012FFEE020009F7048B
:10C8B800000200FC10FFFC08080B0500020D000038
:10C8C800FE020004F6F9FCFDF4FE0CEA04F5FCFE99
:10C8D800FFFFEF03F80D03FBFC05FD0906F6FC0B53
:10C8E80006FCFCFC0C06FA0305FA01000000FFFB3D
:10C8F800FC080102F6F809FEFB0208F7FF0DF80C28
:10C90800F4FF04FE030302F401090403EDF6160321
:10C91800F9EE0BFDFFFFFD07FEF1FF080600F20D23
:10C92800F00D09F8FCFB0C050004F9020804FCF3FF
:10C938000504FA06FA02FFF90407FFF90EFE0300E0
:10C94800FA04FD04F5FE1003F7F9FDF80DF6FD0DE8
:10C95800FCED15F3080BE318F80115F8F30AFB03CF
:10C968000FF80407F505FCFB08F8FD050609EDF8C6
:10C97800FF11FBF013F4FCF40B07EB06FE0607F0BF
:10C9880007FFF41009F40DFD0105FA0AFEF60E0A78
:10C99800F9FD0AFD07F2040DF901FCFC0507F2FE9A
:10C9A8000CF90BFD080DF3FA0CF70210ED08F30271
:10C9B8000CF5EA14FEF112F7FDF706F906F70EF882
:10C9C800EB1B00FF03F1020AFDFF14EFFD12FCFC54
:10C9D800F810FB08F90CFFED08FF0B02F7F7070149
:10C9E8000AFBFAFFFB1201FFF5FF05F506080AE846
:10C9F800F619020CE7FC1301FB0201FC03F209041F
:10CA0800010AF9EE0A0BF80DF9FE12F80CF9F20614
:10CA180001040109F206EFFC1DE8FC00F3FB0AFD26
:10CA2800F7F7F70706FD0200F40605000BEF020C06
:10CA38000502FEFDF60E010608F9FD08000301FFD8
:10CA4800F5FD1903FBDE0C18F70403FA03F5090CCE
:10CA58000EEFF20EF410F2F206F8FD03FCFE06F9F2
:10CA6800F907F70009E4050DFF01F8FC0BF80DFFC5
:10CA780002070502F41500FEF6040DF90603F00A94
:10CA8800FD07F8FE07F80CF405FEF40CF50A01059D
:10CA9800F9ED16FC0BEEFA14F6F50FFEF9FFF70E9A
:10CAA800FB03FB06F8F818E40809FB0903F4FA137A
:10CAB800F3FD080302FA0409FCF20AFD0206F60176
:10CAC800FD09FA04F1FE07F70BF90400F90306F66D
:10CAD80004FEFFFAFD0500F207FE03F20308F10C5D
:10CAE800FF01FCFA06FFFFF30B11F4FD0801F50A3C
:10CAF8000EF903FFFD0900FD01F30601FBFE040228
:10CB0800F905F80607E909FDFD0703F80308EB0E28
:10CB18000FF806F40313020303F6F5060DFFF908F0
:10CB2800FC05FE0900F108FF0AF40EF702FFFD17E5
:10CB3800F2FF09F8090BFC0BFCF91800FA0DF7EBEA
:10CB48000D0C0505E90110F2FEF6FF06FEFE0409CC
:10CB5800F4FE07F409FCEE0A020507F3FE070303D7
:10CB6800FF0400FC0B0D0A060DFE09FF03FDF0FB98
:10CB7800F3F1E4DFEDE7F4F2E8F8FBDA1912EAF989
:10CB8800FF143D19344AEAF0212019FFF102051279
:10CB98001C19F0011B17272105F1FC03FEFDE8D441
:10CBA800E6E5E9DECBBEB9D0DDDECECFD9E4F0F2E2
:10CBB800FA050B1D2D283A2C1C25262E2820131982
:10CBC8001D2A0FFC1910FE0F181006FF0404EFECC5
:10CBD800EADBD7D2CBD1CFD2F0FAE7E7EAE9FCF12A
:10CBE800FB000311FD180C0E0B0CFBF7280D0D0FA5
:10CBF8000E2AF804FBF10F1C211501FD111E211846
:10CC08001304F9ECF8EFF1E6FA1BE4D90BE400168B
:10CC1800D3E3F9FAE5ED0B0212F20C0FC50008EAAE
:10CC28000904E0ED0F1525310901F71224F3060B6D
:10CC38002A1AFC04FE16280E050E1E15FCF0F30336
:10CC4800DF1203F3ECCCDC03F8E5D7EBF5EDF2D813
:10CC5800D8EFF41025FEEF0E09FB0202171DE7FEC0
:10CC68001D1AFF1B200A15180812190806DF140ED2
:10CC780001F706FAE205FCEFFBF1F1F3DEE7E70066
:10CC8800E9F706030BE7F6F31311DAF4F0FE0F23C6
:10CC980008E7F909250B221F03FFF42203EE41FDE3
:10CCA800F61AFA0E10FDE6FFE7E71208E8DCEDF1E8
:10CCB8001A0FEAF418FDF907F920FFE0FB17E6D38D
:10CCC800F22D060C2511E6D225151AF1E1210FF5F2
:10CCD800DE2920CAEC0911FFEB1102D2092B0D0E37
:10CCE8000AFC13110611EEF1EFEFF40EF7D5F70277
:10CCF8000516DEEF09C80811E7041EFF161CEAF244
:10CD08000FD3FF2AE814EDE72CF1EBFA2917F818EE
:10CD18000604080D09DF0929FDF6EDE0F9F9DCF64E
:10CD2800FDFCEF03D40621FCF41011F1F8292701CA
:10CD3800DE010D0217DDF9F4FB13070B09FB2BFBD2
:10CD4800EE0DFF03FE100AF7E31208D7071DF6D50C
:10CD5800D80C1BDE02E6DF2F2DF3FD2400F6F523A9
:10CD6800140FE8C0FF20E5E92E16F1DF150BDF12DE
:10CD78000D08E31C38F323EDFF2D0ADF010CE9D47D
:10CD8800F30CF905FAE5071202F00DF4FC21E40CA6
:10CD9800F7F0E9F12F2DF800EADC1007ED0625EB96
:10CDA800FF25F61804F816FB0BF5FC1A02D8091132
:10CDB800E4FDF602FCFF0BF9F70200E0F90E071597
:10CDC800EB0810F313FAF3ECFC05E6ED0605FB1689
:10CDD80022EFEB04FD1A0205FAF5180A1907EFF31A
:10CDE8000AF4030100F60309E4041A05F9EA110A32
:10CDF80004ECF703E200F404F1FCEFE8151AE6EAA4
:10CE0800211504ED011DE40521EEEB0DEFED14F7FE
:10CE1800E50B14EE001BFAFA0B10FEF817FCFE04E3
:10CE2800FB14FE10F0E30AECFB05FA15F301F1041C
:10CE380019EC0C0BFDF30608E90312F3FE0FFAF9DF
:10CE4800070505FDEE0D0A0701FC100B0FFD110487
:10CE5800E70602F30FE3F117FA0702FCF80502F000
:10CE6800030AFEFD07100C01F61006F7FB03F0F1AC
:10CE78000BFE01F9010D0605F80DF20C0CF0FD0F83
:10CE8800F2FB16FAEE08F4FC0BFBF6F40BF9FB22A6
:10CE980006FCFE0F0BFC1AF1F811FEF2F6FE0AF47E
:10CEA800F3F606EDEA1FFEF70FFBDFF22603FF118C
:10CEB800FCF1FB18F00505F9FCF8F9120006F90475
:10CEC800110200F5FFFE0113F3FD06F400F3FD0562
:10CED80000F50209E914FEF216FAF0F50A11010844
:10CEE800F9FD04F907FA01F7F004FD08F9E80D085F
:10CEF8000EFCF30407FEEF06030210FEEC05FDFA34
:10CF080002F60911EAEA110200FFF40D0701030015
:10CF180012FE06EAFA06F2FD030F02ED11F8F00E12
:10CF28000DF5FA12F7F119FBF601FA0600F905FCFE
:10CF3800F707FAFA0B01050CEF0F14FBFF070804BB
:10CF4800F9E8F21D010015F3E9ED140E02FFE50EF4
:10CF5800120DFCEC0B05F8120804F2EA18FFF511A3
:10CF680001EFFC08F603FBF7FFF01B0FF7F5FD06D2
:10CF780003FDFB0C06FB0501E6FC0EFC06FD0202A8
:10CF880001FC01000607F51105F5FDF7050200F89B
:10CF98000606FAF9000503F5080FF4FF1900010C5D
:10CFA80000FD04FCF51405F4FCFEF9FC0503000083
:10CFB8000200001009F9F8FFFF04F8EF0B09EFFC75
:10CFC80000F1EE050B0300FF03F5030C0DF5050D4D
:10CFD80003F5FA00FA03080FF8F50307F80614FC3E
:10CFE800F70500FEFBF7000900FCFFFDFEFF03004C
:10CFF800FC0000FD000C01FA04FFFF0303FC080419
:10D00800F90206FBFE01FFFCFBFE00FBFCFE00FE36
:10D01800FEFF0007010105010100000000FF00FFFD
:10D028000001FAFD00FEFF01FFFE0000FFFDFDFE0E
:10D0380002FDFCFEFCFFFDFF00FDFF0100FF0300F9
:10D04800FE020103010001FFFE000001FEFF0100D6
:10D0580002FFFEFE0000FF0200FF000101010101C6
:10D0680001020001020102020101010101010101A5
:10D07800000000FF00FFFF000000000100000000AA
:10D088000000000000010100010101000000000093
:10D09800FFFFFFFEFEFEFEFEFFFF00000101010193
:10D0A8000100000000010101000000000000000074
:10D0B800010101010100000000000000000000FF64
:10D0C800FFFFFFFFFF000000010101010000000059
:10D0D80000000100000000FFFFFFFF00000000004B
:10D0E800000000FF00000000010101000000000036
:10D0F80000000000000000000000000000FDFDFE30
:10D10800FFFFFEFDFD0206040705080A0C07090AD1
:10D118000909040605030304FF04060C070702FABD
:10D12800FDF7F8F9F5F7F0E8EBD4C4C9CED0D1D3C0
:10D13800CDCDD0D2DAE717F0D4F3F10009F7142FE8
:10D1480017EAF40A1025323A18F1FC13253B493F37
:10D158003741635E5C534C402C0B000D0AFEE1D94D
:10D16800E6D8CBD1E6F404211B1E0EDFF4EFED1D4B
:10D1780009170AD5E2060D1E31252E20F1DEDCE165
:10D18800D0C2CACCCEDCD5D6F00A121B02F2F1E727
:10D19800380DD004FBAA08E2061DD40C040C0CF0D0
:10D1A8000303EDF2FDE9F5F5FAFED5F2E5DD02FE41
:10D1B80004F7F0F600F41C06090F000D050D050B29
:10D1C8000F1010090F120A0B1F130F0A0204091B74
:10D1D8002613FA141B0F1217153F292C280C182593
:10D1E8001B14120A14030003FBFE05FDFCF9ECEB0B
:10D1F800ECEBEDE4E0DDD9D9E3DCDBE2DADFE1D624
:10D20800DADEDFDDD4D8D8D0C7C9CAC7D2D4D3E5CF
:10D21800E5F2F8ECFC140C0C1A0F0E3027253E3101
:10D228002C3A3A29323B4726294330392A362A25CF
:10D238003F2034261D19171D2317FD1A1C0B021237
:10D2480014F8FE00ECE8F5F5DDE7EEE4DBD6DED514
:10D25800CAC8D4CFCED1CBD3D0CED6D7D9DEE7F477
:10D26800F0E8E9F1F5F6F504F9E6FB00EB0202FE59
:10D27800F3E20001EBFFF8FAEFF201EEF5FADDF464
:10D28800F2EEF7E2FDF8DEFCFA1B00E90BFF2A13C9
:10D29800F91C241F17223D2E271B352A1226291D6B
:10D2A80024211A1D2111141D12151A18161F061EE5
:10D2B800210B102519FC1E0A1A011314E90C0BE89E
:10D2C800FAF816F9F7F5F1E8D2F6F8EDE9F8D3E24D
:10D2D80008E6C7D109D2D3FBDFD2D8F3D7E5F8EBFC
:10D2E800E9DDF9DDE100FCF0F4EFEBF5F0DD040435
:10D2F800F7EEF7FFDF0800F7F6031AF401F40C0F56
:10D30800031C1A1A270F132923222C1E2729262526
:10D318000D233A0F2B272F280A13312C081D3514FB
:10D32800111B2A0BFA2C13070123060514F00C0C09
:10D338000DE7001DF40BEFEF04E9EDF4F0E2CAF19C
:10D34800E3E3E3E1E1E7DFD9DCD2CBDEDEE2D0CB19
:10D35800E0DDD1CBBDE6DDBCC9ECD1D8DADCFAEC36
:10D36800E5DFF8FAEAF80202FAFD091C0AF60F12DC
:10D3780016070B100C180E151C160A1527101E1C64
:10D38800FF0B08102108FE1212FD012420000C21B9
:10D398001F121E191326160406230DF6F31D11E796
:10D3A800F71917F4F8FA0B0202FFFB2209EB112216
:10D3B800FBFE022629FB061B2811FE2D1BEE131D62
:10D3C8000BF3EA0FFDF0FFF305E9F6EED1EEF7C136
:10D3D800DFF4D6F2D5E5CCF3F5C611E9D7E40EE9CA
:10D3E800D504DBE70FE3F5FDD8FB010EFD091BDBD8
:10D3F800FC1F0CE92929090E1B11130229260B1001
:10D40800152DF5F5293210F8270BF91CFC112C0BFA
:10D418000EFBF71208D90C19DDDB04FBD5F0F6FF7B
:10D42800E9F5E319E7EB0FF91AE5DC090BDEE70D7F
:10D43800FFFCCB0231F8E1EE0323F0F0122AF8E901
:10D448002A1CD6ED270EE5E91705E1C9EB1EFFCC2E
:10D45800E9F3F7E5F5FAE607ED02F6F2F8F7130057
:10D46800FE0C0801EBF52D17F9F31D15F1E717214F
:10D47800F0FDEF19DFFC15D2F720D8FA0FE2F5041A
:10D48800240DE4160C19F5DD201C0DF4FD2B11E319
:10D498000831F818FFED2F0AF7FFFA0F1AFAE3160A
:10D4A80011F403061C16E9F30D0013FAFEEFF5104C
:10D4B8000DEFFD1BF41104F703080D02F90D19F81F
:10D4C800E9102E09D60E33EDF3FE3026DE10030CDC
:10D4D8001EE42328DDF31C0408EE1DF9DDF711FC1A
:10D4E800F00FE1152D010115000D01F81D0AEEE6FA
:10D4F800FEF9D8FFEEF1EDDF02DEF1D5CA25FCE238
:10D50800E30511F3EB0B3BFBDDFF191BF70A1DFBD2
:10D5180006092904D0022F1CF9E916FC13F6F53286
:10D52800E2D0E61B1EDDFA25F7F3190FFBCF042422
:10D53800F4DDF217E603D2DF0CDFBDD908EEBCD468
:10D5480015FAC1E50AF3E702E9F30D09E7F7011552
:10D55800F8CF0E040D04EA1400E01F0ED41725EBD3
:10D56800E1033724DBF125E6114011E4ED3517FA24
:10D57800063814E22723E6EC2613DE2103F4E7E855
:10D58800140BF80AEF041AFB0DF12336F4152110D9
:10D59800EB0C2CE8061E09EDFFEF16E7FD1209005B
:10D5A800E71BE8002CF8ED04061BCFF8111016EA6B
:10D5B800090B1FE10B050326E6F02A1AF80619E104
:10D5C800F525E9D8F730F3D11EE1E11E000AED0791
:10D5D80014DEFB051D00DF200CE5E821F4050B0037
:10D5E800ECF5F7FC27F5CEE8150404CE08050FFD89
:10D5F800DE2DFCDC0E1006E0FA07E00D010ED6D396
:10D60800161BFFCBFE041408DB102C04E0F83E0BBD
:10D61800EB0DFCFC1709D21121FBFFF703FEEE26E8
:10D62800F4ED121602C4F3351FD8DC2C10E20C06F8
:10D63800FE0808E4121A0DE608060718DEE51D1FA5
:10D64800F6EFE70110F300E7FA02DE0107E808F752
:10D65800FAEDF92AEADD1628F005E20C0DF808FAC9
:10D6680019F5FE02FAFFF9F3FB01EE0F0B00D9EDF5
:10D6780031E4C51720FEE8E50F0607F6DC1D27E8AC
:10D68800F50FE8EB041507F70EEFF7F5F90AF509BA
:10D69800EC130A00030C0AFD3338F01226FD0DF4D2
:10D6A800192116FFE81DF9F634FEED22F7030DFFE8
:10D6B80003EB19F8F80FFCF320FA12F7FB04F12B2F
:10D6C80014EC06F0DD0A2A02CD0E0AC9CC0C22E0C1
:10D6D800C3210EDDFC0CF7F222E10429FDCD0E1367
:10D6E80001FFFA1902E2E31F05E4F90FE50608CF86
:10D6F800E61011D3FAFFE307FFEFFDFDE1E216FEA6
:10D70800F01D0FE41521E8EF13121AF40DF9E727BD
:10D71800E6100901EAEC28E2030FFFF4E23F18CC17
:10D72800E92409F51C00FAFC3002E0042700DFF7C1
:10D738002512E1E41326F1FCF0110FE5E2200603BF
:10D74800E10112E81210EC000015FC1E02E3231B95
:10D7580007D7131313F5F20C10F0F5FD0320F2F5BB
:10D7680009100801DEF3302DF5E3F81F030E070159
:10D77800040DEB061DFEF6090F120204E6F911105E
:10D7880020DAE828F8E7130DE0D11A2CDBD12107BD
:10D79800D7FC0D21F7C0F22E10C6E51502D4E80912
:10D7A800F0D50CDDF5E9E10BE90CF8FA06EDC4005B
:10D7B8001D0BD2F617D0F3FBF4F3D507FE0204FFD6
:10D7C800ECE50E36F3F61FE3F12B0DE60B2827E9FF
:10D7D80021FEFE33E50E3915EDD21B37F9FB03FEAA
:10D7E80009F82214FDFCF531FF17FEFE131439F277
:10D7F800F42B091901122BD1F331F0DD061206DAE8
:10D80800110ECFE32F3E01D9F614E4061A0C11F8D5
:10D8180002FDF212F60616F20EFC01D70E25DFF213
:10D82800F407DAFBF9F1FF07E9DBF23AF8F6EAEA7E
:10D838004B02F00F083DE9DB1C1FFFCB121CF5F271
:10D8480001ECD8EC1DFBE5C61624CCF6FF15F0CB91
:10D85800210803F8E409F302F605EB0008ECE6EA10
:10D868000B10F309D6F02DE5E70DFEEF0D16F31AB0
:10D87800FDE90B1D2BEEDB2C25F8F51D21DCF7351A
:10D8880005EDEA180BE4FE07F8F621F7D8250AE2B9
:10D89800E7032E03E91B0201F204E8F71503F6E19A
:10D8A80013FAF3FAE40B13E9F5CF0A16F7F0E637A3
:10D8B80000CC16FC2403FD16F80D0AFBF32134F600
:10D8C800E5FC0031F9E71915EFE31126F9E7001E29
:10D8D800EF06121106DE2F28CFFD220601F216E010
:10D8E8001C0BEC01F318D7F721F2FCE90200D21463
:10D8F800FF01FAE20FE6F614010AFFF3DE0AFDDD86
:10D908001500F9F2F81BF9E0ED272ED8F7141DFFE2
:10D91800DA111B050CEF060720F5E71F1710F4F0C6
:10D92800250F0FFCDE0F0116090300FF0BF012DEB6
:10D938000715D00E25F2DBDE1C1FDF0221F1D11006
:10D9480023F8D10F22DFC80614EDC4F01B08F9EF45
:10D95800FDEB131EEFF52CFCD7DF2F2FEAEBF016AB
:10D96800FA03011407D81A1BCF020C0B29E4EE01A5
:10D9780018ECE82B1C01DDF70B0F0705F80424EE63
:10D98800EC16091009F00CF51404E1E1FE20E0D8CA
:10D99800101CF6C6F73A0ADEDF2320F8EAF82BFA5D
:10D9A800E8131808DF131AFA13F22600F806041110
:10D9B80001FF150600F6F5022204C8FE270CD8E57B
:10D9C800330FEBF31B17E1F12410EC020B04EBFE11
:10D9D8001DF6DCFF19EBD0EC2CFFECE8E90CDDFFC1
:10D9E800EEED18DEE62305F8D4F939FCDB0221EA6E
:10D9F800ED181BF5F7ED191EDBEE101406DFE52810
:10DA0800F9EE0E0C1FDFDA2326EEEE1B22DCFB1BE1
:10DA18000003130306FEDC00000B11E3F921EDF10E
:10DA2800F92600ECFF070FDAE01326DEF30CFA0004
:10DA3800F8F413FAF1080704DBF715F4DA031BF11D
:10DA4800E30910F9E9D4091606E8EA130FFC03DF25
:10DA58001F28DEF02917EEDD0C2BF3F213FF0DEF74
:10DA68000F21FC100706220FFF12090307011422D9
:10DA7800E61412F30DFD1400FBFDF70104FB06FA92
:10DA8800FD09F3E213EFF01BF3F609F2020AEA03C9
:10DA98003105DF2429F0DDF73C14D7FB1108DBF74B
:10DAA8001A09F7E21F0FDDFE13F71910DDEC1C2B26
:10DAB800F0ED19F8F1ECE91313D70110EBE714F7BF
:10DAC800F7F70919F0E703F20EF4D5200DD3EC1897
:10DAD80014E8F814F4F7FB130200E20508FD0BF153
:10DAE800D60324E4E429F6FAE5FA29EBD91F24F34E
:10DAF800E30824F8ECF61902E3F11E01F1D2091B40
:10DB0800F5DDF917FAECFF0CFDFBE50A0BFC0EE658
:10DB1800E21E1FD6ED37F2EA160AFD0D040A04E6E6
:10DB28001D1DE3F01923F0E51716FDE103180B0F8F
:10DB3800F6F60F071DF21515030DE90533F3F80D79
:10DB4800FA2307F60A07FA2200FD07F41AFDF60F72
:10DB58000302E0FE1F01E60B0303F2FF07FBFC08CC
:10DB68000602F0F800E5F81408F9E9F702EF0FFFEC
:10DB7800F6FB04F7FD08F9FA0EFA0003F9030006AC
:10DB8800F8F908FEFEFCF80202F8FC0900F5FEFFB1
:10DB980000FFFD02FDFFFDFFFB0101FE01FF00008C
:10DBA800FF000000FF01FE01020101FD0403FCFD6E
:10DBB800020800FF03F8050109FA050AFF09F8043D
:10DBC80010F2F0100D01FBFCFDF7E61001DD0FF679
:10DBD800F5FE01FAF0F6FA0BDCE91FF406E7FE178A
:10DBE800D911000E0F03FF0FF5130108EB0D06F214
:10DBF800DEF811F32AE10603E227DA213FBF1C1FF2
:10DC08000010161FD1122F05FCEF101DF5D10A1EAA
:10DC1800E105FA0413DEDDFE1F02C8D62C0BBFDEB9
:10DC28003906F3E8E414130EE817EC2AFFF4150F8D
:10DC3800F4FA04E0F3282AD0F9270FF6D0494ECB9E
:10DC48000D36F20B17FDF8161FF6EFF004D6E4199F
:10DC580016D4F6F8CB0BF7D7FBC818F3DEF7D700C6
:10DC680011E4DB0542DAD6141919C2FE1413EBE9E4
:10DC78001A2100EF09020A22E1EC38F0F41AFF3603
:10DC8800E2201A0C2A0A39FA042EFE1521FAE90FA5
:10DC980006DD2707FBE4081DE3F30726DFBB3EF29A
:10DCA800ED08E0FEFEF507EA0C0BE4D72419DC00CA
:10DCB800FE19EBE31DFBF909E60D08EBFBFEF70F78
:10DCC80026F61DDAD35919F706E22AF3FB0C2711B9
:10DCD800D0E1360E0116C8F63AEB01E9EB20C4187C
:10DCE80048D7FD12EACB094509CF120AD01AFCF72A
:10DCF8002EE1D30C14FEDEF10EE7E50E08E7FB0279
:10DD0800E7BE101CB725ECE90EFA24CF06DC1CFE92
:10DD1800E944DEC32FDFEB39E5F91FF01EFBE61DF2
:10DD28000FF6F30CF3EADA64E90003E44B0DD41CB4
:10DD3800DD310405F51935A9111F1519CA36010376
:10DD480000E31EB33F0EF42ACD0F3ADDFA470CF07C
:10DD5800140B13F60116D93300FBFDE31BFFFCFA85
:10DD6800FE0005E5EE0DEB05F2DCCB061AE6E31640
:10DD7800D10F0FC8EF3805CC0735CC081F0BFB02B5
:10DD880043F5BB0350E9DC1B10E7EEEB16CA274747
:10DD9800D1C91C2FD8CF4DF9F107DC0C092BE8EFBE
:10DDA800F03611F9D10723FBF81CCD3011CD1E2117
:10DDB80019E2C41B32BCE23FF0F303CE1CDBDD39B1
:10DDC800CDDB0E210ECF16F52FE6B1253C03F80169
:10DDD800DB2FF2E32FE1F1360B16D60D18EB4F02CD
:10DDE800D5130EFCF42DEFC81B0F00EBF41DF0F655
:10DDF800011BEBF500120CF803F3FF06F8F50A1502
:10DE0800DDF022E1EC1808D8F61DD40204F725E26B
:10DE1800F80809FCFD1DF5F90F08EA2B19F7F4FCC1
:10DE2800232003F8EB2007FA1F05FBDF0B1400FA89
:10DE3800E50B12E2EA1CFFDF2204EBF6F9ED1D1BED
:10DE4800E5FEE4031CFCE20504E30610DCE0E9F46B
:10DE5800100AE5F7EAF329F01FECE22FF8FAEBFDD8
:10DE68002E06FBED260BC5002FF8F223D21D07F670
:10DE78000FDB1B11F30DE32709EA1718EBE527E27F
:10DE88001202E710F40B27FCE6E32BE40111CEEEB7
:10DE98000515D2F82AE8DBD13502D93406E1F82293
:10DEA80010E50935FDCF2340EBBF0831E8FCFFF34F
:10DEB800F60607EC1BF80118DB1027E0FD2DF22F02
:10DEC800F9C81D32EBFC1EE32E2DE41AF2DF2CEE0E
:10DED8001D0E04E0CC480706D2E344CFD63304EA4B
:10DEE800DE1FFF0FE6EB2713FD091AC1F0420105FB
:10DEF800E6E32CFEC1E52508EB010DEE0620EC0259
:10DF080031F5D00536F5E50720E5E830E9C80426FF
:10DF18000ACBEB23F9D915F0FFF706DFF640F0D06E
:10DF2800242EE9CB1132EFE00A32DEF543E6E63F74
:10DF3800EBE31727DDCC132E01E0FB11DFB8363AEF
:10DF4800D2F82E2EDCEE2712E0ED34F5F4FFE9F4DA
:10DF58002904BA1112D904D12601C01611E7E5FA2D
:10DF680003FE12E4CC101403FBFADE0D12F60FD7F1
:10DF78000E42D6FA0A1FF6DE1B1CF0ECF91125E951
:10DF8800DC2210F60228F6F91C2001F92815ECF815
:10DF980035F0F407FB16FFEEF219EEE6FE0FF70573
:10DFA800F8E0ED190DF2E01304F2FA0811DCF92F8C
:10DFB800F4F01B1DC9F31812E4DC24EFF50DFD0382
:10DFC800E9FC21EFF928EDFC081035F2FE1FEA15EF
:10DFD80042E0E1253CD50117FA1BC01E2BC81300EF
:10DFE800E806030CBFF544E6D721F1F0E22315E17A
:10DFF800DA0D09E50611FCD1F40C0CF1F8FDF40F6B
:10E00800F9D61716CCFF22FAD20637D7FF380906F9
:10E01800F8EE1F020639FED51226D80A151200E0BE
:10E0280015F5FF35DEF50DFD011DD90C09FF0BE0D7
:10E0380010061DE5DE1F23DEE103FEFBF711EAEE05
:10E0480012F4DE0816DEF815FAD40B13FFCE0F34DF
:10E05800E4DF34F5ED1B1405F30C07E4002602F6A3
:10E06800012DE6C52430D0042C0DDDF31B18F20475
:10E0780016E73014E6F40116F4EB14F8DF0D23016B
:10E08800CEF51AED13EA05F1E1F804F6EE02F7FF12
:10E09800F8ECF72B1FDCE72C0DE2EC0C2DF7F90A56
:10E0A800EF1C11D10625EBE4F910F8EFFE0B080878
:10E0B800061601EA32030718C80C1AF8F40604F128
:10E0C800E9E52CF6ED0607FFFE14E5F713D9F92567
:10E0D80004F6D20329DCEA1015E4070EF9EBF6156D
:10E0E8000600F5190AEE12FCF813EFF90029E5CC41
:10E0F800232DD5ED0A2D0CD8231CD9FB1F18F8F8B1
:10E1080019EAD9211DD0FB1902DA0613CDF833110B
:10E11800DFFD1FF8D701280AECE52312F5E9F30E15
:10E128001805E415F70EF7DF2AF1EB150CFAD31DE5
:10E13800F1E83416E6FE02110BF3171CD6F83D0C75
:10E14800E90E1FFCE51124E3DB291DDE0911D500CA
:10E15800E3F52400F4DDFA2504EC06ECFF0411FFD6
:10E16800E6F617EEFB22F8F9E2DD211A03EFFFD8F5
:10E178000626D6F717FEFBFA0F0AE3E3172DFBF284
:10E18800E80806120DE3020BF31BF91301EDE31582
:10E198000B07E4002E07DAE41AF1F4130BE4EF2D71
:10E1A800F3DB1C24FFCFF228F9E505FAFA0FFCDCB3
:10E1B80012ECF90BFC18F2D51E28DD0023EA00EA60
:10E1C8001C07DB120E0C06F119EFEA2DE71909E717
:10E1D80008FA1C09E01011EFEA1213EBFB15ECE248
:10E1E8002C07D2F7221FE8E22909DC0613F80312EC
:10E1F800F2E7EB0605FB13EE08E51719F510FEDA52
:10E208000F1412E8F41FE2FA18FEECF62212D112EB
:10E2180025DDEC200100F20CFCF525F20CE5FB2BCA
:10E22800DCF633E8EF0B1B0CE2161AFDEA2B1EF0A6
:10E23800F926EBF222EFD614FFE908EB16E0E02C02
:10E24800FAFF12EEF1ED15FED1211EFFFCD41906DE
:10E25800E72302E210F8FB02FB10F8F902F11AEBCF
:10E26800E80C0A2EE6C80E18ED000C0706EA022F85
:10E27800E9F9041DF7E3380AD00AF9003CE4E9F8A3
:10E288000221D9FA29E9EDFD0120E0FF01FE25E28E
:10E29800F11EF0ED2213FDCFF518F6E9F01DF5C8D3
:10E2A8002003EDF7EF15F1F3080B00E4160FEB2A46
:10E2B800EF001901D71D0EEC10FC1605EEE3150F43
:10E2C800F9FEF0FF2003F4F1200EF6F8131BE0DD51
:10E2D8004A14E222F7EC00F51E0AF3F8F822FFF1DF
:10E2E800FDF60CEFE51800F9F004FCF8DF04040370
:10E2F80001010BFEF5F408180CE40F0ED7F816060A
:10E3080007F0F418DAF92B00F8ED052800E50112FA
:10E318002FE7101806F6FAF72224E8FC07EA101689
:10E32800FDF40502FAFF000A02E0F011F8F7F1F433
:10E3380008FDF70808ECFF07F91CF811FFE7F017CC
:10E3480007DFF720F6F2D21605E916F20EEC11FDFA
:10E35800E92507F31506FF0A06F206F2FD06F1E4C1
:10E368000A11F9E105040A00FF17F4E500151BEB93
:10E37800EC04FB05011406DF180F0B0ADA07050D7C
:10E38800F814F6DBF70EFFF7FEF6EAF1020008FED6
:10E39800FF0AF7F70817FD0E051EEEF21CF4200A17
:10E3A800F504F5F5EF1F18D61D09EF09F60D07F06E
:10E3B8001815FEE90A09020E0FE70D0001FFEB1D13
:10E3C800FFE7071CECF8FA12F1F21CECE8FD040F69
:10E3D800E30905EB18F3E31D2005D61322FAEBD366
:10E3E8002714EC0BEDE80818EDEA2004ECD808290E
:10E3F800F2F529EF070213E6F62416F1F911F706EC
:10E40800F3F9FB081BD3EC3103E4CE222DC9FF0E30
:10E418000BE7E51FEA0B1000F3F00C0AFA13FCFFF8
:10E42800F909E6F6311AD6E41C21D9E20A10F2F607
:10E4380017E60706FEEB1720D4E01F04180106EACA
:10E44800D01712F8E70317DC170E03DCEE2002EAF8
:10E45800FCF9F3060C0CFC0B04F7FA0C0DFCE42297
:10E46800000102E10915FFF5EF1A1CE0FF2EE7E5B0
:10E47800160810F2080311F9F32FEAEB150C07EE52
:10E48800FF03F8F7F11428EDDA0C33E50303000C69
:10E49800F20DF7FE08E40900FF07F3FBEC1C1AF67F
:10E4A800F9E91214EDF70BFFF0F6F81EFCE2090289
:10E4B800F809F9FAED1B06F80AF50B01F119050B35
:10E4C800F8F41015FAF8020B1AE7EE1C08FE020C15
:10E4D8000FEEFE13E9FF15FFE00307FAE5FE12F75A
:10E4E800F6F416F4EF1CFCF61307FFEA0110F4EE3D
:10E4F8000A09FEE9EFFD1901F104FFFAFDF8150715
:10E50800E905F80907ED08EFFC15F50BFDEE0F120C
:10E5180007EA0614EC0F0F0F0AE5FA1F0000E3F3F1
:10E5280023FAE6100DFEE4022404ECEE25FBDC1EC3
:10E538000EF6E7F81BE3F611F6FBECEE1D08EAF021
:10E5480011FCFFEE021404E1FA2601E1FC1CF6F0CE
:10E558000E0BEDFD1FFBD72112FDF8F717EF022177
:10E56800E9F007110AEE1008EC0A100D0C04F90B7B
:10E57800F30A11F30201FA0012FAE0FC18FD06FD95
:10E58800F5ED05030301FFF8F0FC0C03F3E71103B5
:10E59800F709FA03DE0020EDFD10F107F9F812FD86
:10E5A800F9FE000FFEE91109EF02F416FEFD0AF765
:10E5B8000F0AFEFEFE1101ED090806F9FF0404FC2E
:10E5C80005FCF901100301FA040004F9010C03F732
:10E5D800F5080FF6F20903FDF70403FCFB0106FC3E
:10E5E800F8FD04F9FD0DF50204F7F90EFDF5FF0439
:10E5F80002FCFF0101FFF50CFFF402030501F50120
:10E60800050104F80108F6F80D09FBF70703FC01FA
:10E618000002FCFF0BFFFD020201FD0203FD04FDE9
:10E62800020802FEFD000402FB0307FEFD0402FFD0
:10E63800FFFF01010101FDFF0300FEFF0101FD01D4
:0FE6480002FFFF0101FEFF01FFFF0000000000C5
:08E65800D442FF7F0100000025
:10E66000000000005521E507E5559A15B53B121F3E
:10E67000FF000000AB0A00000000803F0000803F68
:10E680000000803F0000803F000080C0000000C00C
:10E69000000080BF000000BF0000003F0000803F7E
:10E6A00000000040000080400A040000B896FF1FF0
:10E6B00008000000FFFFFFFF010000000902430007
:10E6C000020100C032090400000102020100052419
:10E6D000001001052401010104240206052406009E
:10E6E000010705820310004009040100020A00002E
:10E6F00000070503024000000705840240000000F7
:10E700001201100102000040C016830475020102CC
:10E7100003010000040309041803540065006500A8
:10E720006E00730079006400750069006E006F0070
:10E73000160355005300420020005300650072008C
:10E74000690061006C0000000C0300000000000084
:10E7500000000000000000000000000000000000B9
:10E7600000000000000000002088FF1F2088FF1F1D
:10E770002888FF1F2888FF1F3088FF1F3088FF1F51
:10E780003888FF1F3888FF1F4088FF1F4088FF1F01
:10E790004888FF1F4888FF1F5088FF1F5088FF1FB1
:10E7A0005888FF1F5888FF1F6088FF1F6088FF1F61
:10E7B0006888FF1F6888FF1F7088FF1F7088FF1F11
:10E7C0007888FF1F7888FF1F8088FF1F8088FF1FC1
:10E7D0008888FF1F8888FF1F9088FF1F9088FF1F71
:10E7E0009888FF1F9888FF1FA088FF1FA088FF1F21
:10E7F000A888FF1FA888FF1FB088FF1FB088FF1FD1
:10E80000B888FF1FB888FF1FC088FF1FC088FF1F80
:10E81000C888FF1FC888FF1FD088FF1FD088FF1F30
:10E82000D888FF1FD888FF1FE088FF1FE088FF1FE0
:10E83000E888FF1FE888FF1FF088FF1FF088FF1F90
:10E84000F888FF1FF888FF1F0089FF1F0089FF1F3E
:10E850000889FF1F0889FF1F1089FF1F1089FF1FEC
:10E860001889FF1F1889FF1F2089FF1F2089FF1F9C
:10E870002889FF1F2889FF1F3089FF1F3089FF1F4C
:10E880003889FF1F3889FF1F4089FF1F4089FF1FFC
:10E890004889FF1F4889FF1F5089FF1F5089FF1FAC
:10E8A0005889FF1F5889FF1F6089FF1F6089FF1F5C
:10E8B0006889FF1F6889FF1F7089FF1F7089FF1F0C
:10E8C0007889FF1F7889FF1F8089FF1F8089FF1FBC
:10E8D0008889FF1F8889FF1F9089FF1F9089FF1F6C
:10E8E0009889FF1F9889FF1FA089FF1FA089FF1F1C
:10E8F000A889FF1FA889FF1FB089FF1FB089FF1FCC
:10E90000B889FF1FB889FF1FC089FF1FC089FF1F7B
:10E91000C889FF1FC889FF1FD089FF1FD089FF1F2B
:10E92000D889FF1FD889FF1FE089FF1FE089FF1FDB
:10E93000E889FF1FE889FF1FF089FF1FF089FF1F8B
:10E94000F889FF1FF889FF1F008AFF1F008AFF1F39
:10E95000088AFF1F088AFF1F108AFF1F108AFF1FE7
:10E96000188AFF1F188AFF1F208AFF1F208AFF1F97
:10E97000288AFF1F288AFF1F308AFF1F308AFF1F47
:10E98000388AFF1F388AFF1F408AFF1F408AFF1FF7
:10E99000488AFF1F488AFF1F508AFF1F508AFF1FA7
:10E9A000588AFF1F588AFF1F608AFF1F608AFF1F57
:10E9B000688AFF1F688AFF1F708AFF1F708AFF1F07
:10E9C000788AFF1F788AFF1F808AFF1F808AFF1FB7
:10E9D000888AFF1F888AFF1F908AFF1F908AFF1F67
:10E9E000988AFF1F988AFF1FA08AFF1FA08AFF1F17
:10E9F000A88AFF1FA88AFF1FB08AFF1FB08AFF1FC7
:10EA0000B88AFF1FB88AFF1FC08AFF1FC08AFF1F76
:10EA1000C88AFF1FC88AFF1FD08AFF1FD08AFF1F26
:10EA2000D88AFF1FD88AFF1FE08AFF1FE08AFF1FD6
:10EA3000E88AFF1FE88AFF1FF08AFF1FF08AFF1F86
:10EA4000F88AFF1FF88AFF1F008BFF1F008BFF1F34
:10EA5000088BFF1F088BFF1F108BFF1F108BFF1FE2
:10EA6000188BFF1F188BFF1F208BFF1F208BFF1F92
:10EA7000288BFF1F288BFF1F308BFF1F308BFF1F42
:10EA8000388BFF1F388BFF1F408BFF1F408BFF1FF2
:10EA9000488BFF1F488BFF1F508BFF1F508BFF1FA2
:10EAA000588BFF1F588BFF1F608BFF1F608BFF1F52
:10EAB000688BFF1F688BFF1F708BFF1F708BFF1F02
:10EAC000788BFF1F788BFF1F808BFF1F808BFF1FB2
:10EAD000888BFF1F888BFF1F908BFF1F908BFF1F62
:10EAE000988BFF1F988BFF1FA08BFF1FA08BFF1F12
:10EAF000A88BFF1FA88BFF1FB08BFF1FB08BFF1FC2
:10EB0000B88BFF1FB88BFF1FC08BFF1FC08BFF1F71
:10EB1000C88BFF1FC88BFF1FD08BFF1FD08BFF1F21
:10EB2000D88BFF1FD88BFF1FE08BFF1FE08BFF1FD1
:10EB3000E88BFF1FE88BFF1FF08BFF1FF08BFF1F81
:10EB4000F88BFF1FF88BFF1F008CFF1F008CFF1F2F
:10EB5000088CFF1F088CFF1F108CFF1F108CFF1FDD
:10EB6000188CFF1F188CFF1FFFFFFFFF0000020023
:10EB700000000000E093FF1F4894FF1FB094FF1FA8
:10EB80000000000000000000000000000000000085
:10EB90000000000000000000000000000000000075
:10EBA0000000000000000000000000000000000065
:10EBB0000000000000000000000000000000000055
:10EBC0000000000000000000000000000000000045
:10EBD0000000000000000000000000000000000035
:10EBE0000000000000000000000000000000000025
:10EBF0000000000000000000000000000000000015
:10EC00000000000000000000010000000000000003
:10EC10000E33CDAB34126DE6ECDE05000B000000C8
:10EC200000000000000000000000000000000000E4
:10EC300000000000000000000000000000000000D4
:10EC400000000000000000000000000000000000C4
:10EC500000000000000000000000000000000000B4
:10EC600000000000000000000000000000000000A4
:10EC70000000000000000000000000000000000094
:10EC80000000000000000000000000000000000084
:08EC9000308CFF1F1C95FF1FD3
:00000001FF
