:1000000000800020BD01000095180000511800007C
:10001000511800005118000051180000511800003C
:1000200051180000511800005118000095180000E8
:100030009518000051180000FD270000012800005D
:1000400095180000951800009518000095180000FC
:1000500095180000951800009518000095180000EC
:1000600095180000951800009518000095180000DC
:1000700095180000951800009518000095180000CC
:1000800095180000951800009518000095180000BC
:1000900095180000951800009518000095180000AC
:1000A000951800009518000095180000951800009C
:1000B000951800009518000095180000951800008C
:1000C000951800009518000095180000951800007C
:1000D000951800009518000095180000951800006C
:1000E000951800009518000095180000951800005C
:1000F000951800009518000095180000951800004C
:10010000951800009518000095180000951800003B
:10011000951800009518000095180000951800002B
:100120009518000071050000951800009518000052
:10013000951800009518000095180000951800000B
:1001400095180000951800009518000095180000FB
:10015000F914000015150000311500004D150000C0
:1001600095180000C91D00009518000095180000A2
:1001700095180000951800009518000095180000CB
:1001800095180000951800009518000095180000BB
:1001900095180000951800009518000095180000AB
:1001A000951800009518000095180000951800009B
:1001B000951800009518000095180000574B4CF258
:1001C000205210B5DA814DF62812DA8100BF00BF47
:1001D00001F064FB524B4FF010621A63514A9A636C
:1001E000514ADA63514A136913F4807303D153619E
:1001F0004FF4A85313614E4B9A78110703D59A78A0
:1002000042F008029A704B4B4B482A221A704B4B13
:10021000DA1C121AC11E22F00302994288BF002282
:10022000474902F0F5FA474B4748DA1C121AC11E3B
:1002300022F00302994288BF0022002103F0EEF968
:10024000424943484FF4DE7202F0E2FA414B424A1F
:10025000802103F8011B9342FBD14FF0E0233C4A7D
:10026000C3F8082D3D4B8A221A70A3F5805324222F
:100270005A70A0221A709A799207FCD59A79D406FE
:10028000FCD4374B9A7902F00C02082AFAD10322E7
:100290001A7140225A719A799006FCD5304A9379A6
:1002A0005906FCD51E4B2F4959640221996420211F
:1002B0001170917901F00C010C29FAD12A4A5A6087
:1002C0004FF0E023294A5A6100229A6107221A61FD
:1002D000274AC3F8202D62B601F036FB134B5B6949
:1002E000DA0705D5234801F023FB234B234ADA61C3
:1002F000234B1B785B0609D51F4C204BE2699A42C1
:1003000004D11C4801F014FB0023E36101F0CCFA96
:1003100003F0EEF901F094FAFEE700BF002005407B
:1003200000800440823F04000100002B00D0034005
:1003300000D0074000E007402087FF1F588DFF1FB7
:100340007C920100B896FF1F588DFF1F000000002F
:100350000082FF1F00E400E05FE400E00050064080
:100360000040064000000301C0100500FF760100B8
:10037000000020209534C86900E00340A5C3945ACA
:1003800000F00740FFFFFFFFFFFFFFFFFFFFFFFF42
:10039000FFFFFFFFFFFFFFFFFFFFFFFFFFFFFFFF6D
:1003A000FFFFFFFFFFFFFFFFFFFFFFFFFFFFFFFF5D
:1003B000FFFFFFFFFFFFFFFFFFFFFFFFFFFFFFFF4D
:1003C000FFFFFFFFFFFFFFFFFFFFFFFFFFFFFFFF3D
:1003D000FFFFFFFFFFFFFFFFFFFFFFFFFFFFFFFF2D
:1003E000FFFFFFFFFFFFFFFFFFFFFFFFFFFFFFFF1D
:1003F000FFFFFFFFFFFFFFFFFFFFFFFFFFFFFFFF0D
:10040000FFFFFFFFFFFFFFFFFFFFFFFFDEF9FFFF23
:100410000548064B1B1AD90F01EBA301491002D066
:10042000034B03B118477047588DFF1F588DFF1FAE
:100430000000000008B5054B1BB105490548AFF3A6
:100440000080BDE80840FFF7E3BF00BF00000000E8
:10045000588DFF1FF43C0000036818470B680360C9
:10046000704700BF0B680360704700BF704700BF54
:1004700010B5044600F0F4FF204610BD0C4B93F875
:1004800000144A1CD2B253F8211083F8002452B948
:1004900093F80204D3F8042480F00100013283F8B9
:1004A0000204C3F8042401F50061282001F09EBA7B
:1004B000748DFF1F70B5942001F00EFA0A4D0B4E9B
:1004C000044600F029FCD4F8840034602946FF2259
:1004D00000F0AEFE33682946D3F88800BDE87040CE
:1004E000FF2200F0A5BE00BF710500007C91FF1F38
:1004F00038B50A4C0A4D23680146D3F884002970A8
:1005000000F0BEFE074B297880F0010252B21A704B
:100510002068BDE8384000F02DBC00BF7C91FF1F73
:10052000718DFF1F708DFF1F0F498B695A1C13D0EF
:10053000CA5C82B052B28DF807209DF80720013BBB
:100540008B6153B2094A002B137001DA02B0704775
:10055000107802B0FFF7CCBF044A002B137000DA0A
:1005600070471078FFF7C4BFB491FF1F3087FF1F9B
:1005700010B5264C264A237853B9264B26491868CD
:1005800092F90020097800F0F5FB0123237010BDDB
:10059000204B92F90010186800F042FC1F4B1B78AA
:1005A0001A46172A80B25BB20CD91A3B0E2B13D80D
:1005B000DFE803F01517191B1D1F1212272921232D
:1005C000121225000E3AD2B2154B23F81200FFF793
:1005D000ABFF0023237010BD183AD2B2F4E70F220C
:1005E000F2E71022F0E71122EEE71222ECE71322E5
:1005F000EAE71422E8E70C22E6E70D22E4E70E2200
:10060000E2E70A22E0E70B22DEE700BFD491FF1FFA
:10061000708DFF1F7C91FF1F718DFF1F3087FF1FA3
:100620008891FF1F08B5054B1B781B0600D408BD39
:10063000FFF77AFF024B00221A7008BD3087FF1FB8
:10064000D491FF1F10B504468CB00020FFF732FF95
:10065000114A4FF400430C2093FBF4F3013B138049
:1006600001F0D6FA0D4B0E4A009302A908A8069392
:100670000292FFF7F3FE4FF4B76206A9094800F0B3
:1006800081FE069B08A8DB689847009B02A8DB68F0
:1006900098470CB010BD00BFD291FF1FBC3A0000BC
:1006A0007D0400008091FF1FF0B101281BD10F29AC
:1006B00018D8DFE811F0A5009D0095008D00850099
:1006C0007D0075006D0065005D0055004D00450022
:1006D0003D00350010008A498A4B8B48886040F6FF
:1006E000AB221A60704770470F29FBD8DFE811F082
:1006F00090009800A000A800B000B800C000C8009A
:10070000D000D800E000E800F000F8000001100080
:100710007B497C4B7D48886040F6AB221A6070476D
:100720007749784B7A48886040F6AB221A60704768
:100730007349744B7748886040F6AB221A60704763
:100740006F49704B7448886040F6AB221A6070475E
:100750006B496C4B7148886040F6AB221A60704759
:100760006749684B6E48886040F6AB221A60704754
:100770006349644B6B48886040F6AB221A6070474F
:100780005F49604B6848886040F6AB221A6070474A
:100790005B495C4B6548886040F6AB221A60704745
:1007A0005749584B6248886040F6AB221A60704740
:1007B0005349544B5F48886040F6AB221A6070473B
:1007C0004F49504B5C48886040F6AB221A60704736
:1007D0004B494C4B5948886040F6AB221A60704731
:1007E0004749484B5648886040F6AB221A6070472C
:1007F0004349444B5348886040F6AB221A60704727
:100800003F49404B5048886040F6AB221A60704721
:100810003B493C4B4D48886040F6AB221A6070471C
:100820003749384B4A48886040F6AB221A60704717
:100830003349344B4748886040F6AB221A60704712
:100840002F49304B4448886040F6AB221A6070470D
:100850002B492C4B4148886040F6AB221A60704708
:100860002749284B3E48886040F6AB221A60704703
:100870002349244B3B48886040F6AB221A607047FE
:100880001F49204B3848886040F6AB221A607047F9
:100890001B491C4B3548886040F6AB221A607047F4
:1008A0001749184B3248886040F6AB221A607047EF
:1008B0001349144B2F48886040F6AB221A607047EA
:1008C0000F49104B2C48886040F6AB221A607047E5
:1008D0000B490C4B2948886040F6AB221A607047E0
:1008E0000749084B2648886040F6AB221A607047DB
:1008F0000349044B2348886040F6AB221A607047D6
:10090000D891FF1F3487FF1FC887010008DD000052
:100910001C7D010070720100C4670100185D0100B8
:100920006C520100C0470100143D01006832010013
:10093000BC270100101D010064120100B80701006E
:100940000CFD000060F20000B4E70000F43C000081
:10095000A04700004C520000F85C0000A4670000B3
:1009600050720000FC7C0000A88700005492000038
:10097000009D0000ACA7000058B2000004BD0000BC
:10098000B0C700005CD200002DE9F04F044683B0F0
:100990000F2000F0C5FE8046102000F0C1FE834607
:1009A000112000F0BDFE0546122000F0B9FE0646FB
:1009B000132000F0B5FE8146142000F0B1FE07467A
:1009C000152000F0ADFE8246162000F0A9FE019031
:1009D000042001F02BF9ABF50073434440F2FF3BD8
:1009E0005B45A8BF5B46804623EAE370464BC3F8ED
:1009F000008002F009F9454902F05AF9444902F031
:100A00000BFA4FF0785102F04BF8A6F500732B4427
:100A10005B45A8BF5B46A7F500774F4423EAE37325
:100A20005F45DFF8F090C3EBC303A8BF5F4603F256
:100A3000FF13054627EAE77089FB0376D91733448D
:100A4000C1EB6323344951F82360344B1D60344BB0
:100A50001E6002F0D9F84FF07D5102F029F92C49BF
:100A600002F0DAF94FF07D5102F01AF82D4B0746EB
:100A70001860002C33D1019BA3F5007353445B45F0
:100A8000A8BF5B4623EAE373C3EB031303F2FF1330
:100A900089FB03299944DB17C3EB6921224B4046AC
:100AA0001960FFF701FE2946304602F001F9394688
:100AB00002F0FEF81D4B0021186002F0ABFA40B1C5
:100AC00000201B491B4B086001221A7003B0BDE8CF
:100AD000F08F194B1868013802F096F8F1E71748C3
:100AE000174C184A0368216801601068206083EA87
:100AF000034383EA53134140594081EA43011160A3
:100B0000C1F30331CAE700BFF091FF1F0000384076
:100B100000C07F44030820804887FF1F4087FF1FD5
:100B20003887FF1F3C87FF1FF491FF1F4487FF1F7B
:100B30000092FF1F0492FF1F3487FF1F2487FF1FAF
:100B40002887FF1F2C87FF1F08B50021022001F016
:100B50007BF80021032001F077F80021042001F048
:100B600073F801210D2001F06FF81720012101F029
:100B70006BF8BDE808404FF48070FFF763BD00BF1D
:100B800038B5022001F052F8104C114D03460320F5
:100B9000236001F04BF80F4A2368116828608B42EC
:100BA0000D49136018BF5D1E0C681ABFB5FA85F5B4
:100BB0006D090025A04202D00128086002D005B9C5
:100BC00038BD0020BDE83840FFF7DEBE0892FF1FA9
:100BD0000C92FF1FF891FF1FFC91FF1FF8B51A4DF3
:100BE0002C780CB3194E3768384602F027FA031EEA
:100BF00020DB174A12689A421CDD164A1649926891
:100C00000868D4563946C4EB041401F049FFE400E7
:100C100084EAE471A1EBE47130600911241117201A
:100C200000F0E4FE2046F8BD2146172000F0DEFE6D
:100C30002046F8BD00231C46194617202B7000F0F3
:100C4000D5FE2046F8BD00BF0492FF1F0092FF1F93
:100C50003487FF1FD891FF1F4487FF1F10B5164C24
:100C600094F8012494F800349A4216D0134A138859
:100C7000D3B1013B1380FFF7B1FF94F80124531C5B
:100C8000DBB244F8220084F801342BB994F8033421
:100C900083F0010384F8033410BD94F8032494F81E
:100CA00002349A42E2D010BD054B1B881380FFF737
:100CB00067FFFFF7B7FCDEE7748DFF1FD091FF1FC2
:100CC000D291FF1FFFF7CABF0B480C4A0C4910B561
:100CD000802300240371046001F0D6FE094A0A480B
:100CE0000A4BC0F800444FF0FF3191610849094AAE
:100CF00099605A611C7310BD8091FF1F2087FF1FF0
:100D000071040000B491FF1F748DFF1FD891FF1F65
:100D1000F43C00000000AA0A30B583B00F490091EE
:100D200004460F4B0F4A002100F068FA04F1400519
:100D30000D4900910D4B0E4A0121284600F05EFA44
:100D40000223204684F88030C4F88440C4F88850D8
:100D5000C4F88C40C4F8905003B030BD00B00340DC
:100D6000CC3A0000D43A000000B00B40D03A00006A
:100D7000003B0000531C70B5044611D052B1012A4B
:100D800029D0D0F88420D38A9BB243F00103D382C8
:100D9000002070BDBDE87040D0F8840000F09ABA21
:100DA000D0F884000D4600F06BFA29460646D4F8C8
:100DB000880000F065FAA6B118B3D4F88430D4F8EE
:100DC0008800597D427D9142294606D8BDE8704091
:100DD000184600F07FBAD0F88800BDE8704000F0F7
:100DE00079BAA8B9D4F88410D4F88820CB8A9BB2F9
:100DF00043F00403CB82D38A9BB243F00403D38233
:100E0000C6E7D4F884002946BDE8704000F062BA15
:100E1000D4F888002946BDE8704000F05BBA00BFF6
:100E200001290CBFD0F88830D0F884305B6B18698A
:100E300000B2704790F823308B420AD070B4092971
:100E400000F29380DFE801F02F2F61060671818E9A
:100E500040547047436B4FEA431C0CF1844C0CF533
:100E600080730CF5C07C00240122CCF808202646B3
:100E7000DC610025CCF80C501E605D605C619A61FD
:100E800080F8231072B6436B5B0103F184430122A7
:100E900000214276C3F89C14C3F89824C3F89C241C
:100EA00062B670BC7047436B4FEA431C0CF1844C34
:100EB0000CF580730CF5C07C0022CCF808200122D0
:100EC000DA6114461646D4E7436B00245A0102F156
:100ED000844202F58073C2F8884102F5C072DC6179
:100EE0000124D46000225C601C609A615A61C7E7EB
:100EF000436B5A0102F1844202F5807302F5C0721D
:100F0000012494600024DC61EAE7436B4FEA431C50
:100F10000CF1844C0CF580730CF5C07C002601228A
:100F2000CCF808601446DE61A3E7436B4FEA431C2C
:100F30000CF1844C0CF580730CF5C07C002201246C
:100F4000CCF808401646DA6193E7436B5A0102F188
:100F5000844202F5807302F5C0720024946001247B
:100F6000DC61BDE7436B0124B0E7C38A9BB243F069
:100F70000103C38295E700BF436B5B0103F1844328
:100F800010B5D3F89C2403F59063044652B101F0E8
:100F90009BFB636B5B0103F1844303F59063DA69A8
:100FA000002AF4D19B6923B1E38A9BB243F0020388
:100FB000E38272B6637E03B3626B936BD16B0B44B7
:100FC000116C506C0B44916C03440B44D16C0B447A
:100FD000C3F34E0343F40043D362936DD16D0B44CE
:100FE000116E506E0B44916E03440B44D16E0B4452
:100FF000C3F34E0343F40043136362B6A37E00229F
:10100000627603B910BD02212046FFF713FF637E0D
:1010100003BB636B590101F1844201200021C2F836
:101020001001C2F88011C2F88401627E022184F8A6
:10103000241092B95B0103F18443002201200421B2
:10104000C3F88804C3F88424C3F8802484F82010EB
:10105000A27610BDFFF790FFDBE72046FFF78CFF7D
:10106000636BE7E738B5C37E8B4212D0437E0446FC
:101070000D460BBB092D0DD8636B5B0103F1844357
:101080000020C3F80C01FF210822C3F80801E16128
:10109000E27638BD0B2D12D90D2D1ED8636B5B0186
:1010A00003F1844300220120C3F8080140F6FF71D8
:1010B000C3F80C210C22EAE7FFF75EFFDAE7636B67
:1010C0005B0103F1844301220020C3F8080140F2D0
:1010D000FF31C3F80C210A22D9E7636B5B0103F1EE
:1010E00084430120C3F80C014FF6FF711022C3F8AE
:1010F0000801CCE738B5037E3D4A0446002B6AD18F
:10110000D36B43F00063D363626B3A483A4940F2D1
:1011100001455201658402F184420425002384F8CC
:1011200024500125E376E36184F8203084F82C30E4
:101130006376E3826375C2F89051437081F8403062
:10114000626B84F82130520102F18442C2F800340B
:1011500072B6626B6576520102F18442C2F89C3429
:10116000C2F89854C2F89C5462B60A212046FFF790
:1011700079FF637EA5769BBB636B5B0103F18443C0
:1011800001212022C3F888142046C3F88414C3F830
:10119000801484F82020FFF74DFE637E23BB636B31
:1011A000590101F1844301220020C3F81021C3F842
:1011B0008021C3F8840184F8242072B6636B6276C0
:1011C0005B0103F18443C3F89C04C3F89824C3F87B
:1011D0009C2462B638BD136B43F00063136393E73E
:1011E0002046FFF7C9FEC7E7FFF7C6FED7E700BFF7
:1011F00000800440004007400000FA4210B500297A
:101200008262094A03630CBF39233A23017680F8CE
:101210003C300649029B436318BF11460446816374
:10122000FFF768FF204610BD3860034010600340A0
:10123000F8B5437E04460F461646EBB9636B94F847
:101240003C005B0103F1844301259D61394600F0B8
:1012500067FB94F83C3003F1604303F564431E7070
:1012600094F83C20530903F1382340339B0002F0EB
:101270001F0295401D60F8BDFFF77EFEDEE700BF50
:101280002B2907D8836A585C00F01F001F3818BF4D
:101290000120704700207047836A5A565B5C002A21
:1012A000426B4FEA421202F18442B4BF0021012195
:1012B000C2F8901172B6416B4A0102F1844203F008
:1012C0001F039269003A18BF012203EB82130B60DF
:1012D00062B670472B2938B504462FD8836A5B5C09
:1012E00003F01F031F2B0D4628D0437E002B2CD16B
:1012F000636B5A0102F1844202F58062D269003ABE
:1013000018BF012222756AB172B6636B19689A68B8
:10131000E2602160D9681A6A5B6AA3602161626039
:1013200062B6636B5B0103F1844300222046C3F87D
:101330008C242946FFF7B0FF012038BDE38A9BB219
:1013400043F004030020E38238BDFFF715FECFE72A
:10135000704700BF704700BF704700BF704700BFB5
:10136000704700BF38B5064CA4F1600554F8083C3E
:101370002046DB68183C9847AC42F7D138BD00BF27
:101380006092FF1F2DE9F043036887B00446904642
:10139000002B3ED000229A600122DA60294DDFF84E
:1013A000A8901D442D1151F8083B009305EB45060C
:1013B000F60002A85B68984706F1080759F806305E
:1013C0004F443846DB689847009B204A009202A9A8
:1013D00049F8063038469B689847009B02A8DB68AE
:1013E000984723681A49C3F8008003229A6005F1E0
:1013F0004402531103F1382320796854403301200B
:101400009B0002F01F0200FA02F21A6007B0BDE86A
:10141000F083104AD36B43F40003D36300BF0E4B39
:1014200001221A6003F580730C4A03609868002853
:10143000B4D0103393422360F8D10020206007B06D
:10144000BDE8F083008FFCBF1092FF1F2C3B000013
:1014500044E400E000800440007003404071034019
:101460000368002B3DD02DE9F0471E4CDFF8789043
:101470001E4A1C44241104F14406731104EB440475
:10148000E40003F1382386B060339F004FF0010A77
:1014900059F80430009204F1080806F01F06144AB7
:1014A00002920AFA06F6C8440546DB683E604046EA
:1014B0009847009B0F4A009249F80430404602A921
:1014C0009B689847009B02A8DB6898472A6800231E
:1014D0009360C2F80CA0C7F800612B6006B0BDE8AD
:1014E000F0877047008FFCBF1092FF1FBC3A0000CE
:1014F000511300002C3B00000448054A50F8083BFB
:1015000001211B68C2F80C11184700BF1092FF1F81
:10151000007003400448054A836901211B68C2F832
:101520001C112030184700BF1092FF1F00700340AD
:101530000448054A036B01211B68C2F82C1138309E
:10154000184700BF1092FF1F007003400448054A6F
:10155000836C01211B68C2F83C115030184700BF52
:101560001092FF1F00700340084B0948094A0A49BE
:1015700010B40A4C1C6098609C6118621C639863EC
:101580009C64186510BC002001F07EBA1092FF1F09
:10159000511300002087FF1F65130000BC3A0000B4
:1015A00038B52A4C2A4D01E001F08EF8636A1B061B
:1015B000FAD46B6A13F08003F6D172B625490A7823
:1015C000002A40D0A26BE06B0244206C0244606CA5
:1015D0000244A06C0244E06C0244C2F34E0242F4A6
:1015E0000042E262A26DE06D0244206E0244606E31
:1015F0000244A06E0244E06E0244C2F34E0242F482
:1016000000422263AA6BE86B0244286C0244686CB7
:101610000244A86C0244E86C0244C2F34E0242F455
:101620000042EA62AA6DE86D0244286E0244686EC8
:101630000244A86E0244E86E0244C2F34E0242F431
:1016400000422A630B7062B638BD00BF00B0034091
:1016500000B00B407492FF1F2A4B2B4A6020E121FF
:101660001870597013782948082B34D00A2B20D0D1
:101670000C2B274B0CBF35213D2112228160C2600B
:101680009960DA60234B21491B78214ACBB10123B1
:101690000B621362204B1D491B781D4A012B13D985
:1016A000042B1BD884234B6253621C4B01221A70FB
:1016B0007047174B392113228160C2609960DA604C
:1016C000E0E70B621362E5E780234B625362134B42
:1016D00001221A7070470E4B0121ECE7082B06D847
:1016E00085234B6253620D4B01221A707047102BF9
:1016F00094BF862387234B625362084B01221A70E2
:10170000704700BF004007406887FF1F00B00340DC
:1017100000B00B407292FF1F6987FF1F7492FF1F7A
:10172000282829D8304B2DE9F0411E5CFF2E53D0DC
:101730002E4B1B7813BB340624D472B62C4C2D4D83
:1017400001272E60277062B672B62B68180609D47E
:101750002378002BF5D062B600F0B6FF72B62B6886
:101760001906F5D5234A00231069237062B6224B6F
:101770001B781841BDE8F08100207047FFF710FF8B
:101780003406DAD572B61D4D1D4C06F0400801270F
:1017900006F03F06E368B8F1000F20D023F01003F5
:1017A000E36026602F7062B672B623681A0609D409
:1017B0002B78002BEED062B600F086FF72B623685D
:1017C0001B06F5D50E4A002310692B7062B60A4B32
:1017D0001B781841BDE8F0810020BDE8F08143F09E
:1017E0001003E360DDE700BF3C3B00007492FF1F85
:1017F0007092FF1F00B003407392FF1F7192FF1F92
:1018000000B00B400B4A0C49D36A43F48053D362B7
:101810000B784BB1094B802283F82120074B80F3D2
:101820000C0000B218807047044BC02283F82120BE
:10183000F4E700BF008004407292FF1F00C00C401C
:1018400008B5FFF781F9FFF73DFA00F03DFFFAE731
:1018500008B50F4C636B58030DD4636B59050FD457
:10186000636B1A0511D4636BDB04F3D500F012F837
:10187000636B5803F1D500F0A7FA636B5905EFD5F8
:1018800000F008F8636B1A05EDD500F003F8EAE7FD
:101890000080044008B5FFF7DBFF00BF014B1022BA
:1018A0001A80704700200540704700BF094A08B5FC
:1018B0000346106833B169460344A1F580518B4259
:1018C00001D2136008BD01F00DFF0C2303604FF03F
:1018D000FF3008BD6C87FF1F01F0D6BB10B40F4B63
:1018E00053F8302092F880422CB1012391B182F854
:1018F000803010BC704703EBC0035B681A6821B9E5
:1019000022F0020210BC1A60704742F0030210BCC1
:101910001A60704782F8003110BC7047683B0000C5
:10192000024B103043F82010704700BF0082FF1FA9
:10193000034B002210215A615A60186059617047A8
:1019400000D00340704700BFF0B54FF0E0244FF4E3
:1019500000054FF0807CC4F80851C4F808C14FF06E
:10196000007CC4F808C11D4A1D481E494FF0806C18
:10197000C4F808C1282300274BF6FF7609254FF04D
:10198000006CC4F808C183B057609660D36053619F
:10199000D3615362D3625363D3635364156047606A
:1019A0008660C360436105604F608E60CB604B61B1
:1019B0000D60FFF751FEFFF7C5FF0B4C2368009346
:1019C000009B132BFAD900F0B9FD23680193019B0A
:1019D000B3F5967FF9D303B0F0BD00BF008003409C
:1019E0000090034000800B407892FF1F28287F4B17
:1019F00036D000291B783FDD012202FA03FC614545
:101A000010B554D2C21E012A70D9202867D01928D7
:101A100065D0774A926802FB011222FA03F3421F53
:101A20001B2A7DD8DFE812F0C600BF007C007C00D6
:101A3000B800B1007C007C007C007C007C007C0055
:101A40007C007C007C00AA00A3009C0095007C0028
:101A5000CD007C007C007C007C007C007C00D400FD
:101A600018780B2895BFC0F10C000C3801FA00F073
:101A700041FA00F0FFF7C6BE212817D85D4B53F896
:101A8000302092F8801203EBC00300293CD00121E2
:101A90005B6882F8001101204FF4A27182F8800285
:101AA00019601A6822F020021A60704770472128D6
:101AB00014D8504B53F8301091F8804203EBC00318
:101AC00044B35B6881F880204FF4A272012081F852
:101AD00080021A601A6822F020021A6010BD464A7D
:101AE000926802FB011222FA03F398E7434CA268C2
:101AF000042802FB011222FA03F270D1404BA261CA
:101B00004FF45171596310BD5B68196821F00201EF
:101B10001960C0E75B681A6842F003021A60D3E7F5
:101B20002128DBD87F29D4BF00210121FFF7D6FE71
:101B3000304B03EBC00253F83010536801244FF4CC
:101B4000A27281F880421A601A6822F020021A609C
:101B500010BD27482B4A836140F24441916010BD7B
:101B60002348284A036140F24441516010BD204897
:101B7000254A036440F24441916110BD1C48224A49
:101B8000836340F24441516110BD19481D4A83628C
:101B900040F24441116110BD15481A4A036240F2F7
:101BA0004441D16010BD1248174A036340F24441DA
:101BB000116110BD0E48144A836440F24441D16162
:101BC00010BD0D48114A83614FF45171D16410BDAD
:101BD00009480E4A03614FF45171916410BD084BDE
:101BE00022614FF45171196310BD00BF7087FF1F50
:101BF00000800340683B000000800B4000900340E1
:101C00000090044000B0044000C0044000A0044024
:101C10000346102B28BF1023034A012B38BF012392
:101C200010781370704700BF7087FF1F212806D8F7
:101C3000044B53F8303093F80002C0B270470020D4
:101C4000704700BF683B0000212820D81B4A02EBE8
:101C5000C00301295B680FD004291DD052F8300061
:101C6000002280F8802299B1022922D003290DD1C7
:101C70004FF481721A60704752F830004FF4A2722C
:101C800080F880121A601A6822F020021A607047E9
:101C90004FF480721A60704752F830104FF4A272FD
:101CA000012081F880021A601A6842F020021A604E
:101CB000704740F203121A60704700BF683B000093
:101CC00010B472B6194A1A4C042312F8011B090702
:101CD00043F0010C05D554F8331061B154F83C10B1
:101CE000B9B10433142BF0D162B6124B00221A7032
:101CF00010BC00F087BC0F4904EBC30208305060F1
:101D00000A780D4844F83300013A0A7062B610BCF4
:101D10007047084A094904EBCC030830586013782F
:101D200044F83C10013B137062B6F0E7D03C000071
:101D30000080FF1F6493FF1F88004000C800400020
:101D4000421E032A0ED81C4B400140F0100010B474
:101D5000034472B6194CA05C03281CD8DFE800F0DD
:101D60001315031870470520A05413F0080F0888B6
:101D700014BFC8228822083142EA004259601A6022
:101D800062B610BC70470320EEE708330220EBE791
:101D900008330420E8E70A4B53F8220038B1094B16
:101DA00053F82200416043F8221062B6E9E743F895
:101DB0002210044BF7E700BF0080FF1F5493FF1F62
:101DC0003493FF1F4493FF1F2DE9F04FDFF8CCA29F
:101DD000DFF8CCB285B03DE0B24D9E0805EBC607FA
:101DE000013A796813F00803D4B2A1F1080040F079
:101DF000B88055F836204FEA124C120C21F808CC66
:101E000000F0A78021F8063C41F8043CA64B53F8AB
:101E10002420002A00F00182A44B53F824205060B3
:101E200043F82400A24B33F81420944423F814C040
:101E300000F0C8FB002800F0E98117F0080F9D4B67
:101E400000F1080018BF5B46786045F8363008237B
:101E50008AF880309AF880305907DCB21BD5964B4F
:101E60001B78ABB195490A7802F0FF032AB1013B18
:101E7000DBB20B70002B00F0468391490A7802F028
:101E8000FF032AB1013BDBB20B70002B00F0EB81AA
:101E900004238AF8803014F0080200F0CC819AF80C
:101EA0009020D3B2120997D1DFF8F8919B0809EB83
:101EB000C30459F833006468C0F3830009287CD058
:101EC0000FD80138012808D87E4A158842F221002F
:101ED000854200F0FB8149F833B001238AF8943041
:101EE000B5E70D28F9D1D4E90007774D49F833B0AB
:101EF000744E764CC9F8102083B240F2816CC9F858
:101F000018202A6063454FF00102C6E900072270DD
:101F100000F2FF80B3F5D06F80F0CB82B3F5817F04
:101F200000F0268240F2DE8040F2023293427BD102
:101F300007F07F07042F00F20881020C40F00581B2
:101F4000634911F8273043F0020301F827301346A4
:101F500070E017F0080F574B18BF5B4645F8363056
:101F600075E700F04FFB5B495B4A51F82430002BCA
:101F700000F05781586841F82400115D03F1080012
:101F80007860032905D8DFE801F0120F150204215B
:101F900011551A8817F0080F14BFC823882343EA85
:101FA000024345F8363052E702211155F1E703218B
:101FB0001155EEE705211155EBE7434D2A683AB379
:101FC0004649424C0F88464894F800E00678402F76
:101FD0003B4628BF4023BEF1000F8EF0010E84F86F
:101FE00000E046F0020486F00106067009EBC4002A
:101FF000426014BFC820882040EA03401A44FB1AFC
:102000009BB249F834000B80002B00F036812A6027
:102010002C4B1A88B2F5A06F7FF45FAF9A788AF8DC
:10202000982000225A7058E7B3F5A06F40F08D80D9
:1020300000221346B6F806C02948944528BF9446A6
:1020400067460278402F28BF402742F0020E3E0428
:1020500009EBCE0846F0C806C8F8043049F83E60DF
:1020600000263B442670BCEB070782F00106067091
:1020700040F01181BCF13F0F4FF0010509D946F046
:102080000206027009EBC60225705360882349F8E6
:10209000363001238AF894301FE700BF0020074044
:1020A000C80040000080FF1F0C93FF1F1C93FF1F00
:1020B0005C93FF1F880040005893FF1F5993FF1F38
:1020C0008493FF1F2C93FF1F0093FF1FFD92FF1FA0
:1020D000C02007403493FF1F5493FF1FFE92FF1F41
:1020E000FC92FF1F802B00F08B81822B2DD107F0FB
:1020F0007F07042F29D8A74A00231380A64B13F883
:1021000027309F0740F1FC8101231370A14B02226D
:1021100090E742F2210C6345BBD01DD942F2212247
:1021200093420DD1BFB2002F82D19C4B1A689C4BB9
:102130001A609C4BC0F3074000221870134679E7E1
:1021400042F2213293423FF473AF0F238AF8C0303A
:1021500001238AF89430C0E6B3F5086F00F04A8195
:10216000B3F5106FF1D1904BC0F307400425187000
:1021700059F835301A0606D40135142D0CD059F80B
:1021800035301A06F8D509EBC5030135586808380B
:1021900000F038FA142DF2D1844A854B0292854A18
:1021A0000192854E854ADFF818820394009200253B
:1021B0001C4656F8047B2FB138467F6800F022FA9F
:1021C000002FF9D1009BD8F8007043F8045B46F863
:1021D000045C00932FB138467F6800F013FA002F9B
:1021E000F9D1029B48F8045B43F8045B0293019B1E
:1021F00023F8025B01932378023B032B00F2098151
:10220000DFE813F03F0104013F0104016D4A45F886
:10221000360013780133137019E643F82400674B36
:10222000FEE5115D022926D07FF611AE03291DD1EE
:10223000012313550BE6E0076ED4210621D4A20733
:1022400008D5614B93F888200221D2B283F8882008
:1022500083F88010E30603D55B4B102283F88020BF
:1022600005B0BDE8F08F00F00BFA11E617F0080F8B
:1022700014BF032302231355E9E53F2F98BF002223
:10228000C5E6514B80220D2183F8C01083F88020D1
:10229000A207DFD5D5E746F002060270402F09EB12
:1022A000C6003A4628BF402243601004134440F061
:1022B00088000121BA1A49F83600217055D02B60E8
:1022C000424B1A8001238AF8943006E692885AB964
:1022D0003F4AE51D14F8011B02F8011FAC42F9D179
:1022E0003C4A1268862A3CD03B4C3C482578027810
:1022F000002D85F00105257042F0020482F00102F4
:10230000027009EBC4024FF00000506014BFC822F5
:10231000882249F83420DEE52B4B30483049314CD7
:10232000022583F8945002702F480C602F4D4860AE
:102330008C600D24CD60FF200A618A6183F8C04063
:1023400001219F2483F8880083F8800083F8982077
:1023500083F88C0083F8844083F8941005B0BDE8BE
:10236000F08F234A0F201070BEE73F2FA7D890E6CA
:1023700007F07F07042F3FF6E8AE000C7FF4E5AED0
:10238000054A12F8273023F0020302F82730002212
:1023900013464FE60493FF1FC02007407892FF1FAB
:1023A0008093FF1F7C93FF1F5893FF1F4493FF1FD1
:1023B0005493FF1F5C93FF1F0C93FF1F1C93FF1F81
:1023C0003493FF1F6493FF1F00200740FE92FF1FFE
:1023D0007393FF1F7493FF1FFD92FF1FFC92FF1F5B
:1023E0000080FF1F880040007C92FF1FBC92FF1FEF
:1023F0005993FF1F484B49491B780B700B4619E650
:10240000464A00231380454B022213E64FF0010396
:102410002370434BB34204F101047FF4CAAE414E32
:10242000039CDFF80481414F00233370042518F822
:10243000013B3F4AAB541B0725D445F0020145F050
:10244000030204350023142D49F8313049F83230A5
:10245000EDD1384F25783A7842F0020009EBC00CF4
:1024600085F00106CCF80430002D4DD1882382F090
:10247000010226703A7049F8303001238AF894300E
:102480002BE52570C5E700F09DF8002832D009EB58
:10249000C5030830586049F8357000F093F808B368
:1024A00045F0010309EBC3020830506049F833B02E
:1024B000C3E7214A5368002B3FF447AE000CBFB27C
:1024C00004E013690C32002B3FF43FAE11888142C7
:1024D000F7D15188B942F4D1000A03280CBF1A7809
:1024E0001289A7E533780133337045F0010349F8C9
:1024F0003300A2E7337849F8350001333370CCE775
:10250000064B022296E500BE2670C82382F0010623
:102510003E7049F83030BCE55893FF1F0493FF1F0D
:102520001C93FF1F6493FF1FD03C000088004000F5
:10253000C0200740FC92FF1F7C3C000070B500F0FB
:102540003DFA00231A4A194642F8331002EBC30041
:102550000133142B4160F7D1164C174B606B174DAC
:1025600040F480206063C2F3072483F89C40144C3D
:10257000FF204FF0010CC2F30746120E83F8B06043
:102580004FF0E02E83F8B42083F8800083F88800B1
:10259000187483F894C0217083F884C0702385F880
:1025A00049304FF400721023CEF80821237270BD19
:1025B0000080FF1F008004400020074000E400E08E
:1025C0000021074072B60D490B68B3FA83F00B285F
:1025D00010DC4FF00042C24023EA02030B6062B6F7
:1025E000074A00EBC000C10002EBC00000235350BB
:1025F0004360704762B60020704700BF7487FF1FBA
:10260000BC83FF1F0E4BC31AB3F5587F10D20D4A7F
:10261000127872B972B60C4A0C49A2FB03230868FF
:102620004FF000421B0922FA03F303430B6062B62A
:102630007047074A1278002AECD0FFF741BB00BF71
:10264000BC83FF1F6493FF1F398EE3387487FF1F1D
:102650005893FF1F084B094A1B6810B594881BB19B
:102660001A885B88D31A1C440CB1204610BD00F0B8
:102670002BF8204610BD00BF6893FF1F5C93FF1F1F
:1026800038B50E4B1B7853B90D4C216841B103F09E
:10269000FF054B880B800420FFF752FB256038BDF7
:1026A000FFF790FF014620B1BDE838400420FFF756
:1026B00047BB044B01221A7038BD00BF6C93FF1F4B
:1026C0007093FF1F8493FF1F2DE9F843324E337838
:1026D00063B1324F3A784AB90122D9073A7043D4EC
:1026E0009A0726D400225B073A7001D4BDE8F8832C
:1026F0002B4B1A68002AF9D0EFF30582002AF5D196
:10270000EFF3108572B6186800283AD0254C21786E
:10271000002936D142691A6001232370002A37D07C
:10272000916105B962B600258368457798472570A1
:10273000DCE7DFF8748098F80020002AD2D000256A
:10274000DFF868902B4659F82340236820461B6920
:102750000135984708B12369984798F80020EBB2F3
:102760009A42F0D83378BDE7FFF774FF68B9104B91
:102770001B780BB93378B3E7337803F0FE0333707B
:10278000AEE7002DB2D162B6B0E700F015F9EEE782
:10279000084B1A60C5E700BF7887FF1F8593FF1FAE
:1027A0008893FF1F9493FF1FA893FF1F9C93FF1F05
:1027B000783C00009893FF1F70B5EFF3108272B65B
:1027C0000C4C206880B10C4E00254369236073B126
:1027D0009D6102B962B6836845779847EFF310822E
:1027E00072B620680028F0D102B962B670BD3360BD
:1027F000EFE700BF9093FF1F8C93FF1FFFF7DCBF35
:10280000024A136801331360704700BF7892FF1FBC
:1028100001B441EA000313F003036FD1403A41D3FE
:1028200051F8043B40F8043B51F8043B40F8043BAA
:1028300051F8043B40F8043B51F8043B40F8043B9A
:1028400051F8043B40F8043B51F8043B40F8043B8A
:1028500051F8043B40F8043B51F8043B40F8043B7A
:1028600051F8043B40F8043B51F8043B40F8043B6A
:1028700051F8043B40F8043B51F8043B40F8043B5A
:1028800051F8043B40F8043B51F8043B40F8043B4A
:1028900051F8043B40F8043B51F8043B40F8043B3A
:1028A000403ABDD2303211D351F8043B40F8043BDA
:1028B00051F8043B40F8043B51F8043B40F8043B1A
:1028C00051F8043B40F8043B103AEDD20C3205D3EA
:1028D00051F8043B40F8043B043AF9D204320AD0E0
:1028E000D2071CBF11F8013B00F8013B03D30B7862
:1028F00003704B78437001BC704700BF0C2A4AD369
:1029000010F0030311D0C3F10403D21ADB071CBF7C
:1029100011F8013B00F8013B07D311F8013B00F827
:10292000013B11F8013B00F8013B11F003033FF4B8
:1029300075AF30B4043AC91AC3F1040C51F8044B12
:10294000022B19D0032B0BD0240A51F8043B1D068F
:1029500044EA050440F8044B1C46043AF4D216E05D
:10296000240E51F8043B1D0244EA050440F8044BD0
:102970001C46043AF4D20AE0240C51F8043B1D042E
:1029800044EA050440F8044B1C46043AF4D20432ED
:10299000B1EB0C0130BC043AA0D3013A11F8013B71
:1029A00000F8013BF9D20B7803704B7843708B78B9
:1029B000837001BC704700BF704700BF10B584B082
:1029C00072B6174A702441200F2180231470D071F1
:1029D0009171137013781B06FCD5906862B6114B89
:1029E000114C984238BF00EB800001A938BF40006D
:1029F0000A2200F01BF801A92046002311F8012B40
:102A000001333AB10A2B20F8022FF7D11623237095
:102A100004B010BD5B00DBB2237004B010BD00BF7A
:102A200000000240809698000888FF1F01F1FF3CDB
:102A300070B56546002401E070460134B0FBF2FE3B
:102A400002FB1E03092B03F130068ABF3733F3B2B2
:102A5000DBB2904205F8013FEED2631C0022CA545B
:102A6000C8187CB162461CF8015F10F801ED8CF8C3
:102A700000E0A1EB0C030232013B521A23449A42BC
:102A80000570EFDB084670BD03460846194600F0A6
:102A9000BFBD00BF80F0004002E000BF81F00041F8
:102AA00042001FBF5FEA410392EA030F7FEA226CF4
:102AB0007FEA236C6AD04FEA1262D2EB1363C1BF84
:102AC000D218414048404140B8BF5B42192B88BFF3
:102AD000704710F0004F40F4000020F07F4018BF16
:102AE000404211F0004F41F4000121F07F4118BF36
:102AF000494292EA030F3FD0A2F1010241FA03FCDE
:102B000010EB0C00C3F1200301FA03F100F00043C5
:102B100002D5494260EB4000B0F5000F13D3B0F18D
:102B2000807F06D340084FEA310102F10102FE2AFC
:102B300051D2B1F1004F40EBC25008BF20F001006C
:102B400040EA03007047490040EB0000013A28BF0B
:102B5000B0F5000FEDD2B0FA80FCACF1080CB2EB8E
:102B60000C0200FA0CF0AABF00EBC250524218430C
:102B7000BCBFD0401843704792F0000F81F40001B1
:102B800006BF80F400000132013BB5E74FEA410384
:102B90007FEA226C18BF7FEA236C21D092EA030FF0
:102BA00004D092F0000F08BF0846704790EA010F6A
:102BB0001CBF0020704712F07F4F04D1400028BF97
:102BC00040F00040704712F100723CBF00F5000079
:102BD000704700F0004343F0FE4040F400007047AF
:102BE0007FEA226216BF08467FEA2363014642025B
:102BF00006BF5FEA412390EA010F40F4800070476E
:102C00004FF0000304E000BF10F0004348BF404213
:102C10005FEA000C08BF704743F0964301464FF04F
:102C200000001CE050EA010208BF70474FF00003AB
:102C30000AE000BF50EA010208BF704711F00043EC
:102C400002D5404261EB41015FEA010C02BF8446BC
:102C50000146002043F0B64308BFA3F18053A3F51B
:102C60000003BCFA8CF2083AA3EBC25310DB01FA62
:102C700002FC634400FA02FCC2F12002BCF1004FE6
:102C800020FA02F243EB020008BF20F00100704777
:102C900002F1200201FA02FCC2F1200250EA4C00CB
:102CA00021FA02F243EB020008BF20EADC70704711
:102CB0004FF0FF0C1CEAD0521EBF1CEAD15392EA1F
:102CC0000C0F93EA0C0F6FD01A4480EA010C4002FB
:102CD00018BF5FEA41211ED04FF0006343EA501055
:102CE00043EA5111A0FB01310CF00040B1F5000F97
:102CF0003EBF490041EAD3715B0040EA010062F146
:102D00007F02FD2A1DD8B3F1004F40EBC25008BF2F
:102D100020F00100704790F0000F0CF0004C08BF4D
:102D200049024CEA502040EA51207F3AC2BFD2F11A
:102D3000FF0340EAC250704740F400004FF0000328
:102D4000013A5DDC12F1190FDCBF00F00040704762
:102D5000C2F10002410021FA02F1C2F1200200FAA0
:102D600002FC5FEA310040F1000053EA4C0308BF67
:102D700020EADC70704792F0000F00F0004C02BFB8
:102D8000400010F4000F013AF9D040EA0C0093F033
:102D9000000F01F0004C02BF490011F4000F013B8D
:102DA000F9D041EA0C018FE70CEAD15392EA0C0FFB
:102DB00018BF93EA0C0F0AD030F0004C18BF31F066
:102DC000004CD8D180EA010000F00040704790F03C
:102DD000000F17BF90F0004F084691F0000F91F0E0
:102DE000004F14D092EA0C0F01D142020FD193EAA6
:102DF0000C0F03D14B0218BF084608D180EA01002E
:102E000000F0004040F0FE4040F40000704740F009
:102E1000FE4040F4400070474FF0FF0C1CEAD052D7
:102E20001EBF1CEAD15392EA0C0F93EA0C0F69D033
:102E3000A2EB030280EA010C49024FEA402037D09E
:102E40004FF0805343EA111143EA10130CF0004095
:102E50008B4238BF5B0042F17D024FF4000C8B4285
:102E600024BF5B1A40EA0C00B3EB510F24BFA3EB65
:102E7000510340EA5C00B3EB910F24BFA3EB910335
:102E800040EA9C00B3EBD10F24BFA3EBD10340EA8F
:102E9000DC001B0118BF5FEA1C1CE0D1FD2A3FF6D5
:102EA00050AF8B4240EBC25008BF20F0010070478A
:102EB0000CF0004C4CEA50207F32C2BFD2F1FF032D
:102EC00040EAC250704740F400004FF00003013A5E
:102ED00037E792F0000F00F0004C02BF400010F402
:102EE000000F013AF9D040EA0C0093F0000F01F016
:102EF000004C02BF490011F4000F013BF9D041EA38
:102F00000C0195E70CEAD15392EA0C0F08D142026A
:102F10007FF47DAF93EA0C0F7FF470AF084676E73D
:102F200093EA0C0F04D14B023FF44CAF08466EE716
:102F300030F0004C18BF31F0004CCAD130F00042E4
:102F40007FF45CAF31F000437FF43CAF5FE700BF3C
:102F50004FF0FF3C06E000BF4FF0010C02E000BF65
:102F60004FF0010C4DF804CD4FEA40024FEA410307
:102F70007FEA226C18BF7FEA236C11D001B052EABD
:102F8000530C18BF90EA010F58BFB2EB030088BF83
:102F9000C81738BF6FEAE17018BF40F001007047F2
:102FA0007FEA226C02D15FEA402C05D17FEA236CD4
:102FB000E4D15FEA412CE1D05DF8040B704700BF1B
:102FC000844608466146FFE70FB5FFF7C9FF0028B2
:102FD00048BF10F1000F0FBD4DF808EDFFF7F4FFEB
:102FE0000CBF012000205DF808FB00BF4DF808ED84
:102FF000FFF7EAFF34BF012000205DF808FB00BFA7
:103000004DF808EDFFF7E0FF94BF012000205DF8C8
:1030100008FB00BF4DF808EDFFF7D2FF94BF012079
:1030200000205DF808FB00BF4DF808EDFFF7C8FF72
:1030300034BF012000205DF808FB00BF4FEA4002CA
:10304000B2F1FE4F0FD34FF09E03B3EB12620DD9D6
:103050004FEA002343F0004310F0004F23FA02F040
:1030600018BF404270474FF00000704712F1610FE7
:1030700001D1420205D110F0004008BF6FF00040BE
:1030800070474FF000007047024B0146186800F08F
:1030900003B800BF508DFF1F2DE9F04F01F10B0663
:1030A000162E83B0044624D8102900F2BA8000F00E
:1030B000A3FA102618220220B54F3A44A2F10801C3
:1030C00053688B4200F0BA805A68D96822F0030234
:1030D0001A449D68E9608D60516841F00101204605
:1030E000516003F1080500F08DFA284603B0BDE8F1
:1030F000F08F36F0070600F19480B14200F2918023
:1031000000F07AFAB6F5FC7FC0F09A81730A00F0FD
:103110008F80042B00F26F81B30903F1390003F1B2
:10312000380CC3009A4F3B44A3F108055B689D42ED
:1031300006D10CE0002980F22781DB689D4206D091
:103140005A6822F00302911B0F29F3DD60463D69A6
:10315000DFF840C265457CD06A6822F00302931B09
:103160000F2B00F37B81002BC7E904CC80F26C812C
:10317000B2F5007F80F01A81D308796801334FEAF5
:10318000521E012202FA0EF20A4357F833E0C5F844
:1031900008E007EBC3010839E9607A6047F833506B
:1031A000CEF80C50831001219940914257D811421A
:1031B00006D120F003004900114200F10400FAD0CA
:1031C00007EBC0094D468646D5F80C80454508D129
:1031D0001DE1002B80F22481D8F80C80454500F0D9
:1031E0001681D8F8042022F00302931B0F2BF0DD88
:1031F0002046D8E9025408EB060146F00106C8F85B
:103200000460EC60A56043F00104C7E90411C1E962
:1032100002CC4C6048F8023000F0F4F908F10805DF
:1032200002E00C2323600025284603B0BDE8F08FA0
:103230004FF4007340204FF03F0C73E7D3689A427D
:1032400008BF02307FF440AF3D69DFF848C16545F3
:1032500082D17A688310012199409142A7D9BD6833
:103260006B6823F003094E4503D8A9EB06030F2B27
:103270007ADCDFF824B1494BDBF800201B6801320F
:10328000334405EB090A00F0338103F580530F3313
:1032900023F47F6828F00F084146204600F010FA1A
:1032A000411C024600F0F380824500F2EE803C4B68
:1032B000196841441960084600F04E81DBF800109F
:1032C000019301311BBFA2EB0A010918CBF80020C2
:1032D000196012F0070B00F01781CBF108010A44C6
:1032E000CBF5805190440831A1EB0801C1F30B0AE2
:1032F00051462046009200F0E3F9421CDDE900232C
:1033000000F04F81801A00EB0A081968BA6048F093
:1033100001005144BD425060196000F02981B9F1AB
:103320000F0F40F227816868A9F10C0C2CF0070CF4
:1033300000F0010040EA0C0068604FF0050E05EB5C
:103340000C00BCF10F0FC0E901EE00F232815068B1
:103350001546144B1A688A4238BF1960124B1A6816
:103360008A4238BF196094E0AA1943F0010346F07D
:1033700001066E602046BA60536000F043F90835DC
:10338000284603B0BDE8F08FD9681A44A1E600BF13
:103390002088FF1F2888FF1F288CFF1FDC93FF1F3A
:1033A000AC93FF1FD493FF1FD893FF1FB2F5206F7C
:1033B0004FEA522363D3142B00F2B78003F15C0170
:1033C000C9005B3307EB010E7958AEF1080E8E454C
:1033D00000F091804B6823F00303934202D989687F
:1033E0008E45F7D1D1F80CE07A68C5E9021ECEF817
:1033F0000850CD60D6E6142B59D9542B00F29D808D
:10340000330B03F16F0003F16E0CC3008AE60EF17B
:10341000010E1EF0030F05F108057FF4D5AE51E053
:10342000424445465368D8F80C1043F001035360FA
:1034300055F8083F2046D9608B6000F0E3F8F3E6CA
:10344000F00806F1080237E62A442046536843F0A4
:1034500001035360083500F0D5F8E5E6A9192046C8
:1034600046F0010643F001046E60C7E90411C1E9AA
:1034700002CC4C60AB5000F0C5F80835D4E6930997
:1034800003F13901C90038339CE7BD425FD0BD6804
:10349000686820F003084645A8EB060302D80F2B06
:1034A0003FF762AF204600F0ADF80025BCE603F11F
:1034B0005C0003F15B0CC30034E659F808394B4556
:1034C00040F0968010F0030F00F1FF30F5D17B68DB
:1034D00023EA01037B60490099423FF6C0AE19B967
:1034E000BDE649000EF1040E1942FAD0704667E6B7
:1034F00003F11008D0E69A104FF001087B6808FA33
:1035000002F21A437A6070E702EB08014942C1F304
:103510000B0A51462046009200F0D2F8431CDDE928
:1035200000237FF4EFAEDA46EFE6542B25D8130BD9
:1035300003F16F01C9006E3344E7B3F5AA7F25D8C4
:10354000F30B03F1780003F1770CC300EAE5294B94
:10355000186840441860B1E6CAF30B0CBCF1000FC8
:103560007FF4ACAEBD68C84448F001006860F0E686
:103570001546EEE60123536094E7B3F5AA7F23D8FE
:10358000D30B03F17801C90077331BE740F25452A3
:10359000934223D8B30C03F17D0003F17C0CC300EC
:1035A000C0E5ABF1080BD844A8EB02084FF0000AC5
:1035B000ABE605F108012046009300F065F9BD680F
:1035C000009B68681968C4E640F254518B420BD8DE
:1035D000930C03F17D01C9007C33F3E64FF47E7355
:1035E0007F204FF07E0C9DE54FF47E717E23E9E64F
:1035F0007B6870E7AC93FF1F014800F09DB800BFE7
:103600002095FF1F014800F099B800BF2095FF1FCB
:1036100013460A460146022000F092B8830730B5EF
:1036200048D0541E002A3FD0CAB2034601E0013CF4
:103630003AD303F8012B9D07F9D1032C2DD9CDB234
:1036400045EA05250F2C45EA054536D9A4F11002B7
:1036500022F00F0C03F1200EE6444FEA121C03F196
:10366000100242E9045542E9025510327245F8D180
:103670000CF1010214F00C0F03EB021204F00F0C1A
:1036800013D0ACF1040323F003030433134442F8D2
:10369000045B9342FBD10CF003042CB1C9B21C446F
:1036A00003F8011B9C42FBD130BD64461346002C3D
:1036B000F4D1F9E703461446BFE71A46A446E0E70B
:1036C00038B5074D0022044608462A60FEF7EEF89A
:1036D000431C00D038BD2B68002BFBD0236038BDC5
:1036E0001895FF1F014B1868704700BF508DFF1FD2
:1036F00070B50D4E0D4D761BB61006D0002455F852
:10370000043B01349847A642F9D1094E094D761B76
:1037100000F0E0FAB61006D0002455F8043B01345E
:103720009847A642F9D170BDE03C0000E03C0000A3
:10373000F03C0000E03C0000704700BF704700BF55
:103740002DE9F047DFF874A00646DAF80000984645
:103750000F469146FFF7F0FF194B1C6824B36568CC
:103760001F2D24DC5EB96B1C0235DAF800006360A3
:1037700044F82570FFF7E2FF0020BDE8F08704EB76
:1037800085010123C1F88890D4F88821AB401A4301
:10379000022EC4F88821C1F80881E4D1D4F88C2124
:1037A0001A43C4F88C21DEE7064C1C60D7E7DAF830
:1037B0000000FFF7C3FF4FF0FF30DEE7548DFF1F1F
:1037C000B496FF1F2495FF1F024B13B1024800F06F
:1037D00005B8704700000000953A0000002301463C
:1037E0001A461846FFF7ACBFF8B5244F0C460646FC
:1037F000FFF702FFBB685D68C4F57E610F3125F0FD
:1038000003054B1923F47F6323F00F03A3F58054C2
:10381000B4F5805F07DB00213046FFF751FFBB683E
:103820002B44984204D03046FFF7ECFE0020F8BD50
:1038300061423046FFF744FF01300DD0104ABB68AB
:103840002D1B45F001055D60136830461B1B13609E
:10385000FFF7D8FE0120F8BD00213046FFF730FF0A
:10386000BA68831A0F2BDEDD43F001035360054B6A
:1038700003491B68C01A0860D5E700BF2088FF1FF6
:10388000AC93FF1F288CFF1F002961D0F8B50C46B0
:103890000646FFF7B1FE54F8042C7B4FA4F108054F
:1038A00022F0010105EB010CB868DCF8043060453A
:1038B00023F0030300F08B80D207CCF8043032D41D
:1038C00054F8082CAD1A1144AA6807F10800824286
:1038D0006AD00CEB0304D4F804E0EC68D4601EF06A
:1038E000010FA26000F0978041F001036B60CCF8FB
:1038F0000010B1F5007F35D27868CB080122490964
:1039000001338A40024357F833107A6007EBC30251
:10391000083AC5E9021247F83350CD603046BDE899
:10392000F840FFF76FBE0CEB03025268D00710D4CB
:10393000194407F10800DCF80830834273D0DCF842
:103940000C20DA60936041F001036B606950D0E7AE
:10395000704741F00103B1F5007F44F8043CCCF816
:103960000010C9D3B1F5206F4FEA512348D28B091B
:1039700003F1390003F13802C300F818FB58083886
:10398000984259D05A6822F003028A4202D99B68B1
:103990009842F7D1D868C5E902308560DD603046CD
:1039A000BDE8F840FFF72EBE0CEB03025268D207C9
:1039B00063D40B44DCE90212CA60916043F0010257
:1039C0006A603046EB50BDE8F840FFF71BBE0B4481
:1039D000D10707D454F8082CAD1A1344D5E90212C4
:1039E000CA60916043F001026A60284ABD601268B3
:1039F0009A4293D8264B30461968FFF7F5FE8DE7BB
:103A0000142B0AD9542B1FD80B0B03F16F0003F1B1
:103A10006E02C300B1E719448DE703F15C0003F1C6
:103A20005B02C300A9E741F00103C7E90455C5E9FA
:103A300002006B60695071E779689210012404FA02
:103A400002F20A437A60A6E7B3F5AA7F06D8CB0B49
:103A500003F1780003F17702C3008EE740F254527D
:103A6000934206D88B0C03F17D0003F17C02C30066
:103A700083E74FF47E737E227FE741F001036B60A2
:103A8000CCF800104AE700BF2088FF1F2C8CFF1FD6
:103A9000DC93FF1F38B5074D074C2C1BA41005D035
:103AA000013C55F8043D9847002CF9D1BDE8384059
:103AB00000F01EB9000000000000000059040000E2
:103AC0005D040000650400006D04000022802403F2
:103AD00022032480050E08090D0C06070F040013AD
:103AE000031F050E08090D0C06070F041F1F1F1FDB
:103AF0001F1F1F1F1F1F4053435F1A16171B1D1E3A
:103B00001F1F08091F1F1F1F1F1F031F00131F1F39
:103B100008091F1F1F1F1F1F1F1F8505040607847D
:103B20001F1F435F40531A121F1B1D1E5513000019
:103B3000591300005D13000061130000050E080911
:103B40000D0C06070F0400130393050E08090D0C56
:103B500006070F04FFFFC585848687C4FFFF001397
:103B600003931A9217FFFFFF4008FE4340A0044052
:103B70004408FE4344A004400018FE4300C0044033
:103B80003000FE43309004403400FE433490044043
:103B90001C18FE431CC004401018FE4310C0044013
:103BA0000818FE4308C004400C18FE430CC0044033
:103BB0000C10FE430CB004401010FE4310B0044043
:103BC0001810FE4318B004401C10FE431CB0044003
:103BD0001410FE4314B004400418FE4304C0044013
:103BE0000010FE4300B004400008FE4300A0044063
:103BF0000408FE4304A004400C08FE430CA004404B
:103C00000808FE4308A004401418FE4314C00440F2
:103C10001818FE4318C004400410FE4304B00440CA
:103C20000810FE4308B004401400FE431490044002
:103C30004C08FE434CA004400420FE4304D0044042
:103C40002410FE4324B004402010FE4320B0044062
:103C50002810FE4328B004402C10FE432CB0044032
:103C60000020FE4300D004404808FE4348A0044022
:103C70001000FE431090044000FFFFFF0001000011
:103C8000C087FF1F12000000000200007C87FF1F9A
:103C90004300000000030000D487FF1F0000000065
:103CA00001030904D887FF1F000000000203090474
:103CB000F087FF1F00000000030309040888FF1FAE
:103CC00000000000000000000000000000000000F4
:103CD00000151915F8B500BFF8BC08BC9E46704722
:103CE000C937000035040000C90C00006915000048
:043CF000F8B500BF64
:103CF40000000000000000000000000000000001BF
:103D0400FF0000FF0000000100FFFFFF010000FEB4
:103D14000001FF0100FF01FF0000FF01000101009D
:103D240000010200FF000003FFFF0302FFFF02FE89
:103D3400FFFF00FFFE020100000101000306010174
:103D4400040606010203030805040504050404012E
:103D540001FEFDFBF7F9FBF5F7F7F4F7F5F5FCF3D6
:103D6400FCF5F2070402F4F8FF0200F70B00FD0B68
:103D7400070A050212100605180E00130F1208FD9B
:103D8400040906FC02FEF502F9F2FAF5F601F4F074
:103D9400EFF1FBF7EEE7F7F4EFF3EDEDF3EAF4EF11
:103DA400EAF6F6FCF8F6FE0408FD05080F13031006
:103DB4001D150C181A0E1915170E141E19161A159E
:103DC40013121C1C0A0A17150AFE0401FF0800013D
:103DD400FBFAF8F4F2EDECE8E3D8DDE1DCD8D6E266
:103DE400DCDCDADCEAE8E9E5EEF3F4FCF8F8FE03FF
:103DF400020705050E0F0D0B0F0D0800FB00FEF961
:103E0400F7F2F2F3F1F6FAFF01060A0F1922242958
:103E14002E35393D404447494D4D4A4643413E3B8A
:103E24003935312C251C160F03FEF4ECE8E8DDD1FE
:103E3400C7C2BEB7ACA6A2A6A5A5A09E9D9D9B9EEB
:103E44009F9D9EA2A7ABB2B1B6BBC2C9CED4DAE0E5
:103E5400E9F3F9030E16202A313C454C4F525858C9
:103E64005F606264646363645E5A55524E48453DC4
:103E7400373029231D18120B02FFFAF7F1E9E8E69F
:103E8400E4E7E7E3E6EBEDF1F5F7F8F9FAFCFDFD1D
:103E9400FCFAFAFBF7F5F5F3F0F1F1ECEFF0EBEFE8
:103EA400F3F0F2F5F7F8FCF8F9FCFBFCFDF8FAFA8C
:103EB400FEFDFDFDFD00010202000406080A0D11CD
:103EC4001211141719161312140F0E0D0A080302F7
:103ED40001FDFAF8F5F3EFEDEFECE9E8E9E8E4E4E5
:103EE400E3E2E0E1E1E0E1DEE0DFDEDFDFE1DFE1CC
:103EF400E3E1E1E2E5E4E3E6E5E4E2E8ECE5E1E67A
:103F0400EAE6E3E3E4E8E6E6E9ECEAECF0EFEFF016
:103F1400F2FCF8FAF6FE07FF030207100C0E0D1769
:103F240018131A1E1F1D1F252626272A2D2E30334F
:103F34003630323C3B3A3A3A3B403C3A3A3C3C3CE1
:103F44003B39393938393736323433322E2C2E2234
:103F54002525211F1F1B110E150F0507020002FA4C
:103F6400F7F9F2EDECEBE2DFE0DAD9D5D1CDCCC94B
:103F7400C6C9C8C2C9C5C8C5C6CACDD3CECDD5D891
:103F8400D5D6DCDBDFDCD5E3E4DDE3E0E9DDDEEB45
:103F9400E4EADFE6E0E5E8E4E5E7EAE2E6EAE4E7C6
:103FA400F1E9E7EDF7F4F0EEF2FF020801FB08187F
:103FB4000E090E19101A13171D1B1C1C171B1E2784
:103FC400180E1A1B1814150F0B0F14110D0C0C15C9
:103FD400191313120F111B1C1A1E221D222922262B
:103FE4002927232C2B262128292C2E201D282A2260
:103FF400191B1917150F08021005FEF4F8FCEEED55
:10400400F4E3E7EAECE9DCEAEDEFE6E6F0EAF5EF03
:10401400E7EDFAF8EFF9FFF3F8F7F5FCF7FAF6F83D
:10402400F6FBFEF8F6F2F9FDF7F3F3F8EEE6F4F238
:10403400E9E7E4EBE4E7E5E5E4E0E9E1E0E7E8DA31
:10404400D8DFE8F2DAD9EBEBF0E1E8E1E7F3EDE40D
:10405400E6EEF3F1F0EDF7FDF3F4F6FBFBFD01F30F
:10406400040BFE01FDFE0208060305040A1311FCFD
:1040740000170F06010E07040C110E0E130F1C146B
:1040840011171715171A1612130F0E16140C0D0B01
:104094000A04000605FEF9F9FF01F6EFFE02FAFB39
:1040A400FAFBFDFBFCFDFEFEF801FDFD0307010626
:1040B4000B030A0C09060912120F16080B16141327
:1040C4000A0F111A160D0D0F19180F030B141312E2
:1040D400060713150E0E0B101514110B0B171C0CE1
:1040E4000E0D161410121117180D161014191110A4
:1040F40016110E14141112120D0A100D080F0FFED2
:10410400010904030303FA0205FBFB00F5F70800A9
:10411400ECF906FBF8F3FCF6FD01F0F5EDF5FAFB1E
:10412400EFE8EBECEEE8E0DBE0E7D9DADECFD4D57C
:10413400CFCCD4CDC6D2C8BCCCCFCAC6CFD2CBCDBF
:10414400CFDAD9DBDAE6EDDED9F4F5ECFA02F9FDE3
:104154000907040B0F091414111B16111E1E141445
:104164001C1F1612170A15170E0C0714100A050B3C
:10417400080D0A0809FB04090600000105FF03FCF9
:10418400F8F7FCF8F301F9F6F7FFFFFE00F3F9097D
:10419400FAF9F8F9040300FF00FAFF08FBFD000038
:1041A40005FAF8FD0605FD0203FD090907020A07E1
:1041B400020C120E0C0A051A1C14120B1220220EE9
:1041C40006151814120F0D0E0D140B070B080C0412
:1041D4000606050D0A00FF020F08FAFEFF04090592
:1041E40002FF0204000202FA0C13FDFB060D04FF99
:1041F40001010B0DFA020901FFFF05FE02FEFDFDA0
:10420400F8FAF6FDFAF2FCFCF4F5F8EFF2FAFAF13A
:10421400EEEFF2F4F0ECF1F7EEF1F3F4F4F6FCF86F
:10422400F0FAFEFAF9FFFCFA02FDFD00FDF7F8F4DE
:10423400F3FAFDF0EEF2F4F2EFF0E5F1F8F0F2F358
:10424400F5F6FEF8F0FFFB010BF9FB040D01FD0987
:10425400090608100E01090D0E09050A0D090607C5
:104264000804050904010005FF0303FBFF06FCFB2A
:104274000401FBFDFDFE0606F7FF0903070A00FE25
:104284000A0B0C0C09060A1314080B0F10150D0F5A
:10429400131411111713081011120A091007080D2D
:1042A400080B09FC0006FDF5FD0303FFF4F6FBFD16
:1042B400FCF3FAF8F2FAF9F1F0F5F2F5F5F3F0EEB1
:1042C400EDF1EDF6F2E8EFF2F7F4ECEDF8F8F9F7CA
:1042D400F9FCF1F900F7FAFBFC0005F7F405FAFC28
:1042E40000FF03FB0A00FC0608070B0C020A130F6D
:1042F400090F1012160F121B170A1420170C16168A
:1043040016181412160F0E111817050B0E0E0B0AA1
:1043140005050E0A000B0A0A080AFCFF0E02FA0140
:10432400FBFA0805F5F0FBF9F9FDF7E7F0FBE5F317
:10433400F8DEE2EFEAE7EBEAE5E5E6E8EAE9DADA0D
:10434400EFEBE6E1E5E8EBF0E5E5F0F1EEEDEFEAC1
:10435400FAFBF2EFFBFAF902FEF502080503FC038F
:10436400071000000A0A0A0A09FA071408020AFEDA
:10437400060B04FC0308070C0FFFFC0C0B0B0706D1
:10438400030A1203FF0D0505020602FA02FBFBFEF7
:10439400F8F9FAF3EEF8FBEBE4F4EFEFF5EDEBF1FB
:1043A400F8EDEAF7EEF3FDF7EDF602FCFAFC05078B
:1043B4000200FB0E100A0C08061216160E0F171C2C
:1043C4001C171B1B1E1B1D1F12222119151E2A1927
:1043D400101E1F191C2410141E0D1E150D0D1A126B
:1043E4000513120A070607FF01060004FAFD02FC82
:1043F400F5F2F8F6F8F9F4EDF3FAF7F0F6E4E9FC7F
:10440400F4F0E8F3F3F7F7EFF4F5F8F5F5FAEFF96C
:10441400FEF4F6F8F9FAF8F7F9FAF3F5FCF3ECF32D
:10442400FCFEF1F6FAF4F4F7F9F0FBF1FA03F1F516
:10443400FCFAEEEFFEF3E8FAF8ECEFF9FAEDEDEF43
:10444400F5F8EEEBF5FBF0E9F6F7F2F0F4F7F4012A
:10445400FAF5FDFFFFFA0B04FD0B0B0F0C040D1313
:1044640016120E100D16151A120F18181611121412
:10447400161511131207100D0911130A0503030A67
:104484000701FE0106FCFD0AFAFD0A09F5F409FF1D
:10449400FFFDF9FE0207F9F2FBFE0300F5F1FA074E
:1044A40000F9FCF9FEFEFDF9FA04FAFE02FAF9033A
:1044B4000101F9FFFD0403F90203050504FF020AE3
:1044C400060D0E0508070F080A0B030A0108080366
:1044D4000D02FE000400FE02FC03FFF9FDF8F8FCE7
:1044E400F9FEF2F4FDFFF0ED00F7F2F9F0EFF3FA64
:1044F400F8EFF6F6F5F3F2F7F3F7F4F7FAF1F6F46A
:10450400FAFFF8F9F7FBFF0203F7FF0506050204BB
:10451400030A0A0205090B07070D0B0909090D0611
:104524000B06040C0807040507060AFFFE05070529
:10453400FF04010507FFFF000500FE0303FEFDFD68
:1045440001FF0300F6FCFE01FDFB00FEFDFEFDFC89
:104554000001FB0100FF05FC00FF01070703FB014D
:10456400000205020602FD040404010101FB050129
:1045740001FCFC00FD02F8F9FBFCFCF5F9FBF7F487
:10458400F9F7F5FDFEF4F4FB02F9FE04F80000FD72
:10459400FE0609FE030A0908050805090E06070BAD
:1045A4000A050A0D060205050405050100FBFE08BF
:1045B40000FEFDF7FEFDFAF9FFFBFBFEF4FCFAF842
:1045C400F8F7FEF8F8FEFCFBFAFFFCFF02FB000024
:1045D400FD010105FF0302FDFF060CFEFF090401B6
:1045E400FF0A05FF06FF010605010302FF010002A1
:1045F40002FB0200FD01FFFBFB0401FAFBFCFCFCD7
:10460400FDFBF7F9F8FEFDFCFEF8FCFFFDF9FF01E8
:10461400FD03FFFE020202FF030500030705030674
:10462400030307060403020509070205030607023C
:1046340005030905030401020004FFFE0703FDF955
:10464400FF07FFFCFC0100FD02F9FC060205FEF970
:10465400FE0702F1FEFE0000F9FCFAFEFCFC00FA83
:10466400FFF7FD01FE02FEFCFF01FFFD00FE00005E
:10467400FCFFFEFFFBFE030000FFFFFE020102033E
:10468400FCFD0502FBFC0303FDFAFD0604F6F9FF3D
:1046940002FFFDFBFC050503FAFD080701FCFB0214
:1046A400030501FD0203060201FEFF03FDFB0100F9
:1046B400FDFBFD0300FAF9FF00FF00FBFCFF02FF16
:1046C400FE02FE040301FF060D0301050906010AAB
:1046D40007060A0808060907080A060A0C0703055C
:1046E4000F0B0406080A04040405060305FDFE0076
:1046F4000101F9FC00FFFCF9FFFCFE00FFFCF8FEE1
:10470400FDFBFDFC03FEFCFCFB00FBFAFAFEFFFBD9
:1047140000FDFA0003040004060407050606080762
:10472400050A0C09060306060703FE050601FEFF3B
:1047340000FEFEFAFAFFFCFBF6F8F7F7FAF5F7F2DB
:10474400F4F6F2F1F0F6F2F0F2F0F5F5F5F0F2FA33
:10475400F6F2F5F7F7F901FDF5FAFBFFFEFE0301AA
:1047640000FFFFFF0204FF020404010003FF04042E
:1047740004020002FE01030403FE0100FF00FE0028
:104784000100010200FEFFFF0100FDFF0101010124
:10479400010000000203010101010100000000000A
:1047A4000001010200FF02010503FD0B00020DF1EF
:1047B400F814190FFEEAFD12ED0C0CF0191AEEF0C4
:1047C400161115FBF11B16ED1815EEE72D0EE70576
:1047D400F40B03D50C1AF600F2F9FA00F8F703FD0E
:1047E400F603B9F8F6E507C7F7DDA909F1C700F83C
:1047F400A0CA0EFEEBE411BFE404EBED12E2E50FF8
:10480400D21423E8C61D041A21D0DE34F7EC132792
:1048140030CAFA0DFD2E070629DE083E0CE10444D9
:10482400FEF61114FEF9F918FDF20F09EBFAFDFC7E
:10483400180DFF111C09DF1F1BF41A1FFFF90619BD
:1048440008FE14F3EF0AEFFD2DEEBB1518FEF2017E
:10485400E9FFF0F0FFFAD2E01E02D9E207E6FBEE30
:10486400EDF7FDFC181BD90143091331EC05421C7B
:10487400011A231D2A261EFD1B3A3F13082A25FE72
:10488400340FF829212300F40B1CF9E6F6EEF8F1B5
:1048940003F5F6DF0814C6F0FFE804FD0107EF0690
:1048A40001DBF91DE0E80B0718F4F80BFA13150AFD
:1048B40014EA002822F3EDFC0E09E81BE1EEF8ED02
:1048C40002EFF1E0F300CEE3FF01E0E60BF6F91CA2
:1048D40009E209F90E080126FD0C3236EC2E39F5F1
:1048E4003816103D410AF04E2120F4FF391812EC1D
:1048F400EE1200F8E61DE6CE07F6E2CEF7E0ECE9AC
:10490400E303D2F413CFE3E3EB0002BEAD1319D3F8
:10491400D504EAF10208E3C327C7F604E815B8E9A9
:104924001AF001E2F8D5EA1706EFE903FF1F0BBB03
:10493400E8272F13E4ED360AD8F63C28E3061BF6E5
:10494400FA3C081727301FFB25301FEB2F10183EA9
:104954000EF51C2B21EAFA3B16E40725FDE00309BA
:10496400D1FC16EBF3FDE8F0FFD5E8E3F8E5D2F966
:10497400DBC9EFF9D4E1D2E4F1EFDEF0FCF9ECD0DD
:104984001A11E8DD181B05FEFC200C031124F1FAB2
:10499400290BE2092B33F3F624F924ECE22F09F86E
:1049A400FA1316D70D2909EFFB3206EB0E1D10FD85
:1049B400FB170BF30C081308F3FF1F15FFE0FC2192
:1049C4000808F7F7FE0E0BF8FC030BFD06FC0704C2
:1049D400F510FEF4F4ED0014F9EFF7FCEFFEFFEA36
:1049E400F7DFE6F6F2DCD70305E6DCEAEC04F6E5ED
:1049F400EAFB0101F7E9F41709020705080B00199E
:104A04001B0C08090C0E0302140F080B0D020C0CEE
:104A140001FD0E0B0304FEE50115FDFF15FCED0A77
:104A2400FAEE0913F9F9F7EA0B17FAF70D1010FD6E
:104A340000FE061411000D0DFA050BFA16000816F7
:104A4400E5EE01F403FCF9EADFED03FCCAFF02F72B
:104A5400EADCF6E4F8FE03F8E7F206F5FB070912D0
:104A6400FAF60EFB03091614FE080AFC2211FD27B0
:104A74000AF3151BF1FA12111500F50900020A08D0
:104A840004F6FD0FEFF203FCF50604E501F3F91259
:104A9400F0F60BFCF6FEEFF908010703EFF9F6FA5E
:104AA40024FBDE0F0CFAEC0306F7FFFE02F5F2F12D
:104AB4000200F800F7FCFCF2F2F60A02F302F5EE4B
:104AC4000C06F7FDFD140BE30F1AFE0A000A041C82
:104AD4000AFB080C101B05EB122504FE0D0213053E
:104AE400ED1B15F1FB1A0AE1071907F6001BDBDEC3
:104AF4002A13E6DA08F30BF1E800E5F911EDE1EA2F
:104B0400060BD7FE16EAF70BF2F70DEEF70A07F4D9
:104B140002F7F718E6F311FE04E7FE04FFF9F2F9D1
:104B2400FDF7F2FFF7FAFC06EEFFF10A15E40513B0
:104B3400EF0C0E0400111D080B051E13F01E2113AB
:104B4400F909150A130812021725FCF906070E01C4
:104B54000AF2F90A00F7E1FF0802ECF1F00FE6FCB3
:104B640013E0F30501F4F8FD1D03ECFAFA0DF8FF68
:104B740016FFE6F915FCE918FEF0FBF50F00EBF75C
:104B8400FFFAFB06F2EBF2080BDFFFFDF205EE0184
:104B940003F9E90203060CF0F10901FE08FD0BFC20
:104BA40005FFF6121FF0F50E0C10FE04051CFD0D9A
:104BB4000CE2122005031C02F703110B0B0F08086B
:104BC400F409150F00E613FDEF1BE9DF0D0DF2EDFF
:104BD40004E305F9EF15FEEAFF0104000E14F009E1
:104BE4000404FE091EEB050AFB0D07F212F3F81884
:104BF400EBFDF1F81310D5FB08D80008EA01F4E640
:104C040006EEE818FBCE0A020401DFF813F9E50FFB
:104C140001FBF30610F20108000CF9011B07F30273
:104C240014F0071DDEE505110D01F4F305FCEFFAA0
:104C340008FCF5FD0601F2FCFAFD0EFF04EEED138F
:104C440005FDF51EFFE3FC1501EF110EFFEE1BFF42
:104C5400FAFB0A0D0410F5FBF21320F4ED1C15F118
:104C6400FDFF0F1A06E011FFEC26FFF007FEFFFE22
:104C740014E8EE2300F307FEF804FF0600F8F6F14B
:104C8400FE0513F2EFFD11F6F413F6040102090612
:104C94000701050C030409F60B140CEB0507060EBB
:104CA4000906FAFFFE03FB0910F6F406FC03EF0302
:104CB4000FF7F1F70DFEF0060B01FD0306EBFB1BEE
:104CC400030B09EE07FBFE0C09010502FA040F06AB
:104CD40019E8FE3000F904F3120EFF0FECFB0E018D
:104CE400F2FA0006FBE700FFED00FEE3FF08F5F82B
:104CF400EFFAFAF5F104FBEC1BF5EB06F41003F6FE
:104D04000BF7FF0AFCF60C15F902FC0011E614245B
:104D1400F5F308020BFF010F00FD0DFDF1050B007B
:104D2400F50406FDEFFB0DFCF902F9FF030302F4A1
:104D3400FB0A09EBF80CF4FEFCF504F2F103FAF9B2
:104D440005F6E6F8FC02FEE7FC05EBF9FFF4FD00CE
:104D5400F8F4ECF802F1EE0503F2FDECEB02F6FDDB
:104D640000ECFDFEEE0409F9F9FB020AF60218064E
:104D7400FD0B0E080D0311150D0F0709121A111062
:104D8400100C160D0A1E0F05170B0F170D090A0E2E
:104D94000F0CFC011406050AF60E04040DF3030AB5
:104DA400FFFFFDF90D12EFED00F2FEF7F0FDEDE966
:104DB400FDE9E9FFF5E4F1E7F701DAEE08F9F4F5C6
:104DC400F6F7F60014F3EB04F6FD02FE0904F3FE15
:104DD400000103FAFCFB03100EE8FC0D061001F9B8
:104DE400010410100206080505140B010409150E30
:104DF400F30D1F100407050A1216060915061605F9
:104E0400FF0C1518001011F4010D0DFB0C0AFD0523
:104E1400FAF80AFAF202F6F7EA0101ECEDFEF1EB18
:104E2400F1DEFE08E6EBF6E1FAEBF203EDECFAEF65
:104E3400F004EFFD07E4F700F9F4F302FB00E700E8
:104E440006F402F0FF00EC0DFFE50B11EBED06FAA2
:104E5400F40307F2E50D09F003F0F8130FF7F70573
:104E6400FF1021FA05050E17FD0F030D180B051988
:104E740011FF130EF01B1DFC08021404F9100AFDA7
:104E8400070AFCF5F2020EFAFB06E8EA0608FFF050
:104E9400F80302FCF4EBFF0EFD02FDE6F609010146
:104EA40001FBFAFFF9FB00F9F5FBFAFEF3F10AF650
:104EB400F30FF9E20DFFF1FCFF060DFEF40C040103
:104EC400F6050AE9051DF3EB1512EBF608070E07C4
:104ED4000D03F80F05031F07061505061900062123
:104EE400080A120504FC0E240AFE07F8071B00FC3E
:104EF4000F050A0CE8FD0CFAFB030CFA00FBF5F0B5
:104F0400FE1501EAE9F208FEE9F3FCFE00FBF5F503
:104F1400FA0D0EEA0012FA060AF80B17050A01F652
:104F24000C0AF8020802F7F4FCFAFB03F8FAFEEEA6
:104F3400F704FDF7FD01F4FE0D01EB021706F8FB83
:104F4400FC0A0DFE0105FEFB0505FA0206FCFB0149
:104F540004F7F9F4F808FFFDECF50306EEEFFFF9AA
:104F6400F5FFEEED01F5EFECF20401F7F3E90409C6
:104F7400F505FFF2FDFF01FC0309050101FFFCFE3D
:104F8400FD061806E90208F9FD060A09FF0006F9FC
:104F9400FE04081004F508F9FC04120DFB02FDFFE1
:104FA400FF0306020306FAFBFB0907FF02FF05FBEA
:104FB400FD0B09FCFE04FB0D0EF9FBF1071B0BF5C1
:104FC400ECFF09080FF7EF011111F40701FF0DFFC2
:104FD4000601F41008F6F3000B08FBF002FFF8FFDB
:104FE40003F8FAFD06F6FAF9000EFBFAFB0B01FED4
:104FF40008FC050EFF0205FF02020903FA0506FE7E
:10500400FD00010205FCF90203FFFB07050204058C
:10501400FBFC08FF0303060BFEFC0A06FF0A0B0059
:10502400FA071109FF0A0D0706FE0706070A0CFD19
:10503400F50E06FCF90108FCFDF9F1F90900E7F7A2
:10504400F7F001F8EEF2F7F6FDFCECF404F9F600E3
:10505400FEF7F508FCF2FD00FDF7FD04FFFBFBF98C
:1050640002FFFDFC03F7F80901F5FA04FBFCFEFD61
:1050740002FAFC0700FA010C04F7FE0B0901080907
:105084000805000A0705080D03FA0F0C0200080EB4
:10509400020000F9FF1008EFFCFEF80600F6FAF92A
:1050A400F90602F0F507FFF80303F6F20E02F50223
:1050B40000FFFBFE08FFF9FEFE07FF010405F1F700
:1050C40016FFF0FF03FCFB01F9FCFEFD03FDF7F7FF
:1050D4000A11FCF2FE070205FF0604020FFFFF0798
:1050E400080604060EFCFC0F0A00010CFFFE060D68
:1050F40000F40605FDFEFF0601EFFE0CFEFBFFFCBF
:10510400FCFF0301F90307FAFC040402FE02091080
:10511400F9FF0B02FF0614F5F8060A02F8FBF10A80
:105124000DF9F1F4F4FB0007F5EA05FBFAFCF5F2DE
:105134000300F400FFEAFD03F9020100F7FB02F6A5
:10514400001901F00509F9060A0001031B01F10029
:10515400060C03030704F9000AFCFF1203F3011110
:1051640006FFFDF8060A0A050204FA090CFCFF1200
:1051740013FBEB000F0E00FAFCFD070104EFEE0F2A
:105184000DF8F5FEFBF00006FE07FDEEF3FE040548
:10519400FDEEF708FDF6F6FAF6FB1303E5EFFB0563
:1051A4000DFAF2F800090400F1F6070E03F605FD06
:1051B400F80308FCF71206EDFA05050A03000B0BC9
:1051C40003FE0006061407FB0A02090D0300090B7F
:1051D400FFFAFE07060309FCF90900FC0201FFFAC5
:1051E4000301FCFDFF04FC03FAFB03FAFEFEF8FDD9
:1051F40002F8F6FD01FDF8F5FD00FBF9FCF9FFFFEF
:1052040001FFF6FF05FBF70300F9FBFEFC0506FCB6
:10521400F6FD040407FEF8FD0206040401FD010284
:10522400020505FCFE07050200000001040402FD5E
:10523400FD030601FF0301FD0103010200FE00035B
:1052440001FF0100FF000000000000000000010158
:10525400FFFF02010002FFFE020400FF000003033F
:1052640002010300FD0402FC030803FAF90105012D
:10527400FCFCF70107FFE6ED1B1FF2D1F70E0C183B
:1052840002E3E8FCF4190FF405F7DA00231103D65E
:10529400DD0611F01834E7DBE20319F2111EEAEF20
:1052A4001826D8EC3EFE181BF11406CDDE250F118E
:1052B4000CCCF9E6D7241B1A00FED0BC15120FE360
:1052C400C30918F80506E8F01408E21119F80310E8
:1052D400F3FD3208F0161B0C0805FD1406E3183321
:1052E40000C90107DC2C2F03F8FE081A0D0418224C
:1052F40005E71D1FFC0A140BF5E8DEDAF7E0EEF310
:10530400DFFBFCDFCDE601F3FFFD0B170D13191DC9
:105314001F2424211D263E35291605F9F9F8E8D461
:10532400B1D2F2DACFCCCDD0E4EEEBE5EDF3E8E3A5
:10533400F70D12141C1FF6F3080F11163931241936
:105344003B19FD2107FAD7E4010C0A0D1E090205D9
:10535400FFE9E7F40301F9FBEFD7C9E2ECF2F8EB5C
:10536400E3DADEE9E8DADEF1F3EFF70002030B0C2F
:105374001415282B2433363D2E05F10C1F282E300E
:10538400322203F4C7A3C2E4F5FE02141E1C2E2F1E
:105394001A0B140EF3F5E8E6EFDFC5BBD2E5DDD951
:1053A400E0F0F7D9CDBEF7353616F8ECD4E1F504C4
:1053B400293A40290EF0E7EA0E2D37351C12180061
:1053C400EDD5D1DBD7D1E6EEFC1B2221322F132CF5
:1053D4003C2D3B362608F701050F00D4CCCFB8C4CA
:1053E400C5D00C18FFCAB2CCF1E302FFE9F20118F0
:1053F400140C253949423807EFF808F5D9E0D2CA28
:10540400CECCD7E4F32A4B3E2B1C302D13372B1D67
:1054140002F5F7010D19191219120D0C0EF7E0CE51
:10542400C2D9E3E8001D17F8D0C5E6ECED01FF0989
:10543400282C3F07FE24252D1B0CEFD7E7EDDDDAE2
:10544400D1D3CDCECDCDE7E9FD30321A00FD0B0628
:10545400FD01161926373A403325271A080808FD96
:1054640006FBCBB1B5ACCFDBDAFB09181F282C3710
:10547400351E1305F9F6E1F4F902F9E4D6E4FEF079
:10548400E8DFD6FF05F7E1E3F6F3E9DDE4F3F6023E
:105494000210302D230F2F39363018161316FAF058
:1054A400F2DCD3D6E0D2CCD9E0F30D304131373938
:1054B4002008020D02EBE0F7090A06EDD2051B07EE
:1054C400F7D0E1EDFFFDD6D0D7DDE6EBECF8091E11
:1054D4001D19152635312E332E17210FF5F401F43D
:1054E400F1F1EBF7FF02FCF2EDF5E9FAFE02F5F15A
:1054F400F5DDD9EA1C1F262D1F210D2325130A03D0
:10550400EAD9EAC2C6D4BAB9CCF5F6193822251DAF
:10551400241D0105151424292600100B1007E30887
:10552400E6F102F0F5F4CBD703DECFE20908F10E81
:105534002917ECEB04372907081B05FE0308EAE0EA
:10554400F8FB080A02DCCCD8F4F7DCFCF6FE1816EB
:105554000DEFEAFF17202411F61919111F1E12EF7F
:105564000902DEF9FCD3E1E6F4EED5DEEEF7FF172F
:10557400082420183F22132011E9E00C03FBF5F561
:1055840000E8F1FC02F7EF1700F1F3E4DCE0E7E3F5
:10559400D80413090B16251514FA182B330F081AFF
:1055A400E9F6F9EAF4E7E9E2EFFD05FDE90E07079C
:1055B400FCEA1E271222200FEAF9180C0AE7F50963
:1055C4000503F61208EFDFEAF0F8E9E9EBE4D8FCAA
:1055D4000FF61B2E3C18161109161413F904EAF2DF
:1055E400EFDAE8F3FAE1DF06130BED001605F6EC4B
:1055F400122302F50C0CFDF50E1A11FF051F06EE21
:10560400F0111A04D9E7EEE7070201E8DAEF040023
:105614000F2D2009172F210803F6F006EEF5E4D527
:10562400D2F91100E8EEFB180C091405F8DEFC10A1
:1056340000F5F6FDFF1B0EFC0123292018EDE61CE6
:1056440008F9DDD3F0E40EF9FBF1F718FF0B0CFDBC
:1056540006190DFBF6F00403FC09F0F7FBEAEDE58F
:1056640009251609DD0317F70E00F4000006E2F819
:10567400141A2418090107182212F709F1E8FCFC8E
:10568400F8D1E5F0FD00D5D7FB280CE4F8090809AA
:10569400E8F80DFDF80B01DD021C1CF1DF191D06F5
:1056A400E6141AFA04010FFFDEEC0B2310F904EEE2
:1056B40019260CFFE5FDEAF3E20818ED02100B03CE
:1056C4000509DF102008FBEFF7F205F0D5EC06EA38
:1056D4000B060827E4E4010BF5E10F1809DD0B259F
:1056E4000700ED0A0FF5FFEDEE121A03EA13EF07B8
:1056F4001CF9E2DE1D1502100C08FFF1110B050167
:105704000E06F40F00F0040A070700F500F4D5F6BE
:1057140007FCEAFE0F00ECF7E6000DFFF60F0EF8AB
:105724000818220BE7FFFB070F031300FD03F7E53F
:10573400F4E9F9F2EAFEFCEE02041103FA160D0B89
:10574400110D15FEF1130A0301EF0BF6E7050C0129
:10575400F8ED0A14F9FA0A0902070819F6F7030121
:10576400040502FAE60C07F6FAFCFBF1F1FEEEEE94
:10577400FE06F8F1F811EFF21606EEED16070F1516
:10578400141105F709050DFCF71008FBFF16F5E3E6
:105794001609EB1122FDE2E0F1060C0EF6F4F5E930
:1057A400050404FB101907F7061B04E8F8F5F8FADA
:1057B400FDEE0DFFF0FBF9F5010E1009F1DE091500
:1057C400170503FB032607EAF000E1FA030D1A04A8
:1057D400D7EE1600FDF0FFFB0512092314FA0306A9
:1057E400EAEEFD030EF9F70E02F1FDFC00000307DB
:1057F4000C0FF0FB0E1105ECF6F6000B04EEFDF6B3
:1058040004FFF5000CF6FF05F7FBFAF4060F04019C
:10581400F90400EE04F8FA0B12E9EE09020403F8A5
:10582400FB1407000B0C0E07F9060FFF020606FE19
:10583400E8FAEDF40106FEF1050C06FD0B0CF5F794
:105844000CFBF10CF3031708F2EEF6F70405FFFE68
:10585400FBFBF9000700090C04FE03110F11FE0203
:105864001708FEF6F8F3F506FBF7F6F8FAF6070064
:1058740006FCF70909FAFB0113FFEC07FFF7FD1714
:1058840001E9FC050406EFF9080715F0EA0209FB33
:10589400F0FD070102FAFD050408FFF8FE00070207
:1058A400021212F6FB00FF02F402FBF904FFF306F6
:1058B4000BF90405F70701F50006FDFD010D01F3E1
:1058C400F2F7040603F50510090A010608F4F90CB9
:1058D40004FE04040602FEF70305FAF30601FC0ABB
:1058E40005F3F80A03F6F6070AF8FA0C08F802FEBC
:1058F400FC10FFF4050502FFEAEE0B1703ECEC05C0
:105904001611EAEC121407F4F6FF070F06FDF6FB76
:105914000705EFFA090801FDF9FB060B020111075F
:10592400EDFA0E02FDFCF800080AFAEC080B0C0E66
:1059340007070A0BFBF702FA070C02F0F0FCFAFE69
:1059440003F8F9FBF7FFFFF7EE0007F3EDF70506A1
:10595400FCFE07130FF3EEFF0D0D0604F6FE03F92C
:10596400F1FD0608FAE5F70505110BF7FC02140D25
:1059740001FFF80D160DECF91106090B01F7F5FE00
:10598400FBFE02EDFC10FFFAFBF5EEF60E04F0EF61
:105994000DFDEF0D11FAF6FC031100F709F7FE17E0
:1059A40012FAEEF6FF000802FBF9FBFEF4FC080F06
:1059B400F8F2FC04FFF8030B090002FAFD0E1003D1
:1059C4000D07F5051100F204FBF50607F7FEFCF5DB
:1059D400FAFB01FAFA0A010101FB020D00F3FB02D2
:1059E400040404F9FB0709F6010DFEF5FE000B0B98
:1059F400F2F1FA0003FCFD010502FF000707F9FAC2
:105A04000A090AFEED0107060B08FC060F0003094C
:105A1400090804FB000404030601F7FDF902FBEC8A
:105A2400FC1008EAF5F8FB0603FCFAF7F905FFF6A3
:105A3400F70402FCFFFDF8FE030204FDF6FD060474
:105A4400FB010402040504080908FAFC0E0C07FF14
:105A5400060E03FBFC010404F7EFFE0207FDF40449
:105A64000C03F5F5010603F4F41001E7F7FF020750
:105A7400F9FC040900F901010D0B0400FF060502FD
:105A840004FAF4FA0400EDF5FCFAFD01F8F6FAFA6A
:105A9400FDFD020D0802FDFF0B0B090907080405B3
:105AA400040500FE04050304FAF7FDFEFDFD07FDF1
:105AB400F6F6FA01FE0801F9FC030803FE000202EF
:105AC400FDF2000E02F2FD000403F6FA03FF0102E8
:105AD400FBF9FA0100FE01FF01FEFDFF020600FFD3
:105AE400050C05FA0202FE0506F8FA050507FFFC97
:105AF400050602060902FC0005050A0702FDF7F97E
:105B0400FCFAFAFCF7F9FC04FDFAFD01FFFC0903B9
:105B1400FAFDFFFA070BF8FC07F5F2FE0912F8F399
:105B24000006060000010908FD0600FA0603020645
:105B340001FB0003FFFEFDFF08FFFAFE0002FFFB6E
:105B4400FDFD0502F9F7050C07FEFA050400FCFC4F
:105B5400010402030401FBFF05FC0205FCF5FD0240
:105B6400FB000700FCF7F70104FFF8FA010200FF4D
:105B74000705FC00070D05FEFF01090BFFEEF70307
:105B840004FBF70205F9F8FEFA00080602FDFD051C
:105B94000501010704FE0500FEFFFF0604F8FA04F0
:105BA4000302FFFBFDFEFDFAF90204FFFFF8FB040C
:105BB40003FD040903FCF8030703FFFAFCFCFB01E3
:105BC4000300F5F7040701020401FF0607FC0007C0
:105BD4000101040001060301FDFAFAFD0705FCFAC0
:105BE4000005000402F5000301FD0003FCFE0204AD
:105BF400FBFBFE0707FBF6F90300F9F7050D05F9B2
:105C0400F6000705FE00010805FC0403010403FB7C
:105C1400FAFF06FFF70102F7FD02FE0200FE03028F
:105C2400020400FCFC060801FAFA0002FE0204FF6A
:105C3400FD0204FBFE060904FBFCFD000405FBFB5E
:105C440000010401FB02060400FAFC0202FFFC014D
:105C540001FE01FAF9FA0103FEFCF9FD030C03F657
:105C6400FF050605FFFE0105FD020B06FEFC01060D
:105C740003FFFCFEFDFF04FDFE03FDF7FC0400FE34
:105C8400FFFFFDFF0903FC03070001FEFD040A03F7
:105C9400FBF8FE01FDFDFCFD0104FCFAFF0102FF1F
:105CA400FD0206000003020001020306FEFCFE02E0
:105CB4000200FCFC000100FFFEFCFDFF01FFFF00F1
:105CC40003020001020001000202FE0304FCFE01C3
:105CD400000200FDFFFE000100FDFF01FF0100FFC7
:105CE40001FF0000FF01000000FF000101000000AF
:105CF400000000000000000000FF0000000100FFA1
:105D0400FFFF000000FE00000001FFFF00FF00FF96
:105D1400FF01000201FF000303FEFE010204FDFF78
:105D24000401FF0102FC00FF00FDFF0301FF00016D
:105D3400010004070101050806010403050B060719
:105D440006070606040100FDFCF9F4F9F8F0F5F283
:105D5400F0F4F0F4F9EFFCEBF30B0401EDF9FE04BD
:105D6400FBF710FAFF0F090F02061A12060A230A9C
:105D7400041B131906FE080D06FB06FAF405F5F1DB
:105D8400FAF1F901EEEEEAF1FAF4E7E4F7EEECEFFA
:105D9400E7EAEEE4F2E6E8F3F4FBF4F4FE0607FBCC
:105DA40008081413031821150F1F1C121F181C0FA9
:105DB4001C241D1B1F181716241D0A101D1809FF6B
:105DC400070002080002F9FAF6F3EFEBE9E5DED486
:105DD400DCDCD7D2D4DFD7D9D5DCE8E6E6E3EFF0D4
:105DE400F4FBF6F8FF03020704060E0E0C0B0F0B70
:105DF40006FDFAFFFBF7F5F0F0F1F0F6FAFF010605
:105E04000A111C23262C31393C4144484A4D505038
:105E14004C494644413D3C36332D251D170E03FDA8
:105E2400F3EBE9E6DACFC5C1BDB4AAA4A1A6A4A345
:105E34009E9E9C9C9B9F9E9E9FA3A8AEB3B3B9BD00
:105E4400C5CBD1D6DCE2ECF5FB060F18222B323D94
:105E5400454C4D5256575D5D6061615F605F5A56B7
:105E6400514F4A454139342C27201B16100900FE96
:105E7400F8F6EFE8E8E5E4E8E6E1E7EBECF1F5F560
:105E8400F7F8F9FAFBFBF9F6F7F8F4F2F0EFEDEFB7
:105E9400EFEAEFEEEBF2F3F0F4F8F9FBFDFBFFFFB2
:105EA400FD0201FDFD0003FF01FF020201050301E4
:105EB400040708070C0F0F0E101412110E0D0E0814
:105EC4000A0B0400FF02FFFAF4F5F5F0F3F1EFEC2E
:105ED400ECF0EDEBEAE7E8E8E8E7E6E5E5E7E5E638
:105EE400E5E3E6E6E5E6E4E5E8E6E5E6E8E8EAEB48
:105EF400EBEBE9EFEEEDECEDF0ECEEF2F2F3F5FAAC
:105F0400FAFDFBFF02FF03040706080F0E0B0D1238
:105F1400141114161413171E1913181F1F1A1B1DFE
:105F2400222220222524252A29272B2A33312F2DEA
:105F34002C352F2E2C2A332E2C292B2F252729279D
:105F4400221C1F1C1813100F0D0A0705FEF7FEFB79
:105F5400F3F0EDEBEDE9E4E2E2E1E0DEDAD8D7D507
:105F6400D5D2D1CDCDCFCECFCCD3CCCFD5D5D7DB19
:105F7400DEDAD9E3E6DFE4E6E5ECE9E7EDECE8EACE
:105F8400EEEBE9EEEDEFEFEEEEEFF0F0F3F6F0F717
:105F9400F5F6F6F3F8FA01FFFB01060403090B0D0D
:105FA4001007131B1318161C180E20191E1618168A
:105FB400151C151514170F0E120C09120B02060CE2
:105FC4000C0504020E121611080D20191314231ABD
:105FD400222120272625262122252D26151F23218F
:105FE4001D1D1A131518150D0903060900FCF9F2F5
:105FF400EFF4F5EDEBEBE4E1EAE3E4EAEAE6EDF1F4
:10600400ECE7EBF0F1F8EEEAF5FEFAF3F4F7F5F766
:10601400F2F1E9F9F7F1EBEDF8EFEBF7EBE9F1F178
:10602400F1E2EAEFEFE8E1ECE6ECECE0E3EEF0E5D8
:10603400EBF3EAE9EDE7F0ECEFEDECEDF0F7F2EC81
:10604400EBEEF6F0EDEDF1F3EDF4F7F3F6F4F8F52D
:10605400F6FFFCFCFB0304010805FF0907080E0812
:1060640009131614111110161D1001151C140D130B
:10607400180F161A1C151A15191B0D11120F0C0FD7
:106084000E080606FF0407FEFBFBF9F7F1F6FCF920
:10609400F4F4F901FEF1F80701FEFFFE0202010526
:1060A400050A04080D060B0F0E09130D0C13110C31
:1060B4000A10150E120F031113140C0B0F12180CE7
:1060C4000909121815090716191A130B151E1B179F
:1060D40017151D1C1C14101423171112141A131055
:1060E4000F0E1409080B040E09020606FEFF03FF37
:1060F400FDFEFCF7F9FDF7F800F6ECF9F9F7F6FA0E
:10610400F3F2FDF7F2F8F6EEFC04F0EAFFFAF2ED32
:10611400EFF2ECFBECE7E6E2EBEAE5D7D8D9DDDB1E
:10612400D5CECED8D6CBD6CDC9D1CFCBD1D7CBD463
:10613400DACBD2E2E0DFE2EEE8E8E8F1F5F5F7FBEE
:106144000905F50314060A151109141613121B1474
:10615400151B14171A0E141B140C1218150A0F0908
:1061640006150C0C050D130D07070A090D070B0284
:10617400FF090802FDFCFEFCFAFBF3F5F6FDF1FB5A
:10618400FEF4F3F5FAF7F9F5ED0100F5F9F6FF047D
:1061940000FDFEFCF90604FD05050B0901050D13C0
:1061A4000D0B120B0F17141111180F141C1D1617B9
:1061B4000D152218130B09151D13FF07100D0906E1
:1061C4000202000506FC01010303FE02FF040800AD
:1061D400FCFD060DFEFC0001090805020106030290
:1061E40005FEFF1204F5FA0503F9F9F8FD06F9EFC7
:1061F400FDF7F3F0F6F4F3F6F2F6F2F3F1F3FAF056
:10620400F3FCF7F3F9F5F1FAFEFAF3F5F7FBFBF813
:10621400F700FDF8FCFBFCFC0002F9F902FEF9FAB8
:10622400FCF3F8F8F4F6F7F1F0EFEBEFF7F1E9EE41
:10623400F2F5F3F6F2F102FDFBFD0001060AFD039F
:106244000A04140A0006100F01080E0A080C1004B0
:10625400010909090204090803030302FF040402F3
:10626400000506040A04000807FE060A05050707D8
:106274000C1207010F0C0A0F0C020A100E0F0C0867
:10628400060C120B050B0A100C070A0B0906080C66
:106294000001070604FC02FFF8FEFDFC00F7F3FC16
:1062A400FBF1F2FBFDFCF3EDF4F7FAF3F2F9F1F391
:1062B400F8F3ECF1F1F2F5F4F2F0EFF3F2F4FCEFB1
:1062C400F2F8FCFFF9F3FB010001FF0500FC0905EE
:1062D400010503060C08FB080D040E0B110A0E132E
:1062E400030C0F100F150D0B17180F0F120F130FB0
:1062F4000911160805131505070E0A0D0C070A08DF
:106304000103060F00FC040607070501070CFF0044
:1063140006020202FEF30405F7F7FAF0F900F3E5CA
:10632400EBF0ECF1F1E3DBF0E5DDF4E2D5E5EAE3F3
:10633400E6E8E5E1E4E6EAEDE7DBEFF8F2EDECF0C0
:10634400F2F9F6EDF8FDFDFAFDF8FD0A02FA00088F
:1063540002080C01020F0C0B030409110EFF0B0CB5
:106364000D0A0E02FF1212040A07030E0B03020B9E
:106374000A0C120BFA060B090602FEFD0804F2FDD4
:10638400FEF6F7F5FAEEF1F3ECF2EFECEFEEE6EBF6
:10639400F7F2E3EEF8F1FAF8F2F6FEFDF1FE01FC95
:1063A4000A0C020010110A0B0F16110F080F1E170A
:1063B4001718111721211C141B1F221C1D1F1F201D
:1063C4001B221718251A1514241F0C131C15121A36
:1063D40013011406091102FF050DF9FD06FEF8F775
:1063E400F8F6F0F8F6F6F5EDF8F6F1EAEFF1F1F378
:1063F400F3EAEAF2F5EDF0ECDFF7F8F3EBECF5F2A3
:10640400F8EFEEF2F3F6F1F8F3F0FDF4F0F3F3F550
:10641400F4F4F5F9F6F2FBFAEFEFF900F8F3FDF90D
:10642400F9F9FFF7F9FCF205F9F1FAFDF6EDFAFFD7
:10643400EDF401F5F0F800F8F1F5F700FBF4F904D8
:1064440002F5FC0400FDFD0402080D050B0B0F0C06
:106454000E160D0F0F0F0F0E10111011120E081340
:106464000C08111007FF120D08090307080D05F9A0
:1064740000050809FFF8FD0B08FE00FE01040201F7
:10648400FE0A03020903FE070605FE00000207FADE
:106494000002030201FBFB03FF0208FDFFFE0401EF
:1064A400FE03FA01FCFD05FD0702F9FCFFFFF901FB
:1064B400FB0103FB01FFFD03FF05FCF80307FCF1EF
:1064C4000403F801FBF6F9FF01F7FBFEFCFBF8FE01
:1064D400FCFEFEFC04FAFCFCFE05FFFEFBFD0102D3
:1064E40005F7F9010000FBFCFAFF02F8F8FBFEFADD
:1064F400F7FCFDF8FAF8FDF8FAF9F4FDFCFAFAF9FC
:10650400FEFD02FCF7FF0202FBFFFF0006FFFEFF99
:10651400060401060905030408070A0B0004080A17
:106524000A060B0B090A09080B0E070A0B070D05CF
:106534000505040A0907FCFFFFFE02FF01FFF8FC42
:10654400FEFEFCFAFDF6FF00FDFBF900FB01FBF883
:10655400FDFD01FAFD01FEFBFEFFFA0004F9F6FA67
:1065640002FDF904F8FBFDF8F8FC02F6F6FFFEFD67
:10657400F9FBFAFA02FCF9FF00FCFF0602FE020432
:1065840005070907060403100D080A03080B07068C
:106594000B0A060C0206070103FF0501FC0200FEBC
:1065A400FBFEFBFAFFF7F8FBF6FAF9FDF9F9FCF547
:1065B400F6FA03F8F3FFFCF9F6FF02F800FCFC031B
:1065C400040002030002020407FF04060106060297
:1065D400FF080A01010304050606FF00000506FF83
:1065E40004FEFD01FEF9FC02FCFFFDF7FFFCFCF9D3
:1065F400F8FDF7FCFCF9F9F9FDF8FCFBF7FDF9FBF4
:10660400FD0002FE06020103090800080906070549
:106614000A05090A060C0605080E05010A09040103
:10662400050A000705010705020501FCFEFEFF053A
:10663400F7F700FB00F9F5F4FD01F8F4F9FAFBFAB9
:10664400FDF6F5FEFCFDF800FCF9FEFDF6F903FF8E
:10665400FD00F9FE030502FF02040B060106010A10
:10666400090203030B0404040205020700010A04DF
:10667400FDFA0107FEFDFC0100FE00F3F900FBFD3D
:10668400F5F2F800FAEEFCFBFEFDF8FAF7FDFCFC6F
:10669400FFFB02F900030103FDFF010200FF0401F7
:1066A400040603040205FF010604050202030605AD
:1066B400050503040B090405090B0603040D0D006D
:1066C400FF070D07000003080702F9FD060602FF95
:1066D400FE020506FFFC0202040203010204010299
:1066E40003010101010403FFFD03020201FC000296
:1066F40003FDFE02FE0100FDFDFE04FCF9FCFFFDAE
:10670400F8FEFD0001FAFBFF03FCFE05000407048C
:10671400FE020D080103070B04040204070304FB33
:10672400FE00FF00FAFAF8FBFDF8F7F5F9FAF1F3C9
:10673400F3FAF6F4F4F3F5F1F0EEEFF1F1F1EFF131
:10674400F2F0F2F1F3F6F4F1F5FCF8F6FF00FCF8E0
:106754000003FB010601FD01080501FF030A05040E
:1067640003040506080302060707050605050702D4
:106774000101050300000003020000000101020101
:1067840000010102010100010300FF0202010001F6
:106794000201010101FF01020100010201010100E6
:1067A4000000000001010001FFFE01FF02FFFE08DE
:1067B400FAFE09EBF20F1407F5E0FA0AE50703EC19
:1067C4001412E5ED120C11F4EE1A11EC1712EBEBA6
:1067D4003309E707F80F01D6101BFB02F3FDFD0692
:1067E400FBFD0CFFFD08BA00FAF10BCA02DCB0167F
:1067F400F3CD0AFA9FD61403F1E90EC2F107EFEDC7
:1068040011E6EF0AD41B26E2C324051E1FCCE5348F
:10681400F0F513252ACD0403FD35060529E30E37CB
:106824000FE4064700F81719FCFB051BF0F61D03DF
:10683400EC04F7F51C12FF0D1D01D82112F42418E5
:10684400E8F31416F3FA14EDEB03F2FD1AE3C42390
:106854000FEBF608DCFEEBF804F4D8F40BEEEFF9DA
:10686400FCEA02D9F20FF3F92820DA0645FB014CC1
:106874000AFA221813171F271C2425FD1D293C2161
:10688400011C36FD1C1E13161A28F91416E4E5180B
:106894000BD2FAFFF5F10CD2E633D9BE060A03F7A0
:1068A400EC0AE6E921EFCD10ECE81103FFF2101336
:1068B400E21C32D8FB2A13FE14F6040EFF0DEB275C
:1068C400F5D60E0AFAEDF2FAE8DCFC05D8FE09E585
:1068D400F925FBDA2102E8F62507E6271E0AFF352B
:1068E4000CFE37010F363AF1FD4C2C1ED5213C0E1F
:1068F40025E0EB340BDBEE33F1CEF205DEEA08BE25
:10690400F3F6DFF6DC13FBC3F7D6E619EEABC707E5
:1069140011D4D00FEBEBF605E4E027B5F10B08F743
:10692400C60FFFF311E0F6E5FA0706EBF109FC12D6
:10693400FFBFEA2A2DFBDCF42DF4D8F63A1FDBF274
:106944000FF6082FF51E242E09FF322D06FF3C05F5
:10695400263E08FA2B381DF00F361BEC0B2B01E3F7
:106964000BFDDC0E0FE3F304E4E609D6D9E3F9D713
:10697400DBEDD2C9EFEECAE6D1D2F4F2D5FBF4F8DE
:10698400E7CD2411E9E8161912ED0C2A05090F1AAE
:10699400FC042800E3122231F8F81DFB1BE6EF2863
:1069A4000BF8F0150EDF0F260CE10835F400161075
:1069B4001605FD1F0EFC090E1C0401071820FFD349
:1069C40012240106F4F4FF1202EF01FAFA0203F0B2
:1069D4000BF5EE0DF5F0F0EBFA07F7EEF202ECFA38
:1069E400FDEDF6E1F0F9F1E1DA0516EBD9F2EF038A
:1069F40003EBEB020BFBF5F3F71614F8FC1106039B
:106A04000B12100F0501110CFB0412030D170000EB
:106A140006020F0C0204050306EBFE1308FF070031
:106A2400F91300E5F6140700F9EDFC0905F90D1753
:106A340003EFFE030115140501FAF81812FB010116
:106A44000D15F7EEF7F90103EAF40BE8DDFEEEFEAF
:106A5400F5F204E0E4F5EEFFFE04EED7FE1A05D2EB
:106A64000B1F01FAEE03FA0B0E1105FD0713FB0BC6
:106A740023081707FD140004081417020404F31C68
:106A84000EEF1C05EA0515ECEB070409F9E7FFF91D
:106A9400F40600FCF5F70AEEF004FBF6040DE9FC3D
:106AA400FCF612F8F40E02F704F6F409030103EFFE
:106AB400F1F7F01D05D5040CF6E7FA06F5FBFE0226
:106AC400FAF4F30104FD08FC010AFFFC011413FFAE
:106AD4000B07F714160207071A1BEB0B26020B030E
:106AE4000A051810F602060A1305E4042103F30547
:106AF400FA06FFDD0610E6EA0706D3EE0AFBE8EC29
:106B04000EE0C61F1AEFD407FB0901E808F1FB1ECB
:106B140000EAF40719E1F41DF1F10CF7F10DF2ECC0
:106B24000405F1F7F8EB15EDE511FF05EBF80902A3
:106B340002F804080900120A0E0D1D051008132D91
:106B4400F90626FC0D190B050F210B08011115E799
:106B54000A1A09F1F208F701F3FCEFFA14F0E3F56D
:106B6400F701F7FFF2ED0B0100E6000F0EF5F8F365
:106B740013F6F420EBF10706F6F7F71509E5F5F33C
:106B840008F9F51001E1EC0C00DF0D04E9F8F10857
:106B940006EAF4FFFFFC0BFDF0F80A19EBFD0CF616
:106BA4000FF9060E05F2030E0917FDF60E0E03117A
:106BB4000310040708FA1028FFF1110D1300030253
:106BC4001A050416E1041D03F40EFCE6F20100FBB1
:106BD40002F9FAE6F10702FEDE090BEE2101E212E8
:106BE4001B04F412F40A10F61D0FEFFD01FFFD0261
:106BF40013ECFB00F9F8F617E6EF03EEFE00E701ED
:106C0400F5E113E7F2F0F00C17DEED12DEF913F301
:106C14000305EC0CFFEC1913D408140C17EDFD1D3F
:106C24000DE80F09FBF4FE13F4F909FA05F4F00D6D
:106C340001E8F20EF3F823E8DCFF0F0D02F6F0058D
:106C440004F4FC0D04F8FE0606F5FB00FE13070829
:106C5400FBEA140C02F51A0FE4FA150DEE0F1207F5
:106C6400EC160BF8FF05130013F7F9F10822F9E30A
:106C74000F18EDF3F807160CDE040BE21D09E7010B
:106C8400FAFCF911F2E01F08ED02FFF40302090A0D
:106C94000102FB070D1C01F1001406F21A0004079F
:106CA40001090304FDFE0602FD09F3020E0CE8F6D9
:106CB40003FB070102F5FAFB01FA0312FCF10801D8
:106CC40008F9021902F7FA1009F1050E0600050B7E
:106CD400F3F61E0C0A14F20702FE0D0D020401F76E
:106CE400F908FA0FE6E222FDE7F8E6FD09F106E904
:106CF400EB07FEEEF2FD02FFE8FC07F10008EBFDF6
:106D040013FD01F8010500FB090BEF1C07E90BF962
:106D14000E0FF70EFEFE0D01F50618FDFD00F7142B
:106D2400E70225F7E8FFFC02FCF70A00F80801ED8A
:106D3400000A04F5020800F0F50AFEF3FEF6F8FE78
:106D4400FDFEF0F10205EAEA0AF4F9FEF303F6ECBB
:106D540000FAF401F9E4F3FD0003E8F305EAEFFDBA
:106D6400F2F901FBF8F1F707F9F0050CFA04FCF26B
:106D740010090B14FF0813FD0F1B0B080C0F1C0844
:106D84000A24160510160D1209121B11120A070FF8
:106D9400160F080A030C08FF120CF90B03000C036E
:106DA400FEFF040707F8F60B03F801EAFBFBF0000B
:106DB400E6EDFCF0EDEDE6F705E7DBF6ECF7FAF1CE
:106DC40000F9ED04F6EF0606EFFCF7FE13EDF01301
:106DD40004FBFAFAF9FA001901EB08FEFE07010BAD
:106DE4000CF90108080E040503081419F3F9140C2E
:106DF400160C00070A131808080B0A0816140608CC
:106E04000C1716F7062013030402030C1104FE0EDC
:106E1400FE09FFEFFC030BF2F806E6EDFBFFECF5D1
:106E2400FDEAF3ECE7FBF6E6FAF1F2E5F601EBE94D
:106E3400FCF9EDFAE7FD14F3ECFEE8FCF8F30DF9C8
:106E4400F1FFF8EF05F5F80DEBF306FEFAF303FD99
:106E540000EAF60BF303F4FA05EC0608E30419F868
:106E6400F00E0B000E1605F0111EFD0F04011F217C
:106E740007FE0B060C26010109081BFE0A04031277
:106E840006FB0A0BF30108E40218F0F9F504FEEA24
:106E94000203F6FD07FBF4F1FE0FFFF809F0E60428
:106EA4000C06F5F80505FEF5E9F60BFCFDFFE6EE2C
:106EB4000600FCFDF7F5FBF8FA0301FB020205FDF1
:106EC400F30D01F41108E50B0BF3FDFF050C04F2BF
:106ED4000B0B06FE0716F5032807F01925FCFC1218
:106EE40010170F100CF90D0BFE1C0C001204FD13EF
:106EF40001F91A07FF0BFEFCF4FE1B09F4FFF3F87B
:106F040012FDEE02FCFB05E2EB07F5F4FA08F8FBD0
:106F1400FBF4F2FB1A10F7F5FC1313F9FF0A0B0D3F
:106F240008FFFCFE0D14EDF310F5F802EDF80CF972
:106F3400F9F8E8FD07F3FA0804FAF5FE01000B037B
:106F4400020AFAFB0C08FCFE0AF7FB0F08ECFC151E
:106F540009F4F2F5FE08FBF9FDF9F2FB01F2F70181
:106F6400F3F1F7FCF1F0EFEE00F9F9EAEF0106F5C1
:106F7400EFFEFDF903FAF20A05FDF9FB0B0D01FC26
:106F8400EF0312FC0708F7FF0203FE0009050202E3
:106F940002FE00FF04170FEBFD0DFDFE060C0B02B5
:106FA400FE06F9FA01040E08F304FCF8020D11FAC6
:106FB40001FEFF000307050208FCFBFB070B0003AF
:106FC400FF04FCF80609FCFA04FC0914FCFDF300B8
:106FD4001C10FAECFB0A0810FDEAFB0911F1FBFF97
:106FE400F507FBFDFFED0609F5F1FB0C0A03F204BE
:106FF40007FF040C0102040D01FD00FF1200FBFB5E
:107004000905FA06FBFE0BFDFC03FD00000806F96A
:107014000207FFFC0103050A04FE070805FD070833
:1070240004070A03FF0E060607060D02FC090A01FF
:107034000A0E03F8000B05F7FE04FDFDF3F9FAF957
:10704400FBFDF4E4FDFEF2F0F602F8F7F7EFF406C8
:1070540006ECF6FFF30401F4F6FDFC0105F4F50774
:1070640000F70100FAF40702F2FC01FEF7FA02004D
:10707400FBFCFA030301FF06FEF80B09FBFD0C06FB
:107084000308060A03010D090004110EFDFF0C0C90
:107094000003050101F90101FD0004FDEE0104F8FE
:1070A400F6FC06FDF8FBF5F80A0AEFF600F805060B
:1070B400FAFCFDFB0709F5F50805F90406FBEF0AE0
:1070C40009F4FF00FDFBFA0500F5FCFB04FFFE03D9
:1070D40005F5F01407F1FE08020007020207040A8E
:1070E40006FFFC0D1A06F7000B0607020406FE0D48
:1070F40000F903040300FF09FBF30707FCF806FD8E
:10710400F8000801F10207FEFE000708F4FC11076D
:1071140000060201040706FE030BFEFB020200FA4E
:10712400FC000AF6F102F9F7F90DF3ECFE02FFF1A7
:10713400F7EC010EFAF1F5F7FB020AFFEB0501FC8F
:1071440002FDF8070BFC040AF2FE0C00060807FE19
:10715400FE06FCFD1A0BEF000AFA010BFE00FF17F6
:1071640006EDFD040C04030809FCFF0D01FD140CDD
:10717400F5FE120BFFFFF803090803FD01F5FD08F6
:10718400F9F50910FAE4F30608FEF7FAF6FFFB0135
:10719400F3EA080DF6F1FEFBECF805FC0502EFEE50
:1071A400F8000605F4F30703FBFCFEFAFA1511EFE9
:1071B400EFFF081203F4FD02090602F5F9071210A5
:1071C400FB0606FB020C08FF1814F6F7090908076A
:1071D40005090801FBFD00FD0F0FF602FDFA01028F
:1071E400F7010EFEF3FA01FCFA0603F5F9F9F9FBCF
:1071F400FDFFF7FCFCF7F8FDFFF5FDFBFA00F6FADE
:10720400FEF9FE08FDF70107FEF900010300FCFB8F
:10721400FF0605FDFBFB050C05F900070201080349
:1072240000090A00FF03FF0605030604FDFF04042A
:1072340003000002000303FFFF01010001FE00033D
:10724400FFFD01010000FFFF00000000000000003E
:1072540000FFFE0100FDFD00FF02FBF80107060A26
:10726400090514181410FBF50505FEF904060A05B2
:1072740002F9E4E4F4F6E9D7C9DFFAF8F1F1FCF92C
:10728400ECF3020D09FBF7FB120B04FA121D150FA8
:10729400F7FE07070810120D1A1A182B24150A03F3
:1072A400FF0003F8F9FAF0E8F308F9EDF3F8F6F95A
:1072B400F0F4ECDCF509E5CAF306010802F7020E66
:1072C4000AFE161A0A192515141E251F010B0E098C
:1072D40001F2F1EF150EE7D01426EED2EBFD06FD18
:1072E400D5ED0C1F261D021A37302A01D2E9F90008
:1072F400F4FE070D1104F9DED7E7F5E2C4AEC1F5DB
:1073040000F7F2EFFAE2E8070C09F9F5F21B251091
:107314000A1932211E07010C0F070F100F1B242A14
:107324002E27251E1D140A00FBFBF8EAE3E6E7EB13
:10733400E4D8D2DFEFFCF5E3D1C7BFC4D3E3E9EA75
:10734400F8ECDEE1EFFBEFFC150A001D2F261C15FF
:1073540012272717192525332C0512262C292A2410
:107364000E05FCFA02FC07FCDBC3C2C2EA0DDDE831
:10737400FB00FCF8FF01010105F8DBD4DDE6EAECD3
:10738400E70A0305081A292C21FACACBD7E6F3EF3A
:10739400FB030713202527201A1614FCF7140D19D4
:1073A4001A0B2517FF1103070FECD9E1F204F4F1CE
:1073B400151D1D1902FBFD07FAC2CCE9F0F41925CD
:1073C400284036FFC7CBE0E1ACA7FD2512DBBAC2EB
:1073D400FA050D17191B10F6EDF515291D06010800
:1073E400E9D1CEE515252D25303318DAF8282A22DF
:1073F4001B1F08FDF8F80A130F0DFD1E27311AFB99
:10740400E8E4CAA9D7FF17190FE8E3E5D4FA01F6AF
:10741400F5EBD5C4E91801F3DEE0EEFB0CE4F6135A
:1074240031410B2B4721210BDAD61213FDF3D4C9BA
:10743400E1FDFB09112733433D0D192E2F3421FFA4
:1074440003050AE6C0C5DCF6F5F4E3F70A0EF1C954
:10745400C2DEF0FCD6E2060BF0FBFCE1ED042317E0
:107464000E0AFF09FCE0D6F60EE6FC01F305FEE782
:10747400092B172C251624010C140903131F1413AC
:1074840011E1EB14242B200D010F0BFCFEEFCEE5D4
:10749400FFF6E1D9EDE6F40CFFFC0D1B0FF3EBE274
:1074A400DBEEEEF813FB03DBD9EEDFE7EF00231F7F
:1074B4003125FE12FBF2F0F70F041B0FE705F7EE80
:1074C400061E1B1E272B160BFAFAF4E40700FCE138
:1074D400F00203121A1F1410F8DEFEF5F9070A155C
:1074E4001C1FF0D2EEDED0D8FAFEF30A03F6F1D96F
:1074F400D9E8D0FF1200F316F5FE220E282B1C0744
:10750400FC06271C0800E9DEEDEDD5EC08FCE616C8
:107514003D00FA2E0DD8132E14E4101A13FCF6EFC6
:10752400CDFEF400FF04041C24172205F3DBF11D37
:1075340001EAE70A01FB0ADDDB1010F5F624130566
:10754400E6FC0EEDE3BDC50013EBF1EBE604140A13
:1075540008E1F7143739F5FDFC0319DA07141B0C9D
:10756400F4143504FE261D04F112E7CBEC2007F7D2
:10757400FA0100ECFA130A01FB1C2717FBEC0908BB
:10758400F4BBDA0AF5DEDF111501F7F4FDEEDA18C3
:107594002C0011F705F1C6E60C00EF0F252C330182
:1075A400F210190F09FD04FD0DE0D6F4E8F50A1EEA
:1075B4001E0FF706FE01060D0C1802F0010806FC6A
:1075C400EFDDE801F1F0E8F71711090A09EEF41A02
:1075D4001FFADBDCF9EEE7FEEB042723FEE20B1ACD
:1075E4001805001CFEE1EC0301EFE1F4F3FE1609BB
:1075F4001A190CF9F308000310FB1514FBEEF0FF45
:1076040002EBF5040B1106020AFDEF01F9E4EB1895
:10761400FBFF12FF00EBFB13FE0D14170A01FF061C
:10762400FBE40A01E2E50AF4F601F207FB07100C99
:107634001F130D15030913F1DAFBF6E8FB04FDF83B
:10764400EAF800FB160DF70509FF09DFF419FAEE55
:10765400F5F5F0011515FEF8180AFC100CF5FB10F1
:1076640004F4E9FFFAFE02FBF6FA0E110411130CFE
:10767400F9EC0803F8FC08EEEE100E07FE09F4FD21
:10768400021411F7F801EFE3E3F710F40508030E11
:10769400FEE5080C130AFA041609ECF41301D6DD0E
:1076A400FB06080FFEF91B040F0DDFFF17FC0AFB96
:1076B4000913FDFBE4ED03FFF6090A03FF190EF8B5
:1076C400010EFFE4FAFEF0F2190AF81116F3E110C4
:1076D4001612F0F00D03F1F5FBE6F70809EEFD01D3
:1076E400030D1212E7EF0715F4DD010901FB07F49E
:1076F400F11C110C04F7FD1423180B00F5FEECF338
:10770400FBF2E6FF0F0003F00008F201F71515186D
:1077140014E1EEF3E60DF6FD140DFBE409F5FE1796
:1077240009E5DF060D1AF2E9021308DDF50F0C0373
:10773400FF080B051A05011502F101FCF1FFDA043B
:10774400231AFCE71605FB070E0C0D000107FCF8D5
:10775400ECFFEED9FF020101F3020611F9EE030674
:107764001CF4F5060701E9FA03FF05F8F108060918
:1077740007EF03FCFC0C04FBF3F8F90703F900F72B
:1077840000001311F2061A10F5EF030300FE0809B6
:1077940000FDFAF7F60710FFFF100A04F6F40001E3
:1077A40001FAF708FFF9FF0300F6FEFF0006F900EF
:1077B4000203010AF9F2FE040CF8FB05FC010403C0
:1077C40003FFFE0304FF0505FFFFFD0200FFFFF9B1
:1077D400FD0701FDF9FB080703F6F20B0DFBF009A9
:1077E4000E01041005F9FEF8FBFDFC0301FD000782
:1077F400FFF2050608F6FCFFF80B02F7F8FDFE029F
:10780400F9F2FB070802EBF10B1807E6F90B070185
:10781400FEFAFE0A030405FAF5060D020001060C41
:107824000803030405FCFBF90104000904FA060A31
:107834000805FBFF0400F7F9000402F7F903070247
:10784400ECFB06F9F700F7FE0BFAF50104FCF0F681
:1078540006FEEEF8060000020004FEFD0006090C18
:107864000DF2FB1207FC04020906FE0501020306E1
:107874000C07FCFEFAFF06120FF0F20108FFEB0200
:1078840004FD00FBF20600F806FEFB03FFFFF6F31F
:107894000208F9F4F8020E04E9F2030C14FF0101E2
:1078A400F90006FBF40508000807F7FDFFFF11FDCA
:1078B400F30902FAF6081602FB00F909FF000C01AD
:1078C400FD0409FE0202FF0A00FF01FD02FFF5EDBF
:1078D4000913F9F4020905F6FB0304F4F90601F5AA
:1078E400F5FDF800FCF00107EDF70DFC0005F904C7
:1078F4000704040A0C09030008020101FF060D0332
:1079040001F7031510F9F5FEFFFB050AFEFE080159
:10791400F3F9FEF80103FCF7F7010B05F0F6010398
:10792400F8EE060905FAED03F8F60A03F5F606067D
:10793400FD0306FF0608FDF50303010702F8010134
:10794400FF030D0A02020203010D06FCFE010C08EE
:10795400FEFE07090101F8F70607FEFC0403FEF921
:10796400FD03F8FCFC0103F6F3FD0700FEF7F50048
:1079740004FCFCFDFEFEFEF7F90707FDFAF9030619
:10798400FCF6FC0802F5FC02FFFE0608FCF4FE050A
:10799400FF0805FC000B0AF8F8030D14FCF80E0DA3
:1079A400FBFE06FEFE000706FA030A08F7FA140AAD
:1079B40001FFFAF80206FAFAFA01FEF6FBF6FF09ED
:1079C40000F3F6FEFCFB0A050604F4F6081100F9C0
:1079D400FEFC0003FEFA00030104FC0002FE06069E
:1079E40004F3F407000303FE0303FAFF0602FE0197
:1079F400FEFC080DFBF5030909F4EF020E0BF7FF7B
:107A0400FDEDFC0508F8FD070601FCF7F6030D057E
:107A1400FBF9F8030500FC0302FEFEFAFD080A0464
:107A2400FA050A0D07F3FF1A10FEFCFD041204F018
:107A3400FF08000805F5F7F8FE03F9F90507FCF659
:107A440002F8FB070BFDF8FB0700E8FB06FBEFF76A
:107A54000207FCFFFB00FDF80C07F4021001FC0B0D
:107A640003FC04FE0003FEFC01FF000700F5FFFC1D
:107A7400FD091008F4FD0803FAFF0A02020702FCDC
:107A8400FD01060B05FBF60108000605FDFFFFFFDF
:107A9400FF04010100FCFFFAF90309FCF80100FFEF
:107AA400FE05FBEDFF09FEFDFAFD0303F8F5FF06F5
:107AB40004FB0C09F9F8FD0304FE00FFFDFA020AB9
:107AC400FEFF01FEFE000302FC010406FEFCFD03B2
:107AD40004FF03010104FEFDFEFEFD0306FAFD089A
:107AE40005FAFA01FCF9090600FBFFFF0204F8019C
:107AF400030100FFFCFC040B00FAFE0102FF010578
:107B04000705FCFCFD01060609FEFCFD00FEFB0466
:107B140002FEFEFD01FFFDFAFF06FFFDFF0704FB69
:107B2400FC0101FB0000FA01FF04F9F6080A03FF57
:107B3400F8F903050102070603FDFAFC020909012D
:107B440000FDF7FCFF0008FEF40201FCFF0401FB4A
:107B5400FC0205FCFE02FA07090100FD05FF000214
:107B6400FB03FEFF000304FEFEFE010800FB020708
:107B7400030000FE0A0DFAF6FF000000FAFA05FF02
:107B8400F7FAFC0000FFFFFEFDFC01040602FF09FA
:107B9400FDF8010402020700F800FF00060802FADB
:107BA40003000102FF070A01FCFFFFFF0505FEFFBA
:107BB40003FDFAFBFB0002F8F9FCFBFF00FEFAFBF5
:107BC400020500FB0502FE060202000104FF04FE9A
:107BD400FDFFFF03000200FEFFFD0406FCFE050599
:107BE400FF01FD021006F4F800010100F90105FA95
:107BF400FAFCFFFFFDFE01FDFAFE040404F9050989
:107C0400F5FC0403000A08F5F60300010506F70174
:107C14000AFDFFFCFF0908FBFC04050205FBFC044C
:107C240005FFFCFAFC00FFFDFBFAFD0201F8FB0472
:107C340006FFF6FD0701FBFD01050000FF0206003B
:107C4400F9F90A06FCFCFF0503FF05FCFA050B0124
:107C54000107FC030901F6F803060701F8F7FD051F
:107C64000203FAFB0204FBF90102010100FFFFFF1A
:107C740003FFFF02030201FBFC0805FBFC000504F3
:107C84000101020802F800050504FCFDFD0200FCE8
:107C9400FF0101FDFCFBFFFF0103FE01FCFB0302EE
:107CA40001FBFE0402FFFF01020201FDF9000905C8
:107CB400FAFD030206FEF8010604FFFFFFFE0100C1
:107CC4000100FFFE0000FFFFFFFF000001FF0100B5
:107CD400FE000103FFFFFF0001000100000100009E
:107CE400010000000000000100FF0000010000008E
:107CF4000000000000000000000000000000000080
:107D0400FFFF00000000FF00000001FE0001010170
:107D1400FEFF0102010000FF0200FE0203FEFD035C
:107D240000FEFF0000FD0100000101010103070244
:107D3400FF030808050303020907050705070606EC
:107D440000FFFFFEFBF6F6FBF3F4F5F1F4F5F1FAB0
:107D5400F0F7F7EB050605F6F2000004F30B06F85E
:107D64000C0A0C0A0115170B051917FE1515150F2A
:107D7400FB040A09FC0001F1FFFCEEF7F4F100F446
:107D8400EBECEBF8F6EDE1F2F4EBEFECE8F1E7EE17
:107D9400F0E4F3F5FBFAF4FD040B00040B0F1A07EF
:107DA4000E221B101822121B1A1A1313231E191D3C
:107DB4001A15141C220E0817190DFF0103FC0701E4
:107DC40000FCF8F8F3F2EBEAE6E3D7D9DFDAD6D22F
:107DD400DEDCD9DAD7E7E8E8E4EAF2F2FBF8F7FD0B
:107DE40003020506030C0F0D0A0E0D0801F9FDFD33
:107DF400F8F6F1EFF2EFF3F8FD0004090D17222570
:107E04002A2E363B3E42464A4B4F504E4A47444345
:107E14003E3D393430292019130600F7EEE9E9DF35
:107E2400D3C8C2BEB9ADA6A1A4A5A4A09D9D9C9C87
:107E34009E9F9EA0A1A7AAB2B2B6BBC1C9CED4DAF6
:107E4400DFE7F2F8010C141E282F3843494D4F5632
:107E5400555B5D5F6161605F615C58534F4C4643A5
:107E64003C362F28231C18120C03FEFAF7F3E9E81A
:107E7400E7E4E6E8E2E4EAECEFF4F6F6F8F8FAFB15
:107E8400FCFAF8F7F9F6F2F2F0EFEFF1EBEDF1EBC3
:107E9400EEF5F0F3F7FAF9FDFDFCFEFFFF02FFFD3E
:107EA400FD0301FF000002020302000407050709A5
:107EB4000F100D0F1113130F0B0E0C0A09050302FB
:107EC4000100F9F8F7F2F4F3F1EEEEEFEFEDEBEB7E
:107ED400E9E9E9E8E7E6E6E7E6E6E5E4E5E6E6E635
:107EE400E6E5E6E8E6E7E7E8EBE9EBEBE9EDEEEEFD
:107EF400EDEEEFEDEDF0F0F1F3F6F7FBFAFBFFFE3C
:107F040001010505050A0B0B0A0D111012131110BE
:107F1400141B1711161B1C19191A1E1F1F202320AE
:107F2400212826252726302F2D2B2B352E2D2D29A4
:107F3400322E2C292B3026282A292520211F1C18D3
:107F44001413100E0C0904FC0200F9F5F2EFF0ED25
:107F5400E9E6E5E4E3E2DEDCDBD9D8D6D4D0CFD25F
:107F6400D0D0CBD3CCCDD4D3D5D9DCD8D7E0E5DEB3
:107F7400E2E4E3EAE9E6ECECE8EAEEECE8EEEDEE66
:107F8400EFEEEDEFEFEFF1F5EFF5F6F5F4F2F7F9CB
:107F9400FCFAF8FF03040102060D0D060C18101775
:107FA40015171A141C1A18171A201811171918164D
:107FB40015110D0F12110A07040A0E07070704060C
:107FC4000F130F121511121C161920201D26292417
:107FD4001F2427272C1F1A2429221A1B1C1A1C169B
:107FE400130A181109000107FBF700F1F0F4F3F08C
:107FF400DFE8EBEBE4DFECE7F0EFE4E8F2F2E7EEE6
:10800400F6EDF0F4F0FAF6F8F4F4F1F3F7F2EFEB3E
:10801400F1F8F3F0EFF6F0E6F3F7EEEDE9F1EBEB60
:10802400ECE8E9E2ECE6E3EBEFE4DFE7EEFAE5DBCC
:10803400EDEDF3E6EAE8EAFAF6ECEBF1F5F2EEEA56
:10804400F1FAF0F0F1F6F7F5FBECF603F6F9F8FACD
:10805400FF05050001FF020C0EFDFC1917100B179C
:10806400150E15181511150F1A150F161716181CBD
:108074001A1617141117170E0E0D0C08030A0B0508
:10808400FFFE0204FAEEFA01F8F7F6F7FBFAFBFE3C
:10809400FF01FB0201FE02050001090106090704B4
:1080A400050D0E09110604121111080C0D15140901
:1080B400090B151812060B1717170B081317110FB6
:1080C4000D0F1615140D0D17211213121A1A15156A
:1080D40014171A0E1613131B141116120C10110C6C
:1080E4000C0D0905090903070AFAF802FEFCFBFC5A
:1080F400F2F7FDF4F2F8F0EE00FEE9F101F7F4F026
:10810400F8F6FA04F3F7F2F7FDFEF6EDF1F2F6F104
:10811400EBE5E7EFE4DFE5D7D8DBD6D1D9D6CCD78A
:10812400D2C3CFD6D1CDD2D8CFCFCFD9D9DADAE313
:10813400EDE1D8EEF3E7F1FAF1F1FEFEFC00070001
:10814400090B070F0E071417100F181D18121A0F1A
:10815400171E15150E1A18110B0F0D0F0F0B0F0309
:1081640008100D0806060A06090600020605FC08A2
:1081740000F9F8FBFDFAFCF3F407FBF7F7F5FEFD55
:10818400F8F6F7F2F400F7F7FCFB02F9F4F901034F
:10819400FBFE02FB060908040A0C060F1614101055
:1081A40008181E15130C111E241408161B1714117D
:1081B4000E0F0D140E080D090D060506020908FF21
:1081C400FE000C0BFC0001040A0603FF0003FF0081
:1081D40002F90511FDF7000A04FE00FF070DFBFD7F
:1081E4000800FEFD04FE0100FEFFF9FAF5F9F9EFBF
:1081F400F6F9F1F1F5EDEEF7F8F1EDF0F3F7F5F24C
:10820400F5FDF5F5F8F8F9F9FFFEF5FC02FDFBFFC5
:10821400FEF900FEFD00FFFAFAF7F5FAFFF4EFF3BA
:10822400F5F4F0F2E8EEF8EFEFEFF1F1F8F7ECF92E
:10823400F9FB09F9F8000A03FB060805050B0CFF16
:1082440004090B0804090D0B08080A07060C0907A2
:10825400060B07080A01020902FE070701020302CE
:108264000909FBFD0802050902FE090C0C0C0906AC
:10827400070F1208080D0D120B0A0D0D0A080D0D3B
:1082840002090C0D08040B040209050709FE000885
:1082940002F9FF060502F7F6FCFEFEF5FAFBF4FA16
:1082A400FBF3F0F6F4F6F7F5F2F1EFF3EFF6F6EA96
:1082B400F0F3F8F7EFEDF7F8F8F7F7FCF3F702F956
:1082C400FBFDFD0106FDF50700FE050207FD0903A0
:1082D400FB0508080B0F050A15110A0E0F0E140DE5
:1082E4000E1817090F1B15060E0F0D0F0C080D089D
:1082F40005080F1201050B0B0A0A05030B0AFD05FD
:108304000706060900FE1009FE0400FB0808F9F13F
:10831400FCFCFB01FDEDF000EDF400E7E6F3F1EB0E
:10832400EEEDE8E6E7E8EBEBDFDAEFEEE8E2E2E5D4
:10833400E7ECE4E1EDEFEEECEFE9F6FCF3EEF9FB4C
:10834400F80200F600080504FC02061004FF0A0AFD
:108354000A090AFB03130B010B02070F0A01060C9F
:108364000A0E1205FC0C0D0D0908050A1409FF0E6E
:108374000805030505FB02FDFAFEF9F8FAF5EDF729
:10838400FCF0E5F4F2EEF5EEE9EEF5EDE7F6F0F1EA
:10839400FEF9EEF2FFFAF6F7FF03FEFEF809100A03
:1083A4000C09051014150D0B14191A161A1B1D1D92
:1083B4001C221421251C171D2B1E111D20191A23E4
:1083C4001410200F1E1B11101B180713160D0A0979
:1083D4000A04030A0306FDFB02FBF5EFF5F4F5F6C8
:1083E400F3EAEEF5F4EDF2E5E3FAF3EFE6EEF0F09E
:1083F400F2E9ECEEF0F0EEF5EBF1F9EEEFF0F1F37B
:10840400F2F2F4F7F2F2FAF4EAEFF8FCF1F3FAF527
:10841400F6F8FCF3FBF5F706F5F70001F7F50500B0
:10842400F10003F4F5FD01F5F3F5FAFFF6F1F901B6
:10843400F9EFFBFEF9F7F9FDF90300F8FFFF01FA84
:108444000705FB05070909040A0F11100E0C091290
:108454000D11120E0C0E160E0E0D0C0D0E1009023F
:108464000A0D0E0D0601070E07030401040303FEA3
:10847400FF08FD0105FCFD050303FC02000905FEE0
:108484000606070603FD0005000706FD00FF06FFBC
:108494000201FC03FB03020009FDFBFD01FDFD01DC
:1084A400FC0500FD02FCFE00FE03F7FB0406F8F8E1
:1084B4000B00FE05FBFAFE0400F8FEFDFCF9F8FDD6
:1084C400F8FCF8FCFDF5F9F7FD00FAFAF8FDFF03F6
:1084D40001F5FD020100FCFEFD0401FAFCFFFFFAB8
:1084E400FA00FDFBFBFCFEF9FEF8F8FFFBFBF8FAD3
:1084F400FCFC00F5F6FDFFFDF8FDFA0002FBFBFDB8
:1085040002FDFD0201FDFDFF03010703FC03060953
:1085140005050A07070706060A0A040B08090D05DC
:108524000906090E0E09020706080A070A050005CE
:1085340004040001FFFB050000FAFCFEFC01F7FA4D
:10854400FCFEFEF8FDFFFBF9FEFBFA0201F7F7FE65
:1085540004FB0004F800FEFBFB0302F7FC0100FE31
:10856400FAFCF9FD01F8F9FDFBF8FD00FAF8FBFC53
:10857400FDFFFFFDFDF9FF0A030303FF07070506DF
:108584000C080A0C030C090707070D06060B08065E
:108594000407010405FD0200FD00FF02FAFEFBF6DC
:1085A400F7FE02F3F6FEFAF7F501FAF6FCF5F9FD2B
:1085B400FCF9FCFBF9FCFC0000FA0300FF0301FDDD
:1085C400FE0804FE00020405070500020209050373
:1085D4000600040703FF06080207FFFE04FF00FB72
:1085E400FFFEFB00FDFBFAFCFDF9FEF9F9FCF7FACE
:1085F400F9FEFAFAFFF8F9FB00FAF90200000001AB
:108604000500070304070203080B01040D08060311
:108614000A0A030C05060B07060903020505090BE4
:10862400FC05070406FEFBFB0403F8F7FCFCFCFB5B
:10863400FDF3F8FBFBF8F6FEF6F8FDFAF3FC03FD98
:10864400FDFCF6FEFF00F9F8FAFF03FAFAFEFB065A
:10865400FFFEFF04080105040605060902080E05CD
:1086640001000A0C02020309020302F802050102D6
:10867400F8FA0108F8F401FCFFF8F6F8F6FBF6FB4B
:10868400FBF9FCF3FEFBFDFDF8F8FBFFFBFAFEFE35
:108694000300FFFF0001FC020301030301020505BF
:1086A4000704FD040A0500030A080201060E070078
:1086B400060A0B080602060B0C04FE050B0903FF51
:1086C40002060607FFFDFF03040300FC0404FE008A
:1086D4000202FFFE020601FD0206010403FF00017F
:1086E40005010302010503FEFE0708FE010405FD62
:1086F400FF05FF02010000FDFFFB01FFFC0201FC7E
:10870400F90004FCFF010202FE050302020607FE53
:1087140002040803FC020201FEFF00F9FD01FDF75B
:10872400F5FFFAF9F9FAF9F3F6F4F5F5F6F5F2F4DA
:10873400F3F4F4EEF0F1F1EFEFF2EEF2F4F3F3F21E
:10874400F5F2F6F7F7FBFCFDFCFF02010401000360
:1087540001050303080305040502FF0706050503D5
:1087640006000302FF030508FFFD01040401FFFFE7
:10877400030703FF000203020202010202000101D7
:1087840002030304000205020101020201FFFF00CB
:108794000000FFFF000000000000010101010101D1
:1087A4000101010000000000000000FFFFFFFFFEC8
:1087B400FCF70100FB03FAF700FD04FEFC0CF7FFD5
:1087C4000CE4F0151A09F2D9FC0CE00B04EB1913B4
:1087D400E2ED150D12F2EC1D11EB1A11E8ED37065E
:1087E400E708F81100D4131CFB02F3FEFF06FBFF9D
:1087F4000C000208BA05F9F50ACE05DAB719F2D168
:108804000DF8A4DB1405F1EB10C6F609EEEE14E73F
:10881400F10BD81F24DFCC2406201CD0EA31F3F658
:10882400122429D205020132020827E30E330EE393
:108834000841FCFA1714FDFD0415F1FB1802F204BB
:10884400F6F91C10010E1E01E02113FB250FEFFDAC
:108854001315F6FF12F0EC0CEF0015E9D01F04F12C
:10886400F405E0FAEFF500F7DBF0FEF5F3F2FDF0C6
:10887400F2E4F508F4FD2422D61335F2114809FC7C
:108884001D1E0E16251A20221E060F283D14FD2635
:1088940022F625180E0D1613041300E3F30AFDDD6A
:1088A400F402F3F208C3F933C7D70A060AEC010845
:1088B400DD0320DFDF14F0FA0701FFFB1709E82CC2
:1088C40009DD121D03F90EF20EF509F6F313E6E8BD
:1088D400FF04FDDBFAF1D3F901F0D712F7E716250F
:1088E400DCFC1CF803012701FC192F000C46F90CD1
:1088F40030F3223E2CDD17401C00E3361D0F05D358
:108904000D21FCD5FA28CBE4FEEED900E9CBFEEB31
:10891400F4EAE81FE4DEF1DE0704E6B8E121FBBF78
:10892400F50BE9FDFDFEC31305B118FA07E0CE11FE
:10893400FB00F4E8EFD50B0902E3FBFDFE1BE2C9E3
:10894400182718F1E11726E5EB113C00EB0B08F1B1
:10895400281DF827272FED123028F3132406312180
:10896400F70B2A220BEF2028FBEC210EEEF612E186
:10897400E61901E10401E5FCEFDBF3EBF7D6F0EDDA
:10898400CCDD08DBD7E5D5EFF1E4ECFEEAFBD5F569
:108994001CF4E9F51C0A03F6130B0D0A1706ED186F
:1089A4001AE6FD1D2B17DE200E0318DF111BFB0238
:1089B400021FF6EA2618F2F72A16EB07121609FE2A
:1089C4000A1AF5FC100E070300051B09EBE91A0C43
:1089D40009FEEFF50C10F7FB010002FD00030CF09B
:1089E4000409F3F4F6F90804F1F2FEF8EC08F6F2DF
:1089F400E8E1F5F5F5DAE80DFDD8EDEFF207F3E07F
:108A0400F50702FBFAEB081901FB100904060A1525
:108A14001810FF0D0C0109120A090D050BFDFD15B7
:108A24000BFD0404FA14F1E40914000202EA030839
:108A3400F7F10F0CFBEFF6FC061503FE0D02F5171C
:108A44000FF80B09111700F40C0C070BFE0A19EDB3
:108A5400EE03F608F5FAF9E3F0EAF2F9FAFCE0E2DB
:108A6400F708ECCC1203FAE9E9FBFB09FB1003F964
:108A74000505F30E130514F6051003060D1F110565
:108A84000D010220F90220FAF6150EE8030E091270
:108A9400F5F409F9F90600FBF30002EBFB02FEF81A
:108AA4000D00ED06EF010CEDFC0BFAF900EF010BE4
:108AB400010504F1FCF40120EBE50F03F0EA05FDE8
:108AC400FAFDFC02F6F1F103F9FDFEF600FEF5F7FE
:108AD400000F00FB08F6FB1506FF04071D03EC1D41
:108AE400130309040B0A1DFFFE090B1016F8F119F4
:108AF4001AFA01060011F5F01E06F0FF19F8E40A4F
:108B04000CFAEF010CC8F12304D8E403F10AE7F3EB
:108B1400FEE90911ECECF51200DC100FEB040AF38A
:108B2400030BECFE0901F303EF010EDEFE08FDFB6F
:108B3400E602FD00F5F6FD02F7FC02FDFE0505F771
:108B440007F91C11EE1A11FC19120A061B19070960
:108B5400061F03F6221A0DF6100C0A090307F9146E
:108B640011ECF4FB0001F900E7FD02FEEEE7030857
:108B7400FCEFF2FA0FE5120BE7010B01F8FA041C03
:108B8400F6F0F7FE09F30511F3E6FE11EEF217F322
:108B9400F3F7F80EF5ECF8FEF8FF04F0EFF70F0129
:108BA400E30AF7FF03F50A06FAF00A030E08F1FBDD
:108BB4000EFF0606030CFE0AFEFE1C19ED010E0F45
:108BC4000BFF040B19FA17FEEB1B18FF0817F9F833
:108BD400051005090601FAEA040605EEE913EEFAA2
:108BE40014DCEB0E07EDFA03EE15FA051DFEF5078E
:108BF400030701150BF30C0004F70F0CE407FDF950
:108C040009FBF20EE40307E7F9EBFA13FED206F6CA
:108C1400DC09FFEF07F0F308EBF61CEBDC13FF0FA6
:108C2400FBE60616F2F4140100FA140FF70B050222
:108C340005F10211F8EF050DEC150DD8EC040B0449
:108C4400FAEFF707FAF40209FAF8FF06FDF4FFFA5F
:108C5400050D0004E9F91102F9FE21F4EE0619F9F3
:108C6400FA130CF8F71AF7FEFA11070B0AF8FCF8D6
:108C74001D17EDF71F06EFFBFF1016F7E516EFFAC9
:108C840021F1F704FEFE0411E0001DF4F503F5F8EC
:108C940001FE07FEFBF6F7010B0FEFF70515F407CE
:108CA40013FC0B020607050400050B000904F90D6B
:108CB4001100EA07FF06080600F9FEFE00F90A089B
:108CC400EFF903FE01F10D0BF7F40011FAF80C0CA7
:108CD40002010803EB0716FE0FFFF408FA060F0A59
:108CE400050903FB0A090A10DF0E23F3FBFAF2114C
:108CF400FFFE02E3FD05F7EDF9FE04F3EB05F9F0E1
:108D040004F6E60802F8F9F401FEFAF90DF7FC1C82
:108D1400ECFA04FA16FE010BF80609FAFA120FF837
:108D240006F80A07EA1F16EEF8050008F90409FA1E
:108D3400FD09F2F20306F9F70605FAF1020CF9FD52
:108D440000F9000102FCF0FC07FFE5FE04F200F765
:108D5400F801ECF400F5FB03F1EBFFFE06F9E90280
:108D6400FCE8FBFAF4FEFFF8F4EEFCFFECF206FD7F
:108D7400F5FFEBF806FB0600F207FDF70F0CFF0406
:108D8400040F0EFC101A0503110E0D0F081915110E
:108D940010080B13170D0F0C0D14080C1B05050FF1
:108DA400020A0D030305090B05F7030FFE04FFF583
:108DB4000CFC0704F10402F8F8F2F30701E0EDF704
:108DC400EEFBF0F1FAE6EEF8E5F003F3EEF9F10963
:108DD40003E2010BFBF8FAFAFBFB0C15F0F805F7BC
:108DE4000100000AFFF604020805FF00FF0814074B
:108DF400EB090E0E1201FF0508130C020709060BFE
:108E0400160A04080D1706F6151B0C0408050C13A6
:108E140013020C0E0512FBFE07120BF90F03F000F0
:108E24000802F307FBF5FBEEF403EEF3FBF2F0E8C4
:108E340001F6E7EFFDECF1EEE40701E4F4F2E900FA
:108E4400ED0105F0F6FEEEF801EE0600E70101FC87
:108E5400F5FA02FDFCE90AFFFA01F305FAF210F251
:108E6400EB1008E8F708F9FA0806EFF01704FB0915
:108E7400F7091D10FB0009001A19FA0C0617110155
:108E84001001101204041606FE1301F2200DFA025A
:108E9400FF0EF5F708FDF60200F5F1F20508F600FD
:108EA40002E5F40908FCF1FD0400FAF1EE060BFEFC
:108EB40007F9E9FE06FCFDFAF4F7FAF7FD01FAFA00
:108EC400FDFCFDEFF809F3FE13F5F316FCFAFF02BF
:108ED400060AF6F90A02FFF70C02EB1117EEF81E68
:108EE4000CEE030C0E110B11020014030E1E030CE6
:108EF40011000913F90C19010B0B0101FB131E01DD
:108F0400FF02F50A11F5FC08FE0A01E60506F9FA66
:108F14000403F4FBF2EFEC0211F9EBEEFB0EFCF0B0
:108F2400FD03050600FBFD05180CF01011FB0C04F5
:108F3400F70D0DFC03F4F209FFF20105FCF2F3FB5B
:108F4400F9FF03F901FEF2010901FA0704F706111A
:108F5400FCF00C1401F6FAFD0B09FF0203FAF90404
:108F6400FFF50200F6F901FEF5F9F2FD03FBF6E95F
:108F7400F801FDE9F2F9F4F6FDEBF704F9F6F2FC79
:108F84000801FBF3F00C05FC0BFEF9020102FC05E1
:108F94000702FF00FDFCFEFD0A17FCED0A05FB00BD
:108FA400080906FC0201F800040A11FEFA06F6FE9E
:108FB400021102FAFFFCFFFF0406010402F9FBFEA2
:108FC4000B0401010104F9000B05FA0002FC100670
:108FD400F8F8F00C1605F2F2060B0D0FF3F6051473
:108FE40007F407FA0207FB06F8F70FFEF3F302088B
:108FF40005F5F303FCFA0403FBFF0408F901FC0A7A
:109004000EFDFF020EFF0306FB0809FC0302FF012D
:109014000208FDFA0402FBFD01020507FDFF050439
:10902400FEFD0803030606FC03090105030808FC0A
:10903400010D06050F0C00FE0A0F04FE0B080501C6
:10904400FC0401040405F2F60AFDF7F5FF00F6F945
:10905400F2EEFA07F7E8FBF4F604F7F2F8FCFB0487
:10906400FDF0FD05F7FB00FDF5FB09F8F60001FB3B
:10907400F7FF02FCFBFAFC02FEFDFD01F3FD08FE16
:10908400F60005FD01010204FC030A0200091105B2
:10909400FC050E070209060702020A0405070AFA7C
:1090A400FA0C03FCFB0506FBFCFAF4FF0DFDEDFED8
:1090B400FAFB07FEF8FDFAFD0900F2FD0AFDFD06C4
:1090C40002F2F90FFCF803FFFFFB0107FBF9FDFEB9
:1090D40004FB0001FFEBFE10F5F20102FCFF02FCB1
:1090E40001000205FEF9FE1210FCF907090507024A
:1090F4000A02070CFC01070604020609F6FF0B042A
:10910400F90006F8FC0308F7F60600FCFD0007FC6E
:10911400F1040BFE0002FF00030702FE0A08FD0330
:1091240007070300040A0AF40104FEFB080AEDF928
:109134000206F8F6F3F20C06F6F3F6F8FE0307F06F
:10914400F205F9FDFDF7F90900F907FCEF0502FD49
:10915400050401F90002F70918FAF50903F90904ED
:10916400FEFD0715F5F3FF070801040701F80408DD
:10917400FA0613FEF609120503FFFE0B0C0B040698
:1091840003FB0A06F903130BF1EC040B08FAFBF8D2
:10919400FC03FFFFEAF60F06F5F8FFF5F00402FE04
:1091A40004F7EDF3FCFF03FBEEFC07FBF5F5F9F424
:1091B4000112FBE5F3FF0A0CF7F5FC030603FBEFD2
:1091C400FD090EFFFC08FCFD060BFE051A06F40360
:1091D4000A060A07070D0D01FE0306061200FE0328
:1091E400FA0305FDFC0907FBF7FE04000409FAFD78
:1091F40005FDFD0203FFFF06FEFAFA01FEFC01F67F
:10920400FD00F9FDFCFA00FFF7FB0400FAFDFDFF89
:1092140000FFFDFBFB0000FFFBF80103F8FB060267
:10922400F5FA00FE030800F7FE03040601FE02033C
:1092340001010401000203030101FE000302020014
:10924400FFFF010301000100000100000100000014
:1092540000000000000000000000FFFF00FF00010C
:10926400030303030608090E0E0F14141211100E43
:109274000D070400FAFAF3EFEBE7E3DDDDE7EDF1C8
:10928400F4EDDEDCE2E1EDFC03FEFEEFF2FDF7FCC3
:1092940004131916020A04EBE6D5DDE4E5EAE5F168
:1092A400F8F606010A02000A0012F60601F1F9FABC
:1092B400000410FF1520050C131010120F120C05DA
:1092C40007F3EA00F4F0F50BFFFE02031304000BAE
:1092D400110E0F0D0D0F0B1017111A17131E181B5B
:1092E4001C1C1C1712202B15252016291B142C3985
:1092F4001F30483D4C503E2D3F37221E2F2E110665
:109304000B0B030D0D01FDF7F2EEF2EBE5E4DDDDF1
:10931400DDD1CCCECFCED0C5CCC1C1C3AFBABCB2E7
:10932400ACA0A29CA0A7A6AEB9C2C4CAD4E4ECDF88
:10933400E6E6F2FB01070825261C313239262D3CCE
:109344003C424A4C27454F3B453A3F3B2B45403A2C
:10935400363D1A0E2F241A120816FF0B06F9F8F3DD
:10936400E8D4EFF2DBD8C9DDDBCEC9CED8CBD3D776
:10937400D4DAD9D6D3E2E3D0D3E0E0E2E8DEDDE527
:10938400DED7DDE7E0E0E4E1DDE3DFDCE1E1E3E1DA
:10939400E1E8F0F1F1FAF0F0EF07FB0012FC02084B
:1093A40016190C1004011022121006061A021401D8
:1093B400FF00040BFBF80A12040B171715181515F8
:1093C4002A1B1B203334242B2D421D092E503343DA
:1093D400152E4E0D1F2F3B0E0B26181E061A25198F
:1093E40012F71B120E03F5F9D8FCF3E0EBC3BCDF54
:1093F400DCC4CDD7C3C8B2C4F4B8C4DDD8C9D2DC88
:10940400EBDCD8F5DFE7F1EDFB0BEFF8FDFA1D041B
:10941400FC04103220122229220D241A2823262784
:109424001B1B1915141711091219180E160B07FC1A
:109434001F1D0E0D0B1D271B03294A243B24322F0D
:10944400172A3640112B4E0B3813174DF90A2910E1
:1094540002F72319111C052CF9F32CE91206051D3A
:10946400F80AF606F8F1F5E9F7E7EFDAC9DBD5D83B
:10947400F0DEBACBE6BBBEC7CDE2B3CBD4C1BAB73C
:10948400C0B3BFA7CBD3B2B4CED1C2C7CFC4BBD9AC
:10949400C5CBD1DAECD4E7EDE6E4DBF9F8E8F9E69C
:1094A4000714FD0115190D1C1826211B2B2C202F28
:1094B4003F0E2132252B0F2441121B37241E1D1869
:1094C4001D191C270B1A270E16211E052F1B021D02
:1094D400180E11041610FC1C19FEFD0809FCFB10E3
:1094E40001FB090207F612EEF316F9F008E5F4079A
:1094F400EEFFF3F6F5F2E7F0EAE9F0EDF8FAE6E963
:1095040009ECDFF4EDE4F7E5FDDEDF14F2F3FEF839
:10951400E50311F4FF04121D030807110B0C05F7F2
:1095240013141BFE202309170B18241614211F0AD9
:1095340006212326080F2C02292D1231160F1A1D7D
:10954400051520F4101BFAF3F706FEFDFAF5F1EA0F
:10955400FE01F0DAF104D7E2F806DEF306E3EFE900
:10956400E8F0E7E1F1ECCEEEF6D3D9DEDFE1CDCEE3
:10957400DFD9C0C5D7DEE5C4CDD2D9EFDDF0DFE950
:10958400EED9FB06F5E5EE18EAD60A0000FE04184B
:10959400EDE815F3E807DEF7F1D1F0F5D7ECFFEECF
:1095A400E9F015EAF70EF40D1817050B10140B0566
:1095B4001B2C1A0C221115360003261D1718121E17
:1095C400201029121C4024F5263E0A15293A371981
:1095D400343A26202A24102A261D20182A0A07167F
:1095E4001513F904131EF7F54D07ED2207120DEFBD
:1095F4000C0B02F60F0AFDFAEE05032609E8170B19
:10960400061B06EF0C19F2FB21E7F9070913FC0905
:10961400F90B14070DEA0FF5FE13F82813E722FFE0
:109624000A0DF01108F9F8160400F3E8F7F2E1FD69
:1096340006D9DAF6EFD5D9D0FECCE0EDABDADACA4A
:10964400CDC9D5C1CDB1D5DBA6C5C4B5D3C1CFD1A4
:10965400C7D6DCC3C3D8E8DBDDE7ECE1C4F807E236
:10966400E8EEFFEEE60211F6E42A1EF4FE13220DE4
:109674001D231B1D012F37FF1E2F26120B29272800
:109684000E1E2C1C120321120009022608020BFADA
:1096940010F31D0BF005F2FA120BFA0016E61D305A
:1096A400EA23FB1629091F0D1B1112101D2B0F395C
:1096B4002A15201A29140A2818FC0C120B02F70088
:1096C4002001F31009F7F3FB1B060709F6230D002D
:1096D400F60E2CF104130CF203090D12FB07F9ED3D
:1096E400FE15F5E1EEF305EEE605F807F5DDF80DF8
:1096F4000CDAF91414DEE83100EEF5FE00F6E5F6B6
:10970400FDF2F7F9F5DFE10A00D4FA09F7EDE2F02A
:10971400F6F7E7EB06CEEF18D9EF0806D9EA1AEA0E
:10972400100BF8FAFCFBED02F8E207E3E4FDFC029F
:10973400D1EC11EEE5F504E5F508FC06EBF619F4B9
:10974400F9FD02FF0201E8150B08FDDD190AEFF827
:10975400FC0DED04120105070C0A0A000E0DFC0FA6
:10976400160818FCEF1714070421190EFB07290F1C
:10977400211F030E1C141520120308FC0B12F90CF4
:10978400010FF41022F9EB121615FAE81AFDEEFE99
:1097940025080201EC0F09E2000EF1FA10E8E820B6
:1097A400FBD9FC10DA08FEFAFCF0FFFAF0E4FB0B3C
:1097B40001F8F108FCD40405EE08EEE1110DE4EA29
:1097C4001700F704FE05FE080702DA0429F2F4186C
:1097D40014E9FF0FF5FD04FC1517EAFE22E6001953
:1097E400E50408F2FD03E9FCEDEEF60A0DF5EAD610
:1097F40004FFEB03FDE7F3F7E1F9E3FFF9E308EC1A
:10980400E70D0BDBDD0908F7E1FD24DCE6FF15F7C6
:10981400FC250C02D03B21E82F0CF919FE0C22FA8E
:109824000619F5F311070A0AF5071310FCEE13E8FD
:10983400FFFEED0B0405D70313EEFBF5270FF9012B
:10984400042206FC261B121122141617062219F3F1
:109854000B100415F8F6FA21F60216E2D8011CFBE7
:10986400E7F6EC01FFEC0CFCFAEDEC0702FAEFED85
:109874001D0BEEFE18F5F103F90410EC07F6FAE7F8
:10988400041DEF0AFCEE03F40F0D03060027FC0190
:109894001F0F07101FF31824E6171801FBFC070518
:1098A4001AFFE62116F702090EEB1301EE07FD2756
:1098B400EFF305FA06BEFD1AE9E4CB10FCE1F1B3BF
:1098C40011E3DAE1CEF8EAE8DDF00CCFCCEEF2E415
:1098D400D5FBEBD9F4F2FDDCF60BEDF9E70904EA6C
:1098E400031A0FF11516F207083411ED1D0A2300AF
:1098F4001C2C1010F13935FA1113320E11310319E1
:1099040001FE200306060CFAFE1ADC041BF1FEE835
:109914000FF8EE1AF70EF5F522F1F40AF0E60D242D
:10992400F6F40C1E10E6F92114000F201814041F7D
:109934000FF32E06E93B10FE08E517F90AE61203B9
:10994400E516DDE60DFB0C0AF9F5F8E7DB0AFCF099
:10995400EAE20DEBD3E8EE1FD0D212F8E6E702F507
:10996400EF0FE912D9ED0FE103DAE9E4F602DE06BE
:10997400FAEAF4E307F2E800F7F5FE08F1F5FCC8AB
:109984001F01EA02E21106F0E8142DE5F43119FA98
:109994000A26170E05FD1215030B0EF80F12EE1012
:1099A400F90A33F8F31DFD0C1104091507F02AEF29
:1099B400FD28D90706E71EF2EC1111F4F518F1F1B0
:1099C40017F9010C0A0EF71116051EF91821FB08E8
:1099D400231AF90419261B020C280C101B12FC0074
:1099E40006FD1C050EEDF1160DFEE909FCFA24ED49
:1099F40006E8C225FBD9FEF6F9D3EF0FE6DDE11543
:109A040009DBEEF4F3EDF2FEE3FBF0E709E6EEFC2E
:109A1400FCE1F408EEF7EB1201F8E7F31EFCF8FDA5
:109A24000803FBFBFFEC0E1DFC0903F9F20CFF001D
:109A3400FFFD0511D20324E607F21409DDF7F8EC63
:109A440000F9F2EFFCF5F20902E3F71A0EF2E5254C
:109A540013FC0B0709F00017FDF506F6F70A0CF7DF
:109A6400EB1911F1FE03020C0119FF04050E17FE98
:109A7400080F08F3132B01F3FFEE181DF50FF5FF84
:109A8400FEF511F000F9FB07E31004D9F91418F1FD
:109A9400DE0B26FAFC01FB1B07FCF7FF1514F2FF93
:109AA4000609FFFBF903FEFB05030012E2EC26079F
:109AB40001F81504060AFB1801EF1B191905110D0D
:109AC400F11703FD2C0E0602021903001007F61805
:109AD4001106ED01F5E2E90F0FF8CDE00AF3FBEA18
:109AE400E5FD02EDECECF800E9E90000EDEDF9F636
:109AF400EBE8FCF309F0F4FDDE1104E40AF10D01D6
:109B04000811E21310F00C0F0FFCFF14FD1604F102
:109B14000E06FBF3F7051607ED00FF04F401F0F65B
:109B2400F5F8FDF8FCF2EBFEF0F90B0101F108FD8C
:109B34000802F00902101BE00E18E71807F009FFED
:109B440003F203F4FC03F6ED0703F0F8070BF1EB63
:109B54000DF9F3F6F81207F21101010F0825FEFFC3
:109B6400141C1AFB131D0DF40E1B0B06111E040D01
:109B7400170E1B0C0F19FB162CF8F71DFF02080E0D
:109B84000BEEF3FF14E8FD1EF8F8FA0808FEF8F9E6
:109B940005100100020D0CF4FCF6F8010400000E9F
:109BA400F6E6FE0705F1FAEF0EF8E60FF1E5FF130E
:109BB400D7F41CE8E8F60BF8EAFD1BF0E40200F920
:109BC400EEFF03F3E7E7F9F6F606EBE8F6F3E1FD5B
:109BD40008F0E7F614FDEEF8E705FC0F04E208FED2
:109BE400E70B00F905F3FCFBF9F2F6F1F10EF7DFF0
:109BF400FAF0E203F4F6F5E401F0E3F303EF010A0B
:109C0400FBF6FA0AFD0E031308FF10021406EC0516
:109C1400250A0E0A07170A0C0B240A17210C1C022A
:109C24001A1E0D21281104001929080E1913181FD2
:109C34000F090C100D0D140419FBE1081303EBE4D8
:109C4400080EECFAFAFCF3F4FBF211FFEAFA04FC56
:109C54000AF3E50F03F3F40603FC0309FAFC04FA20
:109C6400FBF616F8F40DFA0802F2021507FB07FDDD
:109C7400F10005FEFCFD090104081417EC080812A4
:109C8400FDE6120A00F6FBFAF4FFF3F602F3F7FB23
:109C9400E5F405EED805FCE4F8E3E4FEEDF9EFECB9
:109CA400FBE3F8E904F3EBFDF909F5EFF508FD0032
:109CB400090AFCF4F40802EDFE0AFDF2030BF3FBBF
:109CC4000B090A030008040F0A1309FC1B010BFF0C
:109CD4000BF80A18FE1B000CF51405FE08FA09FE21
:109CE40009FC06FE0401FA010602FAFFFFFCFBFD73
:109CF4000200FF0106FCF8030301000001FE02FC60
:109D0400FB09FBF40010F400F8F516F30604F5EF74
:109D140017FEEEFEFD06FE02F5FEFC2609EA080625
:109D2400012CE509E8103FDBF6FFFC2DE50FFC02F2
:109D34000B0DEADD46FDE5DE3D0FF415D4DE280FFC
:109D4400FEE6F5F335C6EC36C3130FE61B0FE51A32
:109D5400F4F018FF03D2F9E7E53CE2F9E1DF3AE574
:109D6400F810D729051AD71E34C1180A1D0B0DF493
:109D74000E4BD2FD1A0F292D1BEE21B32050C71311
:109D8400E828FCE114E7E5DBFD2EFCB50717FDFC34
:109D9400EE06E6CB22FFE83CE8300CECF60006C504
:109DA4004416D005F7FB1BE022F20316D3D601F6C6
:109DB40023DFED11ECF7D00C0CE7F8E11A14E210F4
:109DC4001A0B11030201FA0AF7EF0FE62118E51F37
:109DD400E4FEF7E71AEE00EAEB04E1CB23ECE6013C
:109DE40011F5CC31F9D124FFF1DD0514C51E00DCD9
:109DF40012F214F1F81DFAF70AE6021EF205EE1D3E
:109E04002BDB1E0CDF06FA202B091A0FF40F0D11A1
:109E140022E40A45DBFA30F7FC2217EBFD0F17DECC
:109E2400071AD40419E801E2FEF8CE1A09DF2F0854
:109E3400C31EE8F01BEF10ED0D01DD27FE0F15EF3B
:109E44001DEF010E00160408FDF32CE9F431F2D3E2
:109E54001020DDFA02FB10E12418D81304E6081FD1
:109E640011D82624E018FBCD36F3FC1FEEF3EDFFEA
:109E7400EE1209E4FD1200DB1108DB160312F4D81C
:109E840010E5F2E802FAFCFDF2110CEFE30C09FB19
:109E9400F9F5201CEB02330ABE1424FCE81217E186
:109EA40002100FE1EB0EFC0115F8DFFC0FF81D109A
:109EB400E9FCE81B1709E10105100F25EAEB07F39C
:109EC40026FC14F3E91B0C13E3F6EACE1D0DF4EDA6
:109ED400D9030BF5E6FCF6E5FD1B0A04EB0F0311B1
:109EE4002BE1F50D020C1308FDFEF42409D024E83F
:109EF400EA18F90B0DF1EE10FD00FBF2F60811FD66
:109F0400FEFFF411FC03EB0008010EE83CFFDEF554
:109F1400171303EEEAFDFC0D12E2E810EE01F7FB65
:109F2400E1EE0D120006FDEE0AF3140DDCF51AF550
:109F34001012ED0903FF0112FBF4001208F4040EE1
:109F4400F8EE1216FBFEEE23FE04090015E6140FCC
:109F5400F10C02FD090BFC080CF8FFF60DF6FD0AE6
:109F6400F002FCFB09F0F40FE6F10905EBFD07062E
:109F7400EAF3FC0BEFF810E7FB0B03E12100E51E0D
:109F8400E90416DB1015DA29FBD51CFEFA0A01F8E0
:109F940019F1F722F10217F81A0006FF0717F60461
:109FA4000A17FE0E0DF60A0AF90105FDF801F8007C
:109FB40007F9FC16E5FA0FF808E801FFED0011EDCA
:109FC4000B11D40115F9F6FA0AFEE71007F805ECAF
:109FD400030DEFFC0CFDF40F030105E51CFEED0D74
:109FE40000E41020F70809DA221CE71FF6F8170B23
:109FF400EB041101FCF21913E6090E000306FAFF43
:10A0040016FCF3F810F901FFF7FEF9FC05DC04086F
:10A01400EFF3FFFBFAFB011BE101FCFF1A05F5ED71
:10A02400F1080FEEE017F3F0EDF417D2FD0605FD8D
:10A03400FBECF21BFB04F7EE09020203EA0C030635
:10A04400FBF9010BF903160BE0021DFA15F5F7F9FC
:10A054000BF708EB0F12EEED1604E820F0031EF7E1
:10A064000804F6FF18FEEF22F706F2FA26FAEFF3D9
:10A07400160DFF0DF1FA0EF70B1503FFF9FA200B7D
:10A08400E919EB0023E9FF06E01313FA13FDF5F3D6
:10A09400031503DF1200E9200EF2E5230013F9F99A
:10A0A40012F618EC0E08E210FB0703F8F1FF0E0796
:10A0B400E7F31AFBFC01F301FD01FA060EFFFB02B4
:10A0C4000EF4F1230B01FAF7090C0208F1F7180555
:10A0D400FE05F1F812FA000CE8F507F416F5E0F2C3
:10A0E400021101F7E8FCFA0F04F2F51CE3F6190774
:10A0F400F1EEF60E06F90CFDEE0706F802F311F088
:10A10400F60604FB09EDFDF3F716F9F1EFF9050383
:10A11400F511ECF10809F516DDF22604F8FBF7F960
:10A12400FCF91801020EEEFF1BF6F9000605F3FB1D
:10A1340019F7E216FAFD06F6ED09F5050AF01A0F0D
:10A14400EC0A0CF425050503080F1AF5060EED05B7
:10A15400071009F8FA120215EFF90F03EE11F4EEE5
:10A164001408EF0402F4F80015F20303070008EAE8
:10A1740002FDF909F9F0F6EE0908E30003EAEE0F2F
:10A18400E905F5EA1D01D90F0EF90CED020E0CEFED
:10A194001A01EFFA2007F5F80F17F9160D0502FC5E
:10A1A400141BFA0AEF021A13F302FC0B0FFB01FE55
:10A1B400F80005020500F8EA040605FBEEF21105B5
:10A1C400F2F5F902F3F4F00BFDFFFCF3FB10FFEEE4
:10A1D400F90105FFEF0206F201FC15FEEDE209119B
:10A1E40003FFE40416040A00EF0C06050C1AF8FE3B
:10A1F40015F41214E706FF021CEDF105FBFD01EE58
:10A20400020AECF50AEF050BF10E01F5EB0A03F770
:10A21400FCF80A07FA01F3010DF302FD1404F6F940
:10A224000EFCF8FB0D06F5FE10F3020804F1F4270A
:10A2340006F6FC06010DFF13F60B14FFE71414E0F9
:10A24400090B0410E9E71BFD0701F1F91306F8F700
:10A254000604FADD1413F0E6F70BFEE8F505FB003F
:10A26400E9020AF8EF1F07DF160F0BF9EF1406F9DE
:10A27400051CF9EB0CED1A16E70F03FB0C1AFBFF98
:10A284000FFD1009F01207FE0C08FFEB0D03100A76
:10A29400FEF0130206FA01F90406F0FFFBF6F603DA
:10A2A400FAF7F4F6F8FAE608E5F60EE5F9ECE70F46
:10A2B400F2F4F805F2E30FFF04F0F611FDF6080AD4
:10A2C40003F80BF5050C0212E5060DFA0710FF075B
:10A2D400F8FD1507EF09031118F5FF1001F6081C26
:10A2E40001F902081AFBF8FB0A0D020207FFFB0141
:10A2F4000406FC0EE50BF9EF04F3F6F00AF3F70B92
:10A30400E50306DD19EEF71FF6F8F2F60F0D03F17B
:10A31400F106FD06F60BEBF9FD001606E104131732
:10A3240007F10801FFFE1FF90603EA0E0A0816F7F3
:10A33400EC1A18ED041D02FE000810EEF21DF10FD8
:10A34400030AF8F0060C0BF109F3F70D0704EFFD0F
:10A35400FEFC0DEFFB00F717EE000FD9F4190EFE0B
:10A36400EFFC071EFCFB03F51EF7FE04F9F5FF0DD9
:10A374000DF2F9F10107F60DFEE5F1061109E6F318
:10A38400F90DF40304FAFA080D06FCFA00FFF908C3
:10A394000FF2F40510F1FEF4FFF70001FAFEFD01DF
:10A3A400000107F7FC0E0D02EFFE1BFBF01CFBFA8D
:10A3B400FC0202F70D07F6F60617FDFB00FB0E0480
:10A3C40000FFFB0106000006FBD9110C0109FAF796
:10A3D4000507071102EBF9120211F5EB050608FF58
:10A3E400F8FBF40116FFECFD03000600F50D030273
:10A3F400ECFC120DE8DF1C0EF2E3F81AF4F10A0883
:10A4040007FBFF040CF2111AFDF2130AFC07F9040E
:10A414000BFE0005FDF40400F707FC05F7FFFCFE46
:10A424000AF9F605F80103FFF50009F3EB1707FD38
:10A43400FFEB0FFBFE06F7EE1805F7FAFC02FAEB4A
:10A444000705F5FA05FBFBFAF90EF8FB100CE4011D
:10A454000B09FAF2080B04EEFB0912E7F41BFFFBED
:10A46400F6F2FC00FF04EBE81506FBE50C1AF1F329
:10A474000F09F900050C08FE05E4002DFBFFFA05A1
:10A484000CF60C0E04FA0B0AFA0DF70B13FAF3157B
:10A4940005EF13F305090200FD0501F9F90FFCFBB3
:10A4A40005FAFF0203F600F8080701FDF704F508B2
:10A4B40007FC01FC0003F7040403F9F6020602F1A9
:10A4C400F8F80017FCFA06F0050EF90A0DEA031273
:10A4D4000BFD09F607130F05FC0C10F30616030316
:10A4E400F0F70C0AFAFDF3050BE7080FF204F3FF8B
:10A4F40004FCF5010CFA00F80101F8F50706FDFB70
:10A50400F5F80CE4E32701E6FDF803FCEB0809E9A0
:10A51400F00B07FBF2F208F3FC110503EA06110540
:10A52400F7FA0AFD0D12FD06F9FA1A030208FC00F7
:10A53400F30B090BF5E503031000F2F800FC060326
:10A54400EE07FFEA0E0DECF8FFFB0404F6F1F6F655
:10A5540016FB0200ED0801030BDE061CFD05E90BEA
:10A5640004FCF6070EF70E00FA1CF3FB0A050EFDB9
:10A57400F30C16FCFC0CF80D16E51A09F3060A0890
:10A584000306FC0F04E50517F6F604FDFBFD0006C3
:10A59400FAF400F70B04EB0AFFFF04EEFE0BF502DE
:10A5A40005F8FB11F6F8000107F7FA06F6FD07F7C0
:10A5B400F906FAEF0BFD0004E60F12ECFB0F15EDA4
:10A5C400F41C0F0CFBF5180603000D08F202F81634
:10A5D400FDFB03FA06010702E11004FF0DED02077B
:10A5E400E1031BF5F6FAEF020CFA07ED0111ECFB9F
:10A5F400080DF9F401FD0DFDF90ADDEF26FFEAFD72
:10A604000906FCF30C14E6FE0A0217F7F4F9051B1D
:10A61400FFF5F21000F40C080AF7E01A13F5F0063F
:10A624001203F9FB1607EBFB07050EF3FCFAE8121D
:10A6340009F8FCFEFCF10D0902F2EF07080BF50224
:10A64400FDF10706FEFEF80E050403F40502FB0CFB
:10A654000301FE0008FB0301FDEC0D03EE0B09FCF6
:10A66400F9000704FAF8100AF014F8E71A0101F5E2
:10A67400F01C09F0E30C11FD08F7010BF4F20313CD
:10A6840005F3EF0512EFE10603FEFCFDFEF00F03F8
:10A69400EF0809F0F807FFF604F905FFF3090009CC
:10A6A400F7FD0FFFFC020BFD060BF20907F2021087
:10A6B4000704FD050708F7060BF90707080400FE61
:10A6C400F41503F202FB020005FFF6F9FA0909F496
:10A6D4000207F4F9140CF0EE031103ECFE04FBF88A
:10A6E400F81007E4FB0FFF0805E2FD19F80707035C
:10A6F400FCFCF9030A09F7080BFA030305FD000F34
:10A7040001FF06070F01FC0201FC02FB0403FB0B23
:10A7140009F6F80400FF0003F4F9F7020BFBF3FC5D
:10A72400FDFF00F3F5FBFB01F70002EEFA090AFD59
:10A73400F805F901FDF6100BEC0618F6FB04FB080E
:10A74400FEFE0908FFFE0A01FD03030400FA0107E7
:10A754000003FFF700080102FFFE0103FF0203F2FA
:10A76400FE0602FFFBF5FE03FB0004F9FA0507FDF4
:10A77400F9FE0104F7FB06FAF90203FEFCFB0305EC
:10A78400FB0109FEFA0507FBFBFF0407FCFE0500BD
:10A79400FD0102FDFD010404FDFF0200010001FDB5
:10A7A40001FF0101FFFF0000010001FFFE03FB06A2
:10A7B40006F2F70A10FCF9FC0CFBF60F04E6011C88
:10A7C400F8F9ED0A0D07F7F1040218F1E5FF23F992
:10A7D4000302E00B11F3FBFDEE1CEDE626F0F7EBB4
:10A7E400FDE70816E4F2F00D0E0FD6F8F80F29EF86
:10A7F400E21826E90AF7181BF123F50807FE26EAF2
:10A804001708EA110103F721F2D7380619F0DC1A08
:10A814000601051CCEED4BD8EA08D6E00439F8E968
:10A82400F7F50108FF03FA0C1006FEFB05F5F1002D
:10A8340001FCF70003EFF9090FFDFAF6FB0E01F333
:10A84400EB080601111CF9D4110716EC070DB534F9
:10A85400130C07B5F133500018DA1A0BED40E7C8B2
:10A86400FE3F12EEF00B17DA0A29E7CC2815F4E5BF
:10A87400E312030FDDF2F6110CE1E51915E611E020
:10A88400EB13FCF4FFE50215E509FBEAF8FA01E332
:10A8940014F7F0F800081BF4F40FFF270CDBF62381
:10A8A4000604F8F615EF1214EA000816020305E987
:10A8B4000A0908FEFB0EF7F20806EFD01D22EFFA94
:10A8C4000D08D82827F7220C13090907F6F1FFEC25
:10A8D400B8D3E0D2D0EBF0EC301DEFF2E80A04EF8D
:10A8E4001421FD0C31405437031D0F0B04CDDBD272
:10A8F400D71223FE110CDAF700D3C9D2F9242105AB
:10A90400E2CFF81BEACDF7F3001D0B27302B200D07
:10A91400283224214D2B1D270F0B101EF9E3DDC710
:10A92400AAAD0423D7C7CCCAD50224464B2806E3D4
:10A93400F0D3A5A7BBDAE4DDDFFE263A1209FEF95F
:10A944000B074C3BBFDC0820483E26E5BBE5FE2256
:10A9540041E8BECFE8F7002F2A323D23151E06DE5C
:10A96400E4EFDCD7BCC0F4FDE8D1FB1D2D2F1D1195
:10A97400DEF4324E3C1DF925311000EBC0B8D5FE93
:10A984000EF70C172E4943433E1AE8EB1C10020441
:10A99400CEF720FD00F1D3D1E8E0BFDB021E0EECC0
:10A9A400E7C4C212250AF8FBF1C1CEF003C9BFE126
:10A9B400ED15170D0D1F3821303E3400DDF21A2C31
:10A9C40006FE0902E4CFC2C4D5CCE4E6C9E61F35CD
:10A9D4003D30191F08DFE1E1BED7E3F1E805ECE4FF
:10A9E4001118050A152931050C3013184B39222585
:10A9F400200DFF0A03D3CFE4E9DFEC03FA252A256F
:10AA04002F35330FF7D3DBEFFCF6E2112702ECF717
:10AA14002207E1F903FAFDE9102F25403E280AFA3E
:10AA2400EE02E3C2D8C4E3D5E3FB0113163010F7FA
:10AA34000B1A09EEE20F0E083A23FCFAF2E5D0D025
:10AA4400EBC0D4E1D6DCD7092920FA17360CE9E0AB
:10AA5400D8FDE1BEBBE2FADBF2152C1EE5F00011D5
:10AA6400170E0F0E02015129ECF3E7E4DBF7E6E7DA
:10AA7400EAB1DEE8E6432E2824E80124430BCEFDA8
:10AA8400E5D9EEEB324BFFF9194622E6F417F8F25A
:10AA9400F5F7F60D4158440B2845DBBAE2ECC4D176
:10AAA4001112EF290C2225FB07FD1607EC02F10E0B
:10AAB4002D0C130E12FCE5F1E3E400FF161A1D2A17
:10AAC400F5FA20264D4500E1D8D2E105F3E7EAF98D
:10AAD400F80916EA0B2508EDD504FBDC0941191B1E
:10AAE400FD0729F2E810DDCBB3A8C5EC11F9465EE9
:10AAF4001F24F2DD1522F1CA0EE1D604DE041ADDAC
:10AB0400CFC1E015F0E505142C07042C1CFCE1DF93
:10AB140001FDF0ECCCF9E3D5F6D807F2DFFD2720F0
:10AB240011FE10FF03E6F3EEFF520EFD15EBFD1AC6
:10AB3400E2E815CFDBE2E71A142F45192F2CEEDFDC
:10AB44000F06BBDDECE715DADCF80B170BFB1B116A
:10AB5400E9052F0B0B170B352FEDF21CF3D2FCE19B
:10AB6400D0241CF5EDF5F02C21173AF60430070E2D
:10AB7400FEE0DDEEFA1C30F8F319DDC2F8F6F51844
:10AB84000DE0243D062225FCFCFDC6EC08F5D4E9C5
:10AB94000D1E25F80F2B2C0F10EC0200D2001825E7
:10ABA40008E3F7FE24E9D9032014F1D7D30119F9F6
:10ABB400050D2207F0250BE4DEEC10D5E404141493
:10ABC400FD143426F7F2E6F3F3D3ED162A1B00E462
:10ABD400E006FBD7E0E7FCDAEA2606FCFB202BE6DE
:10ABE400030F0EFCE1F721FDFC0B060CEC0D2A1EF5
:10ABF400FAF50602F0EEFFE6C6EC200803FDF9E4E0
:10AC0400CF0808E1D4EA1B14EBED2901161BF10768
:10AC140003EFE20834EBEC2506F3010CE401F20C3B
:10AC24000AC4F33D0BEB2F050104DFE81207D4FA45
:10AC34001A1C0CE2F801FB1109DE04EFDBF8FB2E11
:10AC440014F613FCF9EA0610041A03FFF322FBF8C6
:10AC54000CDADC330BEF1A0CF70A0C17ECF22AFAB5
:10AC64000BF4F729EFE9FAF0FD1604EDFEED08FA0E
:10AC74000E26FFF4EFF9EC14F3F116FCF7030701C9
:10AC8400E3110FFD19F8E30D1A09041814180D1136
:10AC94002508F7FFE7E707F7FE07F3EFF5040D16BE
:10ACA400F7F90AFFEF11EEF50FFBDCF80CFB02E1FC
:10ACB4000622E2050C07120A192102091BE903EB1B
:10ACC400C70DF8EFFBF303121209F609EEFE16EDB9
:10ACD4002F010006D9FF0F12E9D3FE0A14F9E40E7E
:10ACE400EFF524FEFD11F7F8EB02F3FB1C0A0BF75A
:10ACF400DEEA19FCF61E0E10E5EF0CFC170505E65E
:10AD04001B1DD7F50204FD0802ED0FF20A0CEEE359
:10AD14000DF3EF0FF8FAF6FFED1418E8ED1009F94A
:10AD2400E20E0BFB0C13FA0509F81B0D08E9F8F306
:10AD3400E9211D0F02E31FFDEC0C0404D4FC03D134
:10AD4400E913FD1011F4150FF016EDEE23F4F312D0
:10AD5400E5F913F0F8E901F7140CFE08EE19FF0FFA
:10AD64000CD8F5F6050AF8EEF50EE1F310F9FC0936
:10AD74001010FF09FC1405EC09EBE71705DE030EC0
:10AD8400F0FB0B06D7F716F3F703EB03FC0607F803
:10AD94001804F80E14FCEA11F7F7F9F8010C170F70
:10ADA400ED151BED0A0C180A03F91613ECF2260E26
:10ADB400EDF6FA03EC0E02FEF404060005F8110F9A
:10ADC400160B070BF5FE0A0505F208100AFF03F23D
:10ADD40008EC0217FD16E1001B0C07FDF702FCFA54
:10ADE400FAFEEEE5FEFDFAF50805FB0C0A1C02ED81
:10ADF400F7F9F8F8EEF205EFE704F0E415010410B2
:10AE0400E50203F2F20A16F6EE0A0AEAFCFFF2FE83
:10AE14000B0B08FDFBFCFCFAFFF6F91E02F407ED30
:10AE240002070016F70AFF05F90D03062302F510C1
:10AE34000CFCF30616FDF3FD130B0F010B0C0006BF
:10AE44001907FB0D0A02FE080DFDFD0E00E30505C2
:10AE5400E804F002FCFE02FBF10913E3EA1C0DE432
:10AE6400F70CF1FCFAF304F60400FA0200F3040808
:10AE7400F4030800F5EE081DFDF41210F2E70110CA
:10AE840004E4EC09F903FE000BFF04150CF50B01B7
:10AE94000810F9F4EB0A0308F1ECF9DEF0F6FEF819
:10AEA400F4EE070DEF030EF1021D09F7E8FF0AF2B5
:10AEB400FBF7FBF6FDFAFC02F5F60D0C0305F003B7
:10AEC4000D07FF01FF09FC0D04E010FCF907FAEE81
:10AED400EFFDFD08FE000BF11807EE0BFB040DEC73
:10AEE4000B09F704F807F6080EF9F7FFFEFC00005B
:10AEF400FE02060A111100011EFEFC0A04FDE61200
:10AF0400FD010AEB17F6F719F2FA14FE0E0FF70F0C
:10AF14000A09FA0B10F50A030FF7F6091100F01FDE
:10AF2400FEE7171A100AFF0319FBFB21F3F4110BB8
:10AF340005E6080BE31BFFF6FCEFF8E8EF0BF7F769
:10AF4400FEFF02F80A0808F5EC11FCF6F8F9040013
:10AF540006FA06FEE60506F9030906F10F1E0102CC
:10AF6400F80512FA07FDE3F117F9EEEEFC05F0F32C
:10AF7400FDFBFCE9FE1AF902F9F60CFCFDF60B02E6
:10AF8400EB02F40501E2FE0AED0CFAF80A05FD00F5
:10AF9400110914EDFF2303FAF9FB05000006F5F887
:10AFA4000F01FD09F6EBFCFD10FDFC02FF10DF03B1
:10AFB40006F710EC00FAF501EFFA09ED030601E8D3
:10AFC400FA180710040A120208FE021304FBF4091B
:10AFD40006FEFFFF03FAFE11FD0B01FCF80B05EC66
:10AFE40014FDFFFF01FEEB010B05F4FC02F3080264
:10AFF400FC10F7F00CFF02F40210EE13120D05051D
:10B0040013FD0104FA050AFEFBF90CFDEEF7130328
:10B01400F4F306FAF50F05F6F015F50104FB02F951
:10B02400F1FE18DFF818F206F0FD0802FE081EFB18
:10B0340000060214FC0514F7FF0C05F8FF0AF704D8
:10B0440007FD01E80E15FFF9F112080202F4FCF005
:10B054000303F800E4FDFBF609F307F9F5F109FA37
:10B06400E9020F040000F900010BFB080101FEF9DD
:10B0740007FA00FAF9110305F7020F000904F610A4
:10B08400FAF903FDFBE5FDF8FFF2EE05F4F4000325
:10B09400FCFB05F5040CF90204FF05011006F6F2A9
:10B0A40009100000F5000C0304FE01FEFE0F0BFE68
:10B0B400F9FD0D0A0600FC0AFF000604F6F7060473
:10B0C4000502FA00FEFA08FB030602FBF6FAFE0785
:10B0D400EE0D03FF0DF4070D02F8040F0A0701003B
:10B0E400080C0405040A0B02FF0A03F6FDF8F9FF35
:10B0F400F60A03F802F80BFEF709FC00F3F3FFF776
:10B1040000FAFF05F9F3FE00F805FE00F2F40D0461
:10B11400FE02080201030BF9000F08010712F50FE4
:10B1240014FCFF0904F3FD11F7F3F2FFF8F401F046
:10B1340000FAFD05F2F8FC030000F70AF3EA120B2B
:10B1440005F7F9010AFDF103FFFCFF000806F8F911
:10B154001702F50B06050800FEF8010F01FB04FEBB
:10B16400FD0AFEFBF30908F5F80AFEED0C06F3F7F9
:10B174000CE9F514F7F7FD04F5FC0301FEFF0608DE
:10B18400070804070EFA021301060000030303FF75
:10B19400F8FA0903FCFBFDFEFF03040202FCFDFCBC
:10B1A4000508FFFBF1FC03FCFEF7FB0600FC0102B3
:10B1B40002060CFAF60BFB000105FDFEFFFF080179
:10B1C400FEFEFDFCFEFEFD0006FFF60C02FE00FB8B
:10B1D400090200000A02FEF7F90500FEF9FE040464
:10B1E40002FF02FE02020309040004F902FFFFFF4A
:10B1F400F608FC0105F3F204FDF80001FFFE080166
:10B204000300FDFFFDFF00000100FE0703FE030035
:10B21400FEFE04050005040101FF00FFFB00040815
:10B2240009FDFCFCFAFFFEF900000102FCFBFCFF37
:10B23400F9FDFCFF0600000403FEFAF90307070A00
:10B2440005FBFBFEFD0003040302FFFF01FF0000FA
:10B2540001000000000000FFFEFFFF0000FF0104EA
:10B26400080B06080D0E1317141C1D1F211A1A199A
:10B27400190C0A00FAFCE8E1E4DFD4CAC8DFEAEBFF
:10B28400F6E7C5C6D6D5E7FA0803FEE6EBFCEFF809
:10B29400061F201D0006FEDAD6BBC0CBD9E1D5D9E6
:10B2A400F2FC05F70800F50AFA07F311F3DDF6F3EB
:10B2B40000FF10021C31050B180B151D061A0DF9A1
:10B2C40006E4DCE8E1E7EE0AF403F80320FCFC0EF4
:10B2D40014181212140D0E142012182021211726EE
:10B2E4002025241818313D16312B1F341C1A3B45D8
:10B2F4002439584D5C614C3950452C293F3A190B7F
:10B3040014130D15120705FAF4F3F2ECE5E5DEDB90
:10B31400DACFCDCECFD0D0C6CEC0C3C1ABBBBBAECF
:10B32400ACA0A29C9FA7A7B1BAC3CACFD8EAEFE347
:10B33400EBECF80108100E2C2E2437363929324153
:10B344003E444C4B29414836443937372B3C39313C
:10B354002D341A0A22231A0E050FFB0603F4F4F403
:10B36400EBD7EDF0DDDCD0DFDED8D7D7DFD8E0E3F4
:10B37400DFE2DFE2E1EBEBE2E4ECEAE8EFEBEAED5B
:10B38400EAE8EAEFE5E2E7E6E0E1DFDEE5DFDDDD7E
:10B39400DBDFE6E7E7F5F0E8E8FDF4F304EFF503B7
:10B3A4000B0B0406F9F4FE0D070B03FE170511033E
:10B3B400FF0307150A05121D0D101A181519160F8B
:10B3C400251D13152323151F1C2C17031737222B98
:10B3D4000F1636020C1A2505FC160B0FFD040E0C75
:10B3E40005EF0B0900FCEFF4DEF9F5E5F1D7D1ED3B
:10B3F400EED9DDE4D6D7CBD601D5D6E8E3D7DADE6D
:10B40400EEEBE2F9EAEBF4F4FA06F8FB03001D0CA8
:10B4140007090921180B1C211E0D1D121814161CD6
:10B42400130F0F0F0D0D07FD050B09000A0709FC8B
:10B4340011140703010F1B1B0A17341926172020A8
:10B444000D242D32172444133019185112123422AA
:10B454001406221E18250E2608F825EE0604FC19EB
:10B46400F6FDF604F8EEF5E6F4EDECDED6E2D8D817
:10B47400E9DCC2CADEC3C7CFCEE2BECEDDCEC9CAC6
:10B48400D7CED3BFDBECD0D1E3EAE2E5E3DDD6EC03
:10B49400DEDFE4E7FBE3EBF4EEEEE5F7FEF401F3C5
:10B4A400031004060C100B151118160619200D159F
:10B4B400280B0C21171A110D231207272611121518
:10B4C4001911101E140D1E190D0D210C052416073B
:10B4D40014100D140E18120D160F01080A0405009D
:10B4E400050B01F60D0DF70606F8FF03FDF4E2FD6A
:10B4F40004F1F5F7EBEAFFF3E9EBEBF9F6EEECF226
:10B50400F8ECF2DDE2F5F3E9E706F4F5FAEE01040E
:10B51400F7FA05FEF0FE151810F70C0EFD18080DCD
:10B5240016020D1712081C1307251B090D19211BE0
:10B534001B130E070D1F1E10FF20210314181805DE
:10B544001B0F040AF90408F5F2FFF7E7FBFAECF322
:10B55400F6F9F8E9F0F9EEE2EFF8FBF7E7F5EBF6C8
:10B56400FFF0FBEAF7EFE6FFFFEEDCECFECFD2EEF6
:10B57400E1E5DCE8EFCBD7F5D6E2EED6F5E4DBF790
:10B58400F2E2F9FFF3EFFC0DE6FDFEEF000300F23B
:10B59400F7F8FAEEEAFB01EBE8F7E4F703DAEE0278
:10B5A400FAF9FAF60300FD0EFD132609F01E19F64A
:10B5B400030D1B10001B190F0F1B120D231B1C1C4A
:10B5C4001D280D161C1E1707152026011C520E17C8
:10B5D400351F2F1D10241E16112518130B07120FCB
:10B5E40026FCF20EFC000CF7F10C0DF00813E80039
:10B5F400000908FC06F90F0C0A05F410F4090C0103
:10B604002703F61DFA1001F91007FD061B0D1003A0
:10B61400030F09011E18FA04190B00FF031FF41489
:10B6240006E20CFEF9F8FDFFF6FEEB10FFDFF9E988
:10B63400E5F5E2EEE6E2EDE6CCD3E0E4D6D8DADEF8
:10B64400CBB9EEEBC3CCD4E2C8C1E7F3C7CE07E86D
:10B65400C8D1F4ECE0F0EBE5D9E7FEF2DBEC05F75A
:10B66400ECF8F8F2030203F505FEFE180705000DD9
:10B674001B030C060F2A0B110A0A1401180F220BC4
:10B68400F83C0A05251413F5081D1803F3191202D2
:10B69400F7FF10F800FC0A16F609F905FE06250066
:10B6A4000A0D03161D0F081B0B00400C1220063157
:10B6B400181B1B141C0C11081C060A1CFE02020792
:10B6C4000AF60611F7F50302FDF8F61015F907124C
:10B6D40000F7F3050AF704F20212FAFAF41D06F170
:10B6E4000A08F9F002FB08F8F8FCF0F40D0DF2F783
:10B6F400FD070AF20509060FF0F70814F4E5050B37
:10B70400F7D1090FE9EDF1F7F4E6E6F6EFEFF4F51A
:10B71400ECDDF409E8E60800FAF0F60003FFF10AAC
:10B72400FAE016FEE60306F3D504F6EE09F4F6F79E
:10B73400FEF7FB0BF1FF04E701020CF7E50E07F13E
:10B74400F304FBED07030604F3140EFB050206FEE7
:10B7540008F2FC130009E9F917F6F9F909FFF611E3
:10B764000804070B0D0E0B0A18090B1A121215F414
:10B774000A181005131D0F05F81511071903FC0A03
:10B784000D071113040302FE12FEFEFFFEFAEE1271
:10B79400FFE8F410080AE5020AF0F10C12F803F0CD
:10B7A400F80CEFE807F7EE00FEDD0811ECEC14F8F6
:10B7B400F412FC09FB0102FCEEF00503FCF5FC0CA1
:10B7C400EDF315FD0507EBFD16FAE70210F400FD95
:10B7D40001FE000405F1E71D09ED0315FAED09FD6D
:10B7E400F2FFF8FE0FF7E40DFFE413F9F40DFFF98F
:10B7F40008F8F6FCEEF8FD0FFEF5E1ED07EFF703B0
:10B80400F5EF00F0F5F7F109EAFB01EAFF14FCE3B8
:10B81400FF1205F8F01F0AE7041017F51D150FE7CE
:10B82400FE3AEF091EF60709F81707F60D04EAFFBA
:10B8340004FB00F3EE040304ED0606F613FB0B1100
:10B8440011FDF1230606031628060806161BFC1430
:10B854001E100B1011030CFD0211F5EE04F4FEF69C
:10B86400E8E90006EA11FCE1EF120AEDEEF2EF045A
:10B87400EEFF06FBF9EDF904F7F5E60112F8F30F14
:10B884000AF4020701190707130608FD290F081611
:10B89400FF0A0B0A1F0B11021613F20F0D040013FB
:10B8A40001F51FF7F014FCF8F1FDFB0407E3F514B0
:10B8B400F1F2F401EDEE05E1F2ED0001D8FAECFF4E
:10B8C400DCCF0FF3E2D3E20FDEFBD5EC12E1FAE1B9
:10B8D400F4FFF3F4F01506E2FC0805F0FA0BEEFAB7
:10B8E400020902F4190703FDFE16FBFF161E0607E4
:10B8F4002305020A172AF0080F1010FD220B08F284
:10B90400FF2FFFF9061319F81C0AFF09EE0A08FABB
:10B91400010101F00CF9E41AFEFCF6FB0EEA0B0837
:10B92400FE0DF01813F7100AF6002212F506141C87
:10B93400FEF1111B050211120C040417F2081AE39C
:10B944000520EB03E4F901F8F8ED11DFFBF4D1F67F
:10B95400F9F607F9F4F3F3DCF202EDEFE2F603DBB8
:10B96400EAEA0B03CBFF09F1ECF805EF09FEFF0847
:10B97400DC16F800FCE9F7EE07F0F20AEFFAF1FC46
:10B984000CF3020700040D0AF90FEDFC29F10CF683
:10B99400FF13FDF1F92408E2131E01F9121609053B
:10B9A400FD021205010AFFFC15FAFF0BF92115EB44
:10B9B4000A0AF80CFE010410F00C12E81E00E81646
:10B9C400EE070EEB031407F60F11F313140415110D
:10B9D400160A051C08130CFE2206FE101C02F806AB
:10B9E400141303F60F0CFB0A08FDF0FFF40407FD23
:10B9F400FBDFFF04FCEAF002EB0D04EC03C9F217D1
:10BA0400DBEFF7F8EBDD0AFDE8E6FD18F2EBFBF9F6
:10BA1400FAF503FAF507EE0501EFFF03F9EC0BFD68
:10BA2400FDF70313FEFDED1312FD03070D030101E2
:10BA3400FAF51700FBFEF8EDF900F7FBF8F806EF4E
:10BA4400D71BF5F3FDFC18F4F207F9FF06FDFAFC29
:10BA540003F8040DFAEE0F1202E7011CFA010306C3
:10BA6400FDF5100EFB0506FA070E08F3051C03FC92
:10BA74000B0510091010FD07001001FA0404F4F579
:10BA84001509EBF3EFF317F9FC01F205F30702F6DE
:10BA940006F60BF7FB18F0F00C1809EAF61C10F682
:10BAA40006FA0B10FFFAF90513FEF6020604FEFD72
:10BAB4000107FF0609040D06E21315060107110626
:10BAC40011030A12F803100D080506FBFDFF030419
:10BAD4000201F701FC06FBED0EFCF30702FFEDF893
:10BAE400FBEF03EFEC00F5F0E9F0F905F0E6F5F70C
:10BAF400F9F2FDEFFAF5FCFCFBFCF4F301F20207AA
:10BB040003FDF706FD09FEF90D051912ED1E0DF7EB
:10BB14001E01FF0D0707FD09FB0504F7F306FBF003
:10BB2400F80302EBF206F1F2F0F707F7F006F2FE83
:10BB3400000410EFFC050E02F3090BFDF00A0A01E4
:10BB4400FB0907F5FF01FC05F60000ED0D0DE7F715
:10BB54000CF602050F07F6FE0910EC0B12F7FCFEBB
:10BB64000C08050106111408090B1710050D090D21
:10BB740013130E0F14FEFA0C130D0408061CFFFF1A
:10BB840016F9F61010E60D19F3F70109F8EE061090
:10BB9400EDF10704FCFA0508F9F6F606FF050CF4C6
:10BBA400FBFEFBEC0803F1EEFD11F6F8F6F206FEDF
:10BBB40011FBEF0CFBF20EF901FDF9FDFDFAF9FBA7
:10BBC400F4FD0AF4E700EDF103F6FBF3F000F1E70E
:10BBD400FAFCF00002F3EDFDFBFE01FB05F9FA02AD
:10BBE400FB02F8E00509F6FAF4FAFFF6F0FCFFF0C0
:10BBF400FDF9F5F8EE02FDEF0E04FAF1EC0D06FA8C
:10BC0400F905F50A0702FEFE06FC0C050714FBF114
:10BC1400181509FCF31D0F010A0E05FF0603101782
:10BC240010FA150A0F13FF011F13FD120C06050B62
:10BC340009010E0201F90513F50309FB04FDF201E4
:10BC44000CFCFE09FDF4FEFEFDF9FB04FDFF021BE6
:10BC540001EE070F0D07FE170E07040410F612037A
:10BC64000E06FEFDFD020412F5F30F06FAFFF404BE
:10BC740009F706EF0202ED05FA09F9EFFBF902F5FF
:10BC8400E6FB01F7E90C01EEEDF203F3F802FFFC29
:10BC9400EDF702E9F905FCFBF901FB01FAFD1302DA
:10BCA400FE0503020502FD0B050107F806FFF91165
:10BCB400FC040202FDF30EFB0209ED020AFBFBFA8F
:10BCC400FE02FEF5F50AF8F50500FFF00103060093
:10BCD400F90EF901070403F7040507FD010AFCFD49
:10BCE4000204020000010702FB06020006FF020331
:10BCF40003030104FF0001FF010000000000000035
:10BD04000000FFFF03FA0404F3FD040D05F4F80F2B
:10BD1400FCFC0C00F8EF1509F7EC0A0CF919E50125
:10BD2400110315E0F3221101FCE7052FF5EA0CFEDF
:10BD34001403DC021BF103FBF5E92BFAF4F0F827FA
:10BD44000EE0E6FD0D0FF7E01009F220EFE91BF617
:10BD540006FE0EF5FE1ED9F615EF0CF3EBEB20F103
:10BD6400D02AF808EFFEFEE4FF0F10D9EC20F10012
:10BD7400FFF0001AE5F02B17DF05180B07F71D037A
:10BD8400E1291608EA060D0D09F30FFD080800F96C
:10BD9400FE19F2F118EAEB0EF00308F3EA1DE1DFF5
:10BDA40029ECEC22F6F916EEF319FAE91FE1051273
:10BDB400EE0A01F1FA14F6EB080B06F7EE170CF392
:10BDC400F90317F8FD17FCF90812FA060BF901ED4F
:10BDD4001DFEE91DF9F80002FEEC09E70DE8F31F6A
:10BDE400EBE81113E2FEFFFD0601F607F40902FF7A
:10BDF4000110FDFB000EFD00090807FB19EF030607
:10BE0400FC16F4000504FAF6070C03F2F912ED042B
:10BE14000AF50D02E70C06EC1207F40106F808090E
:10BE2400FC0BFC020A0200F40E0306FC0601EF15EB
:10BE340004F50CFCFAF90A0004FFFC05F804FCFC08
:10BE440009F103F8FB14EF00FFFC12F1FE09F509F8
:10BE5400FD0B01FE0CFA05090B00FD11F114FEFEA9
:10BE640006FA15F6F90010F7FB000100F20400F1E0
:10BE7400FA01EF0409F6EC0202FD02F7FAEDF415FB
:10BE8400E70906F20ADF141BDEF30D0AFB07F400D0
:10BE940000FC1101F9FD0DFDED27FCF00907070376
:10BEA40003F307F402FFFB0302F4FFF9F9F805F5C5
:10BEB40003FFF40EE8F41CF8F00B01F9FA0F01F992
:10BEC40003F41905F6010BF1090BFAFAEC170CFC53
:10BED4000C01F4F7F92307EA09F4FA1400FCFDF164
:10BEE4000810F1FBF8F0070109FCECF9090D0CF658
:10BEF4000200020F080AFAF211040500FB040115FE
:10BF04000703F2F9040E02F30EFFF00DF505FE042B
:10BF1400F20BFCF80DEDFD17F5FD0AEB0304FFFF32
:10BF2400FFFC10F9F00B06EFF7100BF40B0303F80A
:10BF34000615F80118F50811040504FD0717F702A2
:10BF440008F306FF01FFFE07EA060BF4F0040DED0B
:10BF5400FE00F8F7F80E01ECF70F01EEFE02F7F51C
:10BF64000405E80705ED1003EB030601FA0205FEDC
:10BF740003F30A0A00040908FC0C09FD07FF040C7A
:10BF8400FE01F80A05EA0B00F70DF2F613FDE713BC
:10BF9400FDF214EA0218F9F20BFFFC05F11B06E0AE
:10BFA4001804EC08FB010CF1FD0EF7F30809E80591
:10BFB40008F909F3FA00FD06EE041000E6000FEE9E
:10BFC40005FEF4FCF9060101F9F3FA15F0FF15ED8D
:10BFD4000D14F9FC1FFBFD0C0C00FD0607020CFB05
:10BFE4000906FDF2100FDF1108F902F4FB00FB0053
:10BFF400F208F6FC09FBF901000200ED0907F5045B
:10C00400F60300D41810E00305E80202F513F9EE74
:10C014000C02020406020B0EF5061EED041A020EB3
:10C02400E90913FA07F90E0000FD04FCE50D09F512
:10C03400FBFFFBF908FD0208FA00F31101F419F6FD
:10C04400FB05EE0B06FB0806F60211E70303FB0BE8
:10C05400EE0E01EB0AFD0EF3000AFDFDFB0F04F0EA
:10C06400060FFDF2F912FAEA0F06ED06FDFB0CF8D5
:10C07400EF06FD0203FB000F0AF705FCF7110004AD
:10C084000BF10506F914F8DD1404F713F4F80303AF
:10C094000401F20C0208FCF718EFFC070610EFF994
:10C0A400010605EF0400F7FE04FBF4FF02FCFFFEAB
:10C0B40006FBFAF90D080405E50621ED060E02F368
:10C0C400F8160303F90000FA0DF6FFF2FA1BF0006C
:10C0D400FCFAE7F624F3FBFAFA02FA0EF3F609FA8D
:10C0E400040108EEFF020102F510F6F02102EEFA57
:10C0F4000119F8F810FFFF0511F7FF10FF0FFC05F9
:10C10400FC03010611F104EEF917F1FEFEFDFDFE3C
:10C11400F708F8F1000DF9000AEFF7090401FD062C
:10C124000208F2FF10F80BF1080CFAFEF60CFBFA09
:10C13400030F01EF0DFEF6020FFAFC0702FB0203E8
:10C14400030C0201F8FC0F0507EBFE15F0FF0EF9D6
:10C15400EA0B05F904FDF307090503F7F30116F6E5
:10C16400050FF9FA091BFA01FDEB160804FFED04AB
:10C174000004FCFCFB01FDF311FFE509F8FA0EFED7
:10C18400EA0010D91A0AE11EFBF90DF8F4080FE7CA
:10C194001618EF0EF00C14F20F09FBF71808F9FE4D
:10C1A400EF12FFFB0EF4FBEE0118EAFFFAF5FBECCD
:10C1B40004F300DDF816E703F2E91106FFFD04E7D6
:10C1C4000C15EF0D02F712020A0505070711FF0D02
:10C1D40001FA090404FE0A080514F7160EF21011F8
:10C1E400FAF70DF7F60CECED0AF7FBFFE8F709EBAD
:10C1F400EF04F5DDFEFEECF7F903F7EF0315EEF4BB
:10C204001AEA0607ED1307F61A0FFA1A19F6021BB3
:10C21400F30D11F2FB010201F60A0105070AFA0403
:10C22400060310EFF902EE02F80905F1030F0E0000
:10C234000301FD04FB070CF8FA03150C0F00FB11B6
:10C24400F6FDF6E9FAE1EC00F3F3F800FE091C2729
:10C2540019072936170B020EFAFBFBEEEFC2DBF9C6
:10C26400E716FFF31E1615162712EC0DE4CAE2D4E6
:10C27400B0A90103BAFE01D9E7F80107F709322989
:10C2840011FE40FAE4382B0904E9F8FBF335EDD349
:10C2940026F60805442A012EF5FC0510FDD3FAE71D
:10C2A400DB01C8D5FBE5E5D8CEE7152DFCF61AF081
:10C2B400F55E2E082AF0FD14ECDEE60A31F0C9F42E
:10C2C40011F0120EF91803190BF12310FB02371E9B
:10C2D400EFFBD9DD21E1C3DEDFFF43121319045A5A
:10C2E400050C17C6EB16E4C8DA4EF4BCEFD7B7302A
:10C2F400069BF6F8FBF12850E22930EB064413F5CF
:10C3040041131806141A06E1071011FCB8FF3EE6A3
:10C314000116DB011CEAEBF32C0FCD060CE4030D34
:10C32400FC1E1E0D2EEEC41E34FE101C2112DAE774
:10C3340000FDE9FFE20D06DEF607F2FD020108E06A
:10C34400D61516F902DFF5251709010CD4C9031E09
:10C3540012F5CFE9231AFCF72316FCFBFC2619D7A8
:10C36400D70A1CF4F5EA0808DB12E404EAEA00F050
:10C3740000FEF20C1705EAD5EDF5DD0315D7F8FC40
:10C38400E12001E8250FE008171E1DF8EC0118EF65
:10C394000404ED0E01FB1505E70904F01FE70B1972
:10C3A400FA180600F4E6E00C1AE5F404DD10F8DDF2
:10C3B400F9FA1EE40C2FF0FAFB11FC020DF2111D28
:10C3C400E50B05FFEDF400031BE0F52905F5FB0A79
:10C3D400081613DF1513FB0BFCFFF6E8E81FFAD66B
:10C3E400050D0EDDFE21D8DC240CFA190BF3131B0A
:10C3F400EC09F4F320EFEF16F1EA0C0E0B09020D31
:10C4040028F00D0E090BF8FFEA0E01F3F5FA09F80E
:10C41400D2110B1000EC10F70E09FB1504ECFCFA1A
:10C4240007F60402FE06E9F709F7FA29F5F21214F1
:10C43400F6FC10050005120501FD0CFEEC05F405E3
:10C44400FAECF5FBF7130D0E04FF0FF4EFEEFD0805
:10C45400040DEFFF08E906FD0E0ADDFE19E40B15D5
:10C46400E81C07F105040A000E09FA02FAFE0CEFB3
:10C47400FDF1EB0C070D00FF050804EEDC142CEDB8
:10C48400F50FF4F0FC0AF9FA0DE9FF04F40702FBD6
:10C494000C0E0217F9ED06FDF80AF2FDFEF806EEA1
:10C4A400FCF6081CF3010AF60304FF02FCF704007F
:10C4B40007F8E70A12F8F40DFFEA0A05FDF306008F
:10C4C4000814F2FDFC030CF4F7FBFEF9FC1706E577
:10C4D4000E1403F9E5140D0AFD04FDFA0DFF1AFF0D
:10C4E400F5F8F210EFF9040806EBFC0502F8120364
:10C4F400E40C1304F3E70B03EEFF12E1FE0FF1FF6C
:10C5040018FCF1FFF80CFDF60C0D07110DF8F407FB
:10C51400060605E9FA02FD11E8ED12FDF6160AEE2B
:10C52400FD1001F603FE06080501FCF2F70DF9FD06
:10C53400F802F9F91E01F706F90310F8EEFB090EEB
:10C54400FA00FDE909FCF218FEEB0F02F2080A0CEE
:10C55400FAFEFCFAFF0408FEFE0500F903F6EBFD03
:10C5640001050DEFF714F4150BF7F80204FD0A09A1
:10C57400FBFEFE0101F9F90E0FEE070CE8FE1A01AD
:10C58400F30A010014FFF904F3150DE4F9FEF807AA
:10C59400F60309F1F50F0402F9F60CFFFA01FA03A8
:10C5A4000AFDF4000207FBF900F7040EF4050BFB87
:10C5B400FD0DFD030C02F20501F207F5060605FF69
:10C5C400F902F10510FA0CFC080AE80E0CF20FF45B
:10C5D4000407E80A0200FD00F5F6FD0BF6F70FFF6D
:10C5E400F7FC0014EBFC21F8EC09F50A11FD0F002F
:10C5F400F60800020CE8080DF415F1FC100204FA28
:10C604000EE8FC26DA050EF803F90CFAE523F9EE38
:10C6140016F4F80AF9F219F20B02F41CE1EF24EC17
:10C6240008F6F31EF0010DFCF405FF050300E00F0E
:10C6340015F60B00F40109F712F1F907FD00FD03EB
:10C64400F7FFFF0313F4F30BF308FEEE10F80603F1
:10C65400EC0D0BFB00F7FE02FF040609EF0F05FDCE
:10C664000AF1FA05FD011FE8F707050104FAF405CC
:10C6740005EC0A0AE50FEF130FD80E05EE10EE0ACB
:10C6840002EC09FFF40C06E91EFAE90DFBFDFF00BC
:10C6940013E10B1BE00900FE020607EE0B03FE1874
:10C6A400EE040CFF09FDF909000210F301F7EE1482
:10C6B4000CE90909F9FCFA0900F30804FAF8000086
:10C6C400010208F7F60FF208FEFD13F2FC0FF9075A
:10C6D40000050DF5FF00FB050308F901FFF809F754
:10C6E400FD0806FB0601F80207F9040CFD0301FD31
:10C6F400070500FAF80501FBFCFFFC09FFF702043B
:10C704000B01F00309FC0402FE04F20014FBFAFF1F
:10C71400F606FFF903FBFA0E06F4FF0BF9000AFD17
:10C72400FDFE01FEFDFD0105FEFE02FDFDFE07FE10
:10C734000204F802030303FDFD02010101FFFD00F1
:10C7440001FFFEFD01FF010201FFFD04FFFD01FFEA
:10C75400FF00FEFEFFFE0003FFFEFF0202FE0000DC
:10C76400FF0200FFFEFF0200FFFE000100FFFF00CA
:10C77400FF0200FDFE000100FFFFFF01000000FFBB
:10C78400010201000001000100000001020100009B
:10C79400010100010000010101FF00010100FF008F
:10C7A400FF000000FFFF0100000000000000FF0187
:10C7B400FF01FF0103FD0105FFFE0AF60407FD0664
:10C7C400F60110F6F40AF80C01F601FAFF0503F875
:10C7D400F809F9F3F105FFFBF30DDD030ED40B0AA1
:10C7E400FB1105D9241F0005F5F313E92216EE0405
:10C7F400FC1AFFF8F015FC10E6E6E408FE0103E27B
:10C80400DC1BEB38EFADE94B3E0A0AD519CF2843C0
:10C81400D8C53448EA04DA3222E220F3EF0D2200CC
:10C82400EEFCEF0B17E8E7080113D90FF6EC19E358
:10C83400F701DB250C00E4FA22D6DC3307F5F6F128
:10C84400CB1D24ECE4F9041829E606EC0F3607EABC
:10C85400F0270BEE2012F1FE20F61502FD0CF6FF78
:10C864000D09EAF80BFF1300D910F01914D61DE9CD
:10C87400F30615F3D926EA0E06EF09F706EC2C00A9
:10C88400EE10E30D0200FD01FFF01900FAFEEF18AF
:10C89400ECFD05F3FCFEF207FEE80AF2E70AF3FCFE
:10C8A40000F6F40FFCF716DF0302F41B01F4FD0E8F
:10C8B400F40907ED17E90B08FD0BF10DEC0DFFE989
:10C8C40010F60DF7F60FF301F70FFDED13FD0F0949
:10C8D400EE0A02F80103F7F413EB100AE909FCF875
:10C8E40012F2FB10F0F919F5FD11F1F215F3FC2326
:10C8F400DE2304E62EE90808F50C0C09F123E9F916
:10C9040028E01FEEF915E71308EDF711F0010FF415
:10C9140003EA0F0703EFF4020009FEFE06F5EC0C30
:10C924000AEFF60FFA0EFA0801FBFD100CF007FDF2
:10C93400FA17E60A0BF401F919FA01F70713D707F6
:10C944001BDD10F4FC1100FC0A00E81BFA060EE7DC
:10C95400070EEF1005F1F9F2050BF504F103FDFEE6
:10C96400FC000BF0020AF5FEEC1AFBF11CE515F7CE
:10C974000F0DF60FFF030C02F8F41FED060CE21A7C
:10C98400FBFF0DF3F402EA0508FEEF07F70404E5E4
:10C99400F405030EF70B0FF4FD091206FDED160A5C
:10C9A400F4130CEB11EB0212EB0A04EFFB0900F891
:10C9B400FAF9FF0DF7FFFF0305FDF817FFE8F9117A
:10C9C40007FFFAFAF8010F09FCF8F811FAFB18ED61
:10C9D400F70A0AFB0302EA03050FFDE60900040552
:10C9E4000006FDF10FFDFC04F20E0A0BFB00E40C43
:10C9F40013F302FB02F8FD0A0103F00603050AFB28
:10CA0400F500000209F808F012FFEE020009F7042D
:10CA1400000200FC10FFFC08080B0500020D0000DA
:10CA2400FE020004F6F9FCFDF4FE0CEA04F5FCFE3B
:10CA3400FFFFEF03F80D03FBFC05FD0906F6FC0BF5
:10CA440006FCFCFC0C06FA0305FA01000000FFFBDF
:10CA5400FC080102F6F809FEFB0208F7FF0DF80CCA
:10CA6400F4FF04FE030302F401090403EDF61603C4
:10CA7400F9EE0BFDFFFFFD07FEF1FF080600F20DC6
:10CA8400F00D09F8FCFB0C050004F9020804FCF3A2
:10CA94000504FA06FA02FFF90407FFF90EFE030083
:10CAA400FA04FD04F5FE1003F7F9FDF80DF6FD0D8B
:10CAB400FCED15F3080BE318F80115F8F30AFB0372
:10CAC4000FF80407F505FCFB08F8FD050609EDF869
:10CAD400FF11FBF013F4FCF40B07EB06FE0607F062
:10CAE40007FFF41009F40DFD0105FA0AFEF60E0A1B
:10CAF400F9FD0AFD07F2040DF901FCFC0507F2FE3D
:10CB04000CF90BFD080DF3FA0CF70210ED08F30213
:10CB14000CF5EA14FEF112F7FDF706F906F70EF824
:10CB2400EB1B00FF03F1020AFDFF14EFFD12FCFCF6
:10CB3400F810FB08F90CFFED08FF0B02F7F70701EB
:10CB44000AFBFAFFFB1201FFF5FF05F506080AE8E8
:10CB5400F619020CE7FC1301FB0201FC03F20904C1
:10CB6400010AF9EE0A0BF80DF9FE12F80CF9F206B7
:10CB740001040109F206EFFC1DE8FC00F3FB0AFDC9
:10CB8400F7F7F70706FD0200F40605000BEF020CA9
:10CB94000502FEFDF60E010608F9FD08000301FF7B
:10CBA400F5FD1903FBDE0C18F70403FA03F5090C71
:10CBB4000EEFF20EF410F2F206F8FD03FCFE06F995
:10CBC400F907F70009E4050DFF01F8FC0BF80DFF68
:10CBD40002070502F41500FEF6040DF90603F00A37
:10CBE400FD07F8FE07F80CF405FEF40CF50A010540
:10CBF400F9ED16FC0BEEFA14F6F50FFEF9FFF70E3D
:10CC0400FB03FB06F8F818E40809FB0903F4FA131C
:10CC1400F3FD080302FA0409FCF20AFD0206F60118
:10CC2400FD09FA04F1FE07F70BF90400F90306F60F
:10CC340004FEFFFAFD0500F207FE03F20308F10CFF
:10CC4400FF01FCFA06FFFFF30B11F4FD0801F50ADE
:10CC54000EF903FFFD0900FD01F30601FBFE0402CA
:10CC6400F905F80607E909FDFD0703F80308EB0ECB
:10CC74000FF806F40313020303F6F5060DFFF90893
:10CC8400FC05FE0900F108FF0AF40EF702FFFD1788
:10CC9400F2FF09F8090BFC0BFCF91800FA0DF7EB8D
:10CCA4000D0C0505E90110F2FEF6FF06FEFE04096F
:10CCB400F4FE07F409FCEE0A020507F3FE0703037A
:10CCC400FF0400FC0B0D0A060DFE09FF03FDF0FB3B
:10CCD400F3F1E4DFEDE7F4F2E8F8FBDA1912EAF92C
:10CCE400FF143D19344AEAF0212019FFF10205121C
:10CCF4001C19F0011B17272105F1FC03FEFDE8D4E4
:10CD0400E6E5E9DECBBEB9D0DDDECECFD9E4F0F284
:10CD1400FA050B1D2D283A2C1C25262E2820131924
:10CD24001D2A0FFC1910FE0F181006FF0404EFEC67
:10CD3400EADBD7D2CBD1CFD2F0FAE7E7EAE9FCF1CC
:10CD4400FB000311FD180C0E0B0CFBF7280D0D0F47
:10CD54000E2AF804FBF10F1C211501FD111E2118E8
:10CD64001304F9ECF8EFF1E6FA1BE4D90BE400162E
:10CD7400D3E3F9FAE5ED0B0212F20C0FC50008EA51
:10CD84000904E0ED0F1525310901F71224F3060B10
:10CD94002A1AFC04FE16280E050E1E15FCF0F303D9
:10CDA400DF1203F3ECCCDC03F8E5D7EBF5EDF2D8B6
:10CDB400D8EFF41025FEEF0E09FB0202171DE7FE63
:10CDC4001D1AFF1B200A15180812190806DF140E75
:10CDD40001F706FAE205FCEFFBF1F1F3DEE7E70009
:10CDE400E9F706030BE7F6F31311DAF4F0FE0F2369
:10CDF40008E7F909250B221F03FFF42203EE41FD86
:10CE0400F61AFA0E10FDE6FFE7E71208E8DCEDF18A
:10CE14001A0FEAF418FDF907F920FFE0FB17E6D32F
:10CE2400F22D060C2511E6D225151AF1E1210FF594
:10CE3400DE2920CAEC0911FFEB1102D2092B0D0ED9
:10CE44000AFC13110611EEF1EFEFF40EF7D5F70219
:10CE54000516DEEF09C80811E7041EFF161CEAF2E6
:10CE64000FD3FF2AE814EDE72CF1EBFA2917F81891
:10CE74000604080D09DF0929FDF6EDE0F9F9DCF6F1
:10CE8400FDFCEF03D40621FCF41011F1F82927016D
:10CE9400DE010D0217DDF9F4FB13070B09FB2BFB75
:10CEA400EE0DFF03FE100AF7E31208D7071DF6D5AF
:10CEB400D80C1BDE02E6DF2F2DF3FD2400F6F5234C
:10CEC400140FE8C0FF20E5E92E16F1DF150BDF1281
:10CED4000D08E31C38F323EDFF2D0ADF010CE9D420
:10CEE400F30CF905FAE5071202F00DF4FC21E40C49
:10CEF400F7F0E9F12F2DF800EADC1007ED0625EB39
:10CF0400FF25F61804F816FB0BF5FC1A02D80911D4
:10CF1400E4FDF602FCFF0BF9F70200E0F90E071539
:10CF2400EB0810F313FAF3ECFC05E6ED0605FB162B
:10CF340022EFEB04FD1A0205FAF5180A1907EFF3BC
:10CF44000AF4030100F60309E4041A05F9EA110AD4
:10CF540004ECF703E200F404F1FCEFE8151AE6EA46
:10CF6400211504ED011DE40521EEEB0DEFED14F7A1
:10CF7400E50B14EE001BFAFA0B10FEF817FCFE0486
:10CF8400FB14FE10F0E30AECFB05FA15F301F104BF
:10CF940019EC0C0BFDF30608E90312F3FE0FFAF982
:10CFA400070505FDEE0D0A0701FC100B0FFD11042A
:10CFB400E70602F30FE3F117FA0702FCF80502F0A3
:10CFC400030AFEFD07100C01F61006F7FB03F0F14F
:10CFD4000BFE01F9010D0605F80DF20C0CF0FD0F26
:10CFE400F2FB16FAEE08F4FC0BFBF6F40BF9FB2249
:10CFF40006FCFE0F0BFC1AF1F811FEF2F6FE0AF421
:10D00400F3F606EDEA1FFEF70FFBDFF22603FF112E
:10D01400FCF1FB18F00505F9FCF8F9120006F90417
:10D02400110200F5FFFE0113F3FD06F400F3FD0504
:10D0340000F50209E914FEF216FAF0F50A110108E6
:10D04400F9FD04F907FA01F7F004FD08F9E80D0801
:10D054000EFCF30407FEEF06030210FEEC05FDFAD6
:10D0640002F60911EAEA110200FFF40D07010300B8
:10D0740012FE06EAFA06F2FD030F02ED11F8F00EB5
:10D084000DF5FA12F7F119FBF601FA0600F905FCA1
:10D09400F707FAFA0B01050CEF0F14FBFF0708045E
:10D0A400F9E8F21D010015F3E9ED140E02FFE50E97
:10D0B400120DFCEC0B05F8120804F2EA18FFF51146
:10D0C40001EFFC08F603FBF7FFF01B0FF7F5FD0675
:10D0D40003FDFB0C06FB0501E6FC0EFC06FD02024B
:10D0E40001FC01000607F51105F5FDF7050200F83E
:10D0F4000606FAF9000503F5080FF4FF1900010C00
:10D1040000FD04FCF51405F4FCFEF9FC0503000025
:10D114000200001009F9F8FFFF04F8EF0B09EFFC17
:10D1240000F1EE050B0300FF03F5030C0DF5050DEF
:10D1340003F5FA00FA03080FF8F50307F80614FCE0
:10D14400F70500FEFBF7000900FCFFFDFEFF0300EE
:10D15400FC0000FD000C01FA04FFFF0303FC0804BB
:10D16400F90206FBFE01FFFCFBFE00FBFCFE00FED9
:10D17400FEFF0007010105010100000000FF00FFA0
:10D184000001FAFD00FEFF01FFFE0000FFFDFDFEB1
:10D1940002FDFCFEFCFFFDFF00FDFF0100FF03009C
:10D1A400FE020103010001FFFE000001FEFF010079
:10D1B40002FFFEFE0000FF0200FF00010101010169
:10D1C4000102000102010202010101010101010148
:10D1D400000000FF00FFFF0000000001000000004D
:10D1E4000000000000010100010101000000000036
:10D1F400FFFFFFFEFEFEFEFEFFFF00000101010136
:10D204000100000000010101000000000000000016
:10D21400010101010100000000000000000000FF06
:10D22400FFFFFFFFFF0000000101010100000000FB
:10D2340000000100000000FFFFFFFF0000000000ED
:10D24400000000FF000000000101010000000000D8
:10D2540000000000000000000000000000FDFDFED2
:10D26400FFFFFEFDFD0206040705080A0C07090A74
:10D274000909040605030304FF04060C070702FA60
:10D28400FDF7F8F9F5F7F0E8EBD4C4C9CED0D1D363
:10D29400CDCDD0D2DAE717F0D4F3F10009F7142F8B
:10D2A40017EAF40A1025323A18F1FC13253B493FDA
:10D2B4003741635E5C534C402C0B000D0AFEE1D9F0
:10D2C400E6D8CBD1E6F404211B1E0EDFF4EFED1DEE
:10D2D40009170AD5E2060D1E31252E20F1DEDCE108
:10D2E400D0C2CACCCEDCD5D6F00A121B02F2F1E7CA
:10D2F400380DD004FBAA08E2061DD40C040C0CF073
:10D304000303EDF2FDE9F5F5FAFED5F2E5DD02FEE3
:10D3140004F7F0F600F41C06090F000D050D050BCB
:10D324000F1010090F120A0B1F130F0A0204091B16
:10D334002613FA141B0F1217153F292C280C182535
:10D344001B14120A14030003FBFE05FDFCF9ECEBAD
:10D35400ECEBEDE4E0DDD9D9E3DCDBE2DADFE1D6C6
:10D36400DADEDFDDD4D8D8D0C7C9CAC7D2D4D3E572
:10D37400E5F2F8ECFC140C0C1A0F0E3027253E31A4
:10D384002C3A3A29323B4726294330392A362A2572
:10D394003F2034261D19171D2317FD1A1C0B0212DA
:10D3A40014F8FE00ECE8F5F5DDE7EEE4DBD6DED5B7
:10D3B400CAC8D4CFCED1CBD3D0CED6D7D9DEE7F41A
:10D3C400F0E8E9F1F5F6F504F9E6FB00EB0202FEFC
:10D3D400F3E20001EBFFF8FAEFF201EEF5FADDF407
:10D3E400F2EEF7E2FDF8DEFCFA1B00E90BFF2A136C
:10D3F400F91C241F17223D2E271B352A1226291D0E
:10D4040024211A1D2111141D12151A18161F061E87
:10D41400210B102519FC1E0A1A011314E90C0BE840
:10D42400FAF816F9F7F5F1E8D2F6F8EDE9F8D3E2EF
:10D4340008E6C7D109D2D3FBDFD2D8F3D7E5F8EB9E
:10D44400E9DDF9DDE100FCF0F4EFEBF5F0DD0404D7
:10D45400F7EEF7FFDF0800F7F6031AF401F40C0FF8
:10D46400031C1A1A270F132923222C1E27292625C9
:10D474000D233A0F2B272F280A13312C081D35149E
:10D48400111B2A0BFA2C13070123060514F00C0CAC
:10D494000DE7001DF40BEFEF04E9EDF4F0E2CAF13F
:10D4A400E3E3E3E1E1E7DFD9DCD2CBDEDEE2D0CBBC
:10D4B400E0DDD1CBBDE6DDBCC9ECD1D8DADCFAECD9
:10D4C400E5DFF8FAEAF80202FAFD091C0AF60F127F
:10D4D40016070B100C180E151C160A1527101E1C07
:10D4E400FF0B08102108FE1212FD012420000C215C
:10D4F4001F121E191326160406230DF6F31D11E739
:10D50400F71917F4F8FA0B0202FFFB2209EB1122B8
:10D51400FBFE022629FB061B2811FE2D1BEE131D04
:10D524000BF3EA0FFDF0FFF305E9F6EED1EEF7C1D8
:10D53400DFF4D6F2D5E5CCF3F5C611E9D7E40EE96C
:10D54400D504DBE70FE3F5FDD8FB010EFD091BDB7A
:10D55400FC1F0CE92929090E1B11130229260B10A3
:10D56400152DF5F5293210F8270BF91CFC112C0B9D
:10D574000EFBF71208D90C19DDDB04FBD5F0F6FF1E
:10D58400E9F5E319E7EB0FF91AE5DC090BDEE70D22
:10D59400FFFCCB0231F8E1EE0323F0F0122AF8E9A4
:10D5A4002A1CD6ED270EE5E91705E1C9EB1EFFCCD1
:10D5B400E9F3F7E5F5FAE607ED02F6F2F8F71300FA
:10D5C400FE0C0801EBF52D17F9F31D15F1E71721F2
:10D5D400F0FDEF19DFFC15D2F720D8FA0FE2F504BD
:10D5E400240DE4160C19F5DD201C0DF4FD2B11E3BC
:10D5F4000831F818FFED2F0AF7FFFA0F1AFAE316AD
:10D6040011F403061C16E9F30D0013FAFEEFF510EE
:10D614000DEFFD1BF41104F703080D02F90D19F8C1
:10D62400E9102E09D60E33EDF3FE3026DE10030C7E
:10D634001EE42328DDF31C0408EE1DF9DDF711FCBC
:10D64400F00FE1152D010115000D01F81D0AEEE69C
:10D65400FEF9D8FFEEF1EDDF02DEF1D5CA25FCE2DA
:10D66400E30511F3EB0B3BFBDDFF191BF70A1DFB75
:10D6740006092904D0022F1CF9E916FC13F6F53229
:10D68400E2D0E61B1EDDFA25F7F3190FFBCF0424C5
:10D69400F4DDF217E603D2DF0CDFBDD908EEBCD40B
:10D6A40015FAC1E50AF3E702E9F30D09E7F70115F5
:10D6B400F8CF0E040D04EA1400E01F0ED41725EB76
:10D6C400E1033724DBF125E6114011E4ED3517FAC7
:10D6D400063814E22723E6EC2613DE2103F4E7E8F8
:10D6E400140BF80AEF041AFB0DF12336F41521107C
:10D6F400EB0C2CE8061E09EDFFEF16E7FD120900FE
:10D70400E71BE8002CF8ED04061BCFF8111016EA0D
:10D71400090B1FE10B050326E6F02A1AF80619E1A6
:10D72400F525E9D8F730F3D11EE1E11E000AED0733
:10D7340014DEFB051D00DF200CE5E821F4050B00D9
:10D74400ECF5F7FC27F5CEE8150404CE08050FFD2B
:10D75400DE2DFCDC0E1006E0FA07E00D010ED6D338
:10D76400161BFFCBFE041408DB102C04E0F83E0B60
:10D77400EB0DFCFC1709D21121FBFFF703FEEE268B
:10D78400F4ED121602C4F3351FD8DC2C10E20C069B
:10D79400FE0808E4121A0DE608060718DEE51D1F48
:10D7A400F6EFE70110F300E7FA02DE0107E808F7F5
:10D7B400FAEDF92AEADD1628F005E20C0DF808FA6C
:10D7C40019F5FE02FAFFF9F3FB01EE0F0B00D9ED98
:10D7D40031E4C51720FEE8E50F0607F6DC1D27E84F
:10D7E400F50FE8EB041507F70EEFF7F5F90AF5095D
:10D7F400EC130A00030C0AFD3338F01226FD0DF475
:10D80400192116FFE81DF9F634FEED22F7030DFF8A
:10D8140003EB19F8F80FFCF320FA12F7FB04F12BD1
:10D8240014EC06F0DD0A2A02CD0E0AC9CC0C22E063
:10D83400C3210EDDFC0CF7F222E10429FDCD0E1309
:10D8440001FFFA1902E2E31F05E4F90FE50608CF28
:10D85400E61011D3FAFFE307FFEFFDFDE1E216FE48
:10D86400F01D0FE41521E8EF13121AF40DF9E72760
:10D87400E6100901EAEC28E2030FFFF4E23F18CCBA
:10D88400E92409F51C00FAFC3002E0042700DFF764
:10D894002512E1E41326F1FCF0110FE5E220060362
:10D8A400E10112E81210EC000015FC1E02E3231B38
:10D8B40007D7131313F5F20C10F0F5FD0320F2F55E
:10D8C40009100801DEF3302DF5E3F81F030E0701FC
:10D8D400040DEB061DFEF6090F120204E6F9111001
:10D8E40020DAE828F8E7130DE0D11A2CDBD1210760
:10D8F400D7FC0D21F7C0F22E10C6E51502D4E809B5
:10D90400F0D50CDDF5E9E10BE90CF8FA06EDC400FD
:10D914001D0BD2F617D0F3FBF4F3D507FE0204FF78
:10D92400ECE50E36F3F61FE3F12B0DE60B2827E9A1
:10D9340021FEFE33E50E3915EDD21B37F9FB03FE4C
:10D9440009F82214FDFCF531FF17FEFE131439F219
:10D95400F42B091901122BD1F331F0DD061206DA8A
:10D96400110ECFE32F3E01D9F614E4061A0C11F878
:10D9740002FDF212F60616F20EFC01D70E25DFF2B6
:10D98400F407DAFBF9F1FF07E9DBF23AF8F6EAEA21
:10D994004B02F00F083DE9DB1C1FFFCB121CF5F214
:10D9A40001ECD8EC1DFBE5C61624CCF6FF15F0CB34
:10D9B400210803F8E409F302F605EB0008ECE6EAB3
:10D9C4000B10F309D6F02DE5E70DFEEF0D16F31A53
:10D9D400FDE90B1D2BEEDB2C25F8F51D21DCF735BD
:10D9E40005EDEA180BE4FE07F8F621F7D8250AE25C
:10D9F400E7032E03E91B0201F204E8F71503F6E13D
:10DA040013FAF3FAE40B13E9F5CF0A16F7F0E63745
:10DA140000CC16FC2403FD16F80D0AFBF32134F6A2
:10DA2400E5FC0031F9E71915EFE31126F9E7001ECB
:10DA3400EF06121106DE2F28CFFD220601F216E0B2
:10DA44001C0BEC01F318D7F721F2FCE90200D21405
:10DA5400FF01FAE20FE6F614010AFFF3DE0AFDDD28
:10DA64001500F9F2F81BF9E0ED272ED8F7141DFF85
:10DA7400DA111B050CEF060720F5E71F1710F4F069
:10DA8400250F0FFCDE0F0116090300FF0BF012DE59
:10DA94000715D00E25F2DBDE1C1FDF0221F1D110A9
:10DAA40023F8D10F22DFC80614EDC4F01B08F9EFE8
:10DAB400FDEB131EEFF52CFCD7DF2F2FEAEBF0164E
:10DAC400FA03011407D81A1BCF020C0B29E4EE0148
:10DAD40018ECE82B1C01DDF70B0F0705F80424EE06
:10DAE400EC16091009F00CF51404E1E1FE20E0D86D
:10DAF400101CF6C6F73A0ADEDF2320F8EAF82BFA00
:10DB0400E8131808DF131AFA13F22600F8060411B2
:10DB140001FF150600F6F5022204C8FE270CD8E51D
:10DB2400330FEBF31B17E1F12410EC020B04EBFEB3
:10DB34001DF6DCFF19EBD0EC2CFFECE8E90CDDFF63
:10DB4400EEED18DEE62305F8D4F939FCDB0221EA10
:10DB5400ED181BF5F7ED191EDBEE101406DFE528B2
:10DB6400F9EE0E0C1FDFDA2326EEEE1B22DCFB1B84
:10DB74000003130306FEDC00000B11E3F921EDF1B1
:10DB8400F92600ECFF070FDAE01326DEF30CFA00A7
:10DB9400F8F413FAF1080704DBF715F4DA031BF1C0
:10DBA400E30910F9E9D4091606E8EA130FFC03DFC8
:10DBB4001F28DEF02917EEDD0C2BF3F213FF0DEF17
:10DBC4000F21FC100706220FFF120903070114227C
:10DBD400E61412F30DFD1400FBFDF70104FB06FA35
:10DBE400FD09F3E213EFF01BF3F609F2020AEA036C
:10DBF4003105DF2429F0DDF73C14D7FB1108DBF7EE
:10DC04001A09F7E21F0FDDFE13F71910DDEC1C2BC8
:10DC1400F0ED19F8F1ECE91313D70110EBE714F761
:10DC2400F7F70919F0E703F20EF4D5200DD3EC1839
:10DC340014E8F814F4F7FB130200E20508FD0BF1F5
:10DC4400D60324E4E429F6FAE5FA29EBD91F24F3F0
:10DC5400E30824F8ECF61902E3F11E01F1D2091BE2
:10DC6400F5DDF917FAECFF0CFDFBE50A0BFC0EE6FB
:10DC7400E21E1FD6ED37F2EA160AFD0D040A04E689
:10DC84001D1DE3F01923F0E51716FDE103180B0F32
:10DC9400F6F60F071DF21515030DE90533F3F80D1C
:10DCA400FA2307F60A07FA2200FD07F41AFDF60F15
:10DCB4000302E0FE1F01E60B0303F2FF07FBFC086F
:10DCC4000602F0F800E5F81408F9E9F702EF0FFF8F
:10DCD400F6FB04F7FD08F9FA0EFA0003F90300064F
:10DCE400F8F908FEFEFCF80202F8FC0900F5FEFF54
:10DCF40000FFFD02FDFFFDFFFB0101FE01FF00002F
:10DD0400FF000000FF01FE01020101FD0403FCFD10
:10DD1400020800FF03F8050109FA050AFF09F804DF
:10DD240010F2F0100D01FBFCFDF7E61001DD0FF61B
:10DD3400F5FE01FAF0F6FA0BDCE91FF406E7FE172C
:10DD4400D911000E0F03FF0FF5130108EB0D06F2B6
:10DD5400DEF811F32AE10603E227DA213FBF1C1F94
:10DD64000010161FD1122F05FCEF101DF5D10A1E4D
:10DD7400E105FA0413DEDDFE1F02C8D62C0BBFDE5C
:10DD84003906F3E8E414130EE817EC2AFFF4150F30
:10DD9400F4FA04E0F3282AD0F9270FF6D0494ECB41
:10DDA4000D36F20B17FDF8161FF6EFF004D6E41942
:10DDB40016D4F6F8CB0BF7D7FBC818F3DEF7D70069
:10DDC40011E4DB0542DAD6141919C2FE1413EBE987
:10DDD4001A2100EF09020A22E1EC38F0F41AFF36A6
:10DDE400E2201A0C2A0A39FA042EFE1521FAE90F48
:10DDF40006DD2707FBE4081DE3F30726DFBB3EF23D
:10DE0400ED08E0FEFEF507EA0C0BE4D72419DC006C
:10DE1400FE19EBE31DFBF909E60D08EBFBFEF70F1A
:10DE240026F61DDAD35919F706E22AF3FB0C27115B
:10DE3400D0E1360E0116C8F63AEB01E9EB20C4181E
:10DE440048D7FD12EACB094509CF120AD01AFCF7CC
:10DE54002EE1D30C14FEDEF10EE7E50E08E7FB021B
:10DE6400E7BE101CB725ECE90EFA24CF06DC1CFE35
:10DE7400E944DEC32FDFEB39E5F91FF01EFBE61D95
:10DE84000FF6F30CF3EADA64E90003E44B0DD41C57
:10DE9400DD310405F51935A9111F1519CA36010319
:10DEA40000E31EB33F0EF42ACD0F3ADDFA470CF01F
:10DEB400140B13F60116D93300FBFDE31BFFFCFA28
:10DEC400FE0005E5EE0DEB05F2DCCB061AE6E316E3
:10DED400D10F0FC8EF3805CC0735CC081F0BFB0258
:10DEE40043F5BB0350E9DC1B10E7EEEB16CA2747EA
:10DEF400D1C91C2FD8CF4DF9F107DC0C092BE8EF61
:10DF0400F03611F9D10723FBF81CCD3011CD1E21B9
:10DF140019E2C41B32BCE23FF0F303CE1CDBDD3953
:10DF2400CDDB0E210ECF16F52FE6B1253C03F8010B
:10DF3400DB2FF2E32FE1F1360B16D60D18EB4F026F
:10DF4400D5130EFCF42DEFC81B0F00EBF41DF0F6F7
:10DF5400011BEBF500120CF803F3FF06F8F50A15A4
:10DF6400DDF022E1EC1808D8F61DD40204F725E20E
:10DF7400F80809FCFD1DF5F90F08EA2B19F7F4FC64
:10DF8400232003F8EB2007FA1F05FBDF0B1400FA2C
:10DF9400E50B12E2EA1CFFDF2204EBF6F9ED1D1B90
:10DFA400E5FEE4031CFCE20504E30610DCE0E9F40E
:10DFB400100AE5F7EAF329F01FECE22FF8FAEBFD7B
:10DFC4002E06FBED260BC5002FF8F223D21D07F613
:10DFD4000FDB1B11F30DE32709EA1718EBE527E222
:10DFE4001202E710F40B27FCE6E32BE40111CEEE5A
:10DFF4000515D2F82AE8DBD13502D93406E1F82236
:10E0040010E50935FDCF2340EBBF0831E8FCFFF3F1
:10E01400F60607EC1BF80118DB1027E0FD2DF22FA4
:10E02400F9C81D32EBFC1EE32E2DE41AF2DF2CEEB0
:10E034001D0E04E0CC480706D2E344CFD63304EAED
:10E04400DE1FFF0FE6EB2713FD091AC1F04201059D
:10E05400E6E32CFEC1E52508EB010DEE0620EC02FB
:10E0640031F5D00536F5E50720E5E830E9C80426A2
:10E074000ACBEB23F9D915F0FFF706DFF640F0D011
:10E08400242EE9CB1132EFE00A32DEF543E6E63F17
:10E09400EBE31727DDCC132E01E0FB11DFB8363A92
:10E0A400D2F82E2EDCEE2712E0ED34F5F4FFE9F47D
:10E0B4002904BA1112D904D12601C01611E7E5FAD0
:10E0C40003FE12E4CC101403FBFADE0D12F60FD794
:10E0D4000E42D6FA0A1FF6DE1B1CF0ECF91125E9F4
:10E0E400DC2210F60228F6F91C2001F92815ECF8B8
:10E0F40035F0F407FB16FFEEF219EEE6FE0FF70516
:10E10400F8E0ED190DF2E01304F2FA0811DCF92F2E
:10E11400F4F01B1DC9F31812E4DC24EFF50DFD0324
:10E12400E9FC21EFF928EDFC081035F2FE1FEA1591
:10E1340042E0E1253CD50117FA1BC01E2BC8130091
:10E14400E806030CBFF544E6D721F1F0E22315E11C
:10E15400DA0D09E50611FCD1F40C0CF1F8FDF40F0D
:10E16400F9D61716CCFF22FAD20637D7FF3809069C
:10E17400F8EE1F020639FED51226D80A151200E061
:10E1840015F5FF35DEF50DFD011DD90C09FF0BE07A
:10E1940010061DE5DE1F23DEE103FEFBF711EAEEA8
:10E1A40012F4DE0816DEF815FAD40B13FFCE0F3482
:10E1B400E4DF34F5ED1B1405F30C07E4002602F646
:10E1C400012DE6C52430D0042C0DDDF31B18F20418
:10E1D40016E73014E6F40116F4EB14F8DF0D23010E
:10E1E400CEF51AED13EA05F1E1F804F6EE02F7FFB5
:10E1F400F8ECF72B1FDCE72C0DE2EC0C2DF7F90AF9
:10E20400EF1C11D10625EBE4F910F8EFFE0B08081A
:10E21400061601EA32030718C80C1AF8F40604F1CA
:10E22400E9E52CF6ED0607FFFE14E5F713D9F92509
:10E2340004F6D20329DCEA1015E4070EF9EBF6150F
:10E244000600F5190AEE12FCF813EFF90029E5CCE3
:10E25400232DD5ED0A2D0CD8231CD9FB1F18F8F853
:10E2640019EAD9211DD0FB1902DA0613CDF83311AE
:10E27400DFFD1FF8D701280AECE52312F5E9F30EB8
:10E284001805E415F70EF7DF2AF1EB150CFAD31D88
:10E29400F1E83416E6FE02110BF3171CD6F83D0C18
:10E2A400E90E1FFCE51124E3DB291DDE0911D5006D
:10E2B400E3F52400F4DDFA2504EC06ECFF0411FF79
:10E2C400E6F617EEFB22F8F9E2DD211A03EFFFD898
:10E2D4000626D6F717FEFBFA0F0AE3E3172DFBF227
:10E2E400E80806120DE3020BF31BF91301EDE31525
:10E2F4000B07E4002E07DAE41AF1F4130BE4EF2D14
:10E30400F3DB1C24FFCFF228F9E505FAFA0FFCDC55
:10E3140012ECF90BFC18F2D51E28DD0023EA00EA02
:10E324001C07DB120E0C06F119EFEA2DE71909E7B9
:10E3340008FA1C09E01011EFEA1213EBFB15ECE2EA
:10E344002C07D2F7221FE8E22909DC0613F803128E
:10E35400F2E7EB0605FB13EE08E51719F510FEDAF4
:10E364000F1412E8F41FE2FA18FEECF62212D1128E
:10E3740025DDEC200100F20CFCF525F20CE5FB2B6D
:10E38400DCF633E8EF0B1B0CE2161AFDEA2B1EF049
:10E39400F926EBF222EFD614FFE908EB16E0E02CA5
:10E3A400FAFF12EEF1ED15FED1211EFFFCD4190681
:10E3B400E72302E210F8FB02FB10F8F902F11AEB72
:10E3C400E80C0A2EE6C80E18ED000C0706EA022F28
:10E3D400E9F9041DF7E3380AD00AF9003CE4E9F846
:10E3E4000221D9FA29E9EDFD0120E0FF01FE25E231
:10E3F400F11EF0ED2213FDCFF518F6E9F01DF5C876
:10E404002003EDF7EF15F1F3080B00E4160FEB2AE8
:10E41400EF001901D71D0EEC10FC1605EEE3150FE5
:10E42400F9FEF0FF2003F4F1200EF6F8131BE0DDF3
:10E434004A14E222F7EC00F51E0AF3F8F822FFF181
:10E44400FDF60CEFE51800F9F004FCF8DF04040312
:10E4540001010BFEF5F408180CE40F0ED7F81606AC
:10E4640007F0F418DAF92B00F8ED052800E501129D
:10E474002FE7101806F6FAF72224E8FC07EA10162C
:10E48400FDF40502FAFF000A02E0F011F8F7F1F4D6
:10E4940008FDF70808ECFF07F91CF811FFE7F0176F
:10E4A40007DFF720F6F2D21605E916F20EEC11FD9D
:10E4B400E92507F31506FF0A06F206F2FD06F1E464
:10E4C4000A11F9E105040A00FF17F4E500151BEB36
:10E4D400EC04FB05011406DF180F0B0ADA07050D1F
:10E4E400F814F6DBF70EFFF7FEF6EAF1020008FE79
:10E4F400FF0AF7F70817FD0E051EEEF21CF4200ABA
:10E50400F504F5F5EF1F18D61D09EF09F60D07F010
:10E514001815FEE90A09020E0FE70D0001FFEB1DB5
:10E52400FFE7071CECF8FA12F1F21CECE8FD040F0B
:10E53400E30905EB18F3E31D2005D61322FAEBD308
:10E544002714EC0BEDE80818EDEA2004ECD80829B0
:10E55400F2F529EF070213E6F62416F1F911F7068E
:10E56400F3F9FB081BD3EC3103E4CE222DC9FF0ED3
:10E574000BE7E51FEA0B1000F3F00C0AFA13FCFF9B
:10E58400F909E6F6311AD6E41C21D9E20A10F2F6AA
:10E5940017E60706FEEB1720D4E01F04180106EA6D
:10E5A400D01712F8E70317DC170E03DCEE2002EA9B
:10E5B400FCF9F3060C0CFC0B04F7FA0C0DFCE4223A
:10E5C400000102E10915FFF5EF1A1CE0FF2EE7E553
:10E5D400160810F2080311F9F32FEAEB150C07EEF5
:10E5E400FF03F8F7F11428EDDA0C33E50303000C0C
:10E5F400F20DF7FE08E40900FF07F3FBEC1C1AF622
:10E60400F9E91214EDF70BFFF0F6F81EFCE209022B
:10E61400F809F9FAED1B06F80AF50B01F119050BD7
:10E62400F8F41015FAF8020B1AE7EE1C08FE020CB7
:10E634000FEEFE13E9FF15FFE00307FAE5FE12F7FC
:10E64400F6F416F4EF1CFCF61307FFEA0110F4EEDF
:10E654000A09FEE9EFFD1901F104FFFAFDF81507B7
:10E66400E905F80907ED08EFFC15F50BFDEE0F12AF
:10E6740007EA0614EC0F0F0F0AE5FA1F0000E3F394
:10E6840023FAE6100DFEE4022404ECEE25FBDC1E66
:10E694000EF6E7F81BE3F611F6FBECEE1D08EAF0C4
:10E6A40011FCFFEE021404E1FA2601E1FC1CF6F071
:10E6B4000E0BEDFD1FFBD72112FDF8F717EF02211A
:10E6C400E9F007110AEE1008EC0A100D0C04F90B1E
:10E6D400F30A11F30201FA0012FAE0FC18FD06FD38
:10E6E400F5ED05030301FFF8F0FC0C03F3E7110358
:10E6F400F709FA03DE0020EDFD10F107F9F812FD29
:10E70400F9FE000FFEE91109EF02F416FEFD0AF707
:10E714000F0AFEFEFE1101ED090806F9FF0404FCD0
:10E7240005FCF901100301FA040004F9010C03F7D4
:10E73400F5080FF6F20903FDF70403FCFB0106FCE0
:10E74400F8FD04F9FD0DF50204F7F90EFDF5FF04DB
:10E7540002FCFF0101FFF50CFFF402030501F501C2
:10E76400050104F80108F6F80D09FBF70703FC019D
:10E774000002FCFF0BFFFD020201FD0203FD04FD8C
:10E78400020802FEFD000402FB0307FEFD0402FF73
:10E79400FFFF01010101FDFF0300FEFF0101FD0177
:10E7A40002FFFF0101FEFF01FFFF00000000000067
:10E7B400000000000000FF00FFFFFFFF01FF010059
:10E7C40002020001FB02FCFEFEFF010101FDFCFB55
:10E7D400F900FF03060D0C0F160B12080309030DB5
:10E7E40002080304FBF5EEE4DFD1CBC5BAC3C4C011
:10E7F400CED3E9F2031A21353E494F524C4B4A2EEF
:10E80400210A0500000DFB10191C18191B19100A08
:10E814000000F4E9ECDBDFD9D2D7DED8DEE4DEECAD
:10E82400E6F0F0010B07131914210F201D13231414
:10E834001519170F0E0707010402FDFFECF9F0ECA0
:10E84400F2D8DFCDD3BABABAB1B7B3A9B5BCB2BDA9
:10E85400C1C1CBE3D9E3F4FD120925272E2B3B30AC
:10E864002F3E273F323C3D3D433B4B3D56444E53A8
:10E8740041514D4A4D4840363E252E1F180DF8F99A
:10E88400E6E8CED3BEBEB4B0B9A9BFB3BBC0C3C55E
:10E89400CBD1CBD6D3D9D9D8DDE2D7DAE4DDEBE7D7
:10E8A400E9FCFD070D14181F2E2639313B372F4381
:10E8B400383A402E332F2425271B0E140A0E09083C
:10E8C400FE08060D0A0211F6FEF7FDF7EAE7E4E199
:10E8D400D8DFDED6E5DADADADDD9E3DDD3E2D5DF77
:10E8E400D3D3D8CCD9DAE7D9E2E6FBF7FBFE0600AE
:10E8F400FB02F7F4F7F1F8E7F1F0F1F8F708FF118C
:10E904001612212B30383534423D483F38372E24F7
:10E914001C1818102315191E1D2F292B30272223EC
:10E924001010110107F8FAF9FDFAFDFFFD050100C9
:10E9340004F7FEF500F8F6F3F3ECF2EEEBEAE2EAA4
:10E94400E1DAE5E0D6CFCAD0C3C8BFBAC1BFC0C8F8
:10E95400C5C8C3D4D0D2DDD6D7D6D7D2D9DED7DB7B
:10E96400DFE4E2E9EAF6E7F5F8F804080B120C151F
:10E97400171A171E1F2121262B2A302E372E393A1B
:10E984003D423A43464B46504954575658564F53C6
:10E994004B4F4941433F3B3B392F34312D2F262CDC
:10E9A4002724231D1F1A14130302FCFCF3F3EFEEB8
:10E9B400ECE8EEE9E7E1EADEE3DDDDDCD5DEDDE02F
:10E9C400E2EDEDF3F7FAF9F6FCF7F8F5F0EEEBE526
:10E9D400E9E2E3E0DFE1DAD9DAD9D2D0C9C8C6C5C1
:10E9E400C3C2BABBB9B6B8B7B8B9B9BCBDBCC1C467
:10E9F400C1C3C3C3C4C0C3C1C2BFC5C1C2C8C7CBDE
:10EA0400C9D2D3D8D8E0E0E2E5E7EAE9EFEDEFF1E7
:10EA1400F3F6FBFBFD03080A12191E25272F2E34DB
:10EA240036353A373B3B4042414547494C4F5052BB
:10EA3400525351504D4E4A49474343413D3E393765
:10EA440035332F2C2A2425222123222428292F342C
:10EA5400333B3B3F45454646474849494949494870
:10EA6400494847474544433F3C3733322A25221C13
:10EA740019110D0603FEF8F2EEEBE3E4DCD9D5D36D
:10EA8400D1CAC7C6C0C1BFB9BAB4B4B4B1B0AFAECD
:10EA9400ADABAAA9A9A7A5A6A4A3A3A3A2A2A2A316
:10EAA400A2A5A7A7AAADABADB0B0B4B5B7BBBEBE67
:10EAB400C0C4C5C9CACECCCFD2D2D6D4D6D7D6D864
:10EAC400D5D6D2D6D4D1D1D2D0D0D1D0D0CFD1D026
:10EAD400D1D3D2D4D6D4DAD9DEDDE2E5EAEEF1F947
:10EAE400FC0108090E16191D2025272D2F30333758
:10EAF4003A3A3C3D3C40404142444545474A4A4DF0
:10EB040050525355595858595B5B5C5B5A5C5A5A7E
:10EB14005758575656555554525251524E504F4BC2
:10EB24004B48474441403D3835332F2C282522207B
:10EB34001F1C1A1A1C1A191618181717171514134C
:10EB4400120F0D0D0B0C0A0A0A0709070506050723
:10EB54000405020303020000FFFCFDFBFBFCFAF8C2
:10EB6400F8F6F6F5F2F2EEEDECEAE7E3E0DDD8D7FD
:10EB7400D4CFCDC7C5C3C0BEBBB8B5B5B3B0AFADB8
:10EB8400A9A9A9A8A7A8A9A8A8A8A9A9AAABAFB0E8
:10EB9400AFB2B6B6B7BABBBDBEC0C3C4C5C7C7CA99
:10EBA400CDCED0D1D1D4D9DBDCDEDFE2E4E6E7EBB5
:10EBB400EBEDF2F3F4F7F9FCFFFF010403040405A1
:10EBC40006050605050304020203030505050606FA
:10EBD400070A0A0B0C0C0E0E100F10121415151840
:10EBE400191A1C21232429282C2E2F32333435368C
:10EBF400383738373839393A3A393A3A3B3B3C3C7A
:10EC04003C3C3D3C3D3D3D3E3D3E3D3E3C393A373E
:10EC1400363434312F2E2D2B2B2826242322201F4B
:10EC24001D1C1A19171615131312100E1011110F9B
:10EC34000F100F0E0F0F0F100F0D0F0E0C0D0C0BEE
:10EC4400090907040302FFFEFCFBFAF7F6F4F2F0ED
:10EC5400F0EDEBEAEAE9E8E7E5E5E3E2E3E3E1E145
:10EC6400E1E1E0E0DFE0E0DFDFDFDFE0E0DFDFE0A5
:10EC7400DFDEDFDEDCDDDCDBD9D8D8D6D6D6D5D5F1
:10EC8400D5D3D2D1D1D0CFCFCBCCC9C9C6C5C5C4B9
:10EC9400C4C4C4C5C7C8C9CBCCCDCFD1D1D2D4D5B7
:10ECA400D5D7D8DADADCDDDEDFE2E4E4E6E8E8EB67
:10ECB400EDE8EBEDEFF2F5F5F5F8F8FAFAFBFDFE09
:10ECC400FE00000105050708090B0C0D0E111212B8
:10ECD40014151517181817171817171816171819C1
:10ECE4001919191A1A1B1A1B1C1C1C1D1C1D1D1F6B
:10ECF4001F1F2020212122222121201F1F1C1D1C17
:10ED04001B1A1A1B1A191919191A1B1A1B1C1F1F53
:10ED14001F21232425262729292A2B2B2B2C2B2B77
:10ED24002B2A2A2A29292827282625252524222072
:10ED3400201E1D1C1B19181816151312110F0E0E68
:10ED44000B0909090808070807060808090A0A0A36
:10ED54000B0A0A0B0A0809090A0A0807060504022D
:10ED640000FFFDFCF9F8F7F5F4F2F0EEEBEAE9E860
:10ED7400E7E5E3E2DFDEDDDADBD7D5D7D4D5D2D2DF
:10ED8400D1D1D2D2D1D1D2D1D2D2D3D3D5D3D4D45A
:10ED9400D3D6D5D5D5D5D6D8D8D8D9DADBDCDADDF3
:10EDA400DBDCDFDCDFDFDFE0E1E0E2E2E3E5E4E55A
:10EDB400E6E7E9EAEBECEDEEEFEFF0F3F2F4F4F36F
:10EDC400F5F6F6F5F5F5F4F4F4F3F3F2F1F2F2F105
:10EDD400F1F2F2F1F3F3F3F6F6FAF9FBFF000102B4
:10EDE400040606090B070C0B0B0C0B0D0B0B0C0C80
:10EDF4000D0C0E0D0E0D0F0F0D0F0E101011121124
:10EE040013121315161315171415191615161517AD
:10EE1400191718171819191A191A1D191C1D1A1D52
:10EE24001C1C1D1B1A1D191C181A1817191216134D
:10EE3400151314131214131415151517161718197E
:10EE4400171B191A1B181A1C18181A18191A18192A
:10EE54001719161815171414161511141611141160
:10EE640012111110120B100E0C0E090D08090607D1
:10EE7400060104010001FEFDFBFAFAFAF8F8F8F7BE
:10EE8400F5F9F5F8F5F5F4F4F4F2F2F1F1F0F0F146
:10EE9400EEEFEFECEFECEDECEDECECEEEBECEDEC9F
:10EEA400EDEDEDEDEFEFEDF0EFF1F1EFEFF1EEF071
:10EEB400F0EDF0EEEFEEEBEDEAEAEBE7E8E6E7E69D
:10EEC400E5E5E3E3E4E2E4E3E2E4E3E3E4E1E3E30A
:10EED400E3E2E3E1E4E1E2E4E0E5E3E3E2E5E4E7FD
:10EEE400E5E7E9EAEDECEFF1F1F5F2F7F6F7FCF717
:10EEF400FDFCFCFC03FC00FEFFFF0000FE00000024
:10EF04000001FE0000FF00FE00FF000000FF010002
:10EF140002FF0100010201010101020002020103DA
:10EF2400020403040505050707070909080B0A0B72
:10EF34000C0B0F0C0E120E121211151316161418B8
:10EF440017171A19191A1C1B1C1C1E1E1D1F1E1E06
:10EF54001F1F211E1E1F1F1E1D1C1D191B191B17E1
:10EF64001916171616131415141212121111111161
:10EF74000F1111100F10100E100F0E0F0E100C0F9A
:10EF84000D0D0C0A09090708050305020201020117
:10EF9400FF00FE00FFFDFCFDFCFBFDFCFAFAF9FAA4
:10EFA400F9F9FAF8F8F9F6F9F5F6F7F4F5F3F2F2F7
:10EFB400F2F1F2F0F1EFF0F1EEF0EFEFEFEFEFEE50
:10EFC400EFEDEDECEDEDEBECEAEBEAE9EAE9E9E98A
:10EFD400EAE9E8EAEAEBEBEDEDF0EEF1F1F3F4F651
:10EFE400F7F7F9FAFBFCFDFE00000201020402053A
:10EFF40004050506060607070907080708080706A3
:10F00400080807080807070806080606070704058E
:10F014000303030301030102010101FF00FFFFFEDB
:10F02400FEFDFEFDFDFCFCFCFBFBFBFBFAFAFAF922
:10F03400F9F8F8F9F7F9F8F7F8F6F7F7F6F6F6F657
:10F04400F5F4F4F3F5F3F2F3F3F3F4F3F4F4F4F581
:10F05400F4F4F5F3F4F4F3F4F4F5F4F5F5F6F6F565
:10F06400F5F7F6F8F8F8F9F8FBFBFCFDFEFEFE00F8
:10F07400000001FF0302020203020304030204036B
:10F084000304020503030303040204030304030447
:10F09400030303040404030402030303030101023E
:10F0A4000101010201030203030404050607080920
:10F0B4000A0A0E0D0F0F0F100F1010101010111060
:10F0C40011100F100F0F0E0E0D0E0E0D0E0D0E0F54
:10F0D4000F100F101011101212121314151516160A
:10F0E40016161716161615151415131414131313D0
:10F0F40013121111100F100F0D0E0C0D0D0D0C0B22
:10F104000C0B0A0C0A0B0A09080808060706060570
:10F1140004030302020201000100FFFFFFFEFDFDE4
:10F12400FBFAF9FAF8F7F6F5F4F3F3F1F1F0EFEE90
:10F13400EEEDEDEDEBECEBEAEAEAEAEAEAEAE9EB1A
:10F14400EBEBEBECEDEDECEDEEEEEFEFEFEFF0EFE4
:10F15400F0F1F1F1F2F2F3F3F4F5F6F7F7F7F8F969
:10F16400F9F9F9FAFBFAFAFBFAF9FAFAF9F9F8F803
:10F17400F8F7F7F7F6F5F4F4F2F2F2F2F1F1F1F050
:10F18400F1F0F1F0F1F1F1F2F2F2F3F3F3F3F3F45D
:10F19400F4F3F4F4F4F3F3F4F4F2F1F2F2F1F0F042
:10F1A400F1F0EFF0F1F1F1F2F4F3F2F4F5F5F5F733
:10F1B400F7F7F8F9F9FAFAFAFBFBFDFCFCFDFFFEA0
:10F1C400FFFE000201020405040506040608070800
:10F1D400080809090B0A0A0A0B0B0B0B0B0B0B0C87
:10F1E4000B0C0C0D0D0E10110F0F1011111012122B
:10F1F400111011110F111210111111101011111001
:10F204000F12110F0F0F0F0E0E0F0E0D0E0F0D0C10
:10F214000D0B0B0A0A0B090908080808080606065C
:10F224000607050608070506070707070806060771
:10F234000906070908070707070606060505050561
:10F244000404040303030303020302020101010192
:10F25400010000000000FFFFFFFFFF0000FFFFFEB2
:10F26400FEFDFDFBFDFBFAFEF9FBF9FAFCFAF8FCE6
:10F27400FBF9FDF6FEFAF7FDF6FCFCFBF5FEFCF5EA
:10F28400FDF5FFF8F302F7F602F0FFF6FAF6F3FBEA
:10F29400FCF5E901F9EFF9F3EEF9FCF3EDEAFBE92A
:10F2A400FDEDEAF3F2E7FAF2E2FAEEF8F1F0EAF44D
:10F2B400FFEDFAEFF5F7F8F0F4F7F3F9EDFAF7E507
:10F2C400F4F8EFEFE9E9F5F0F4DDF4E5E4F1D5F471
:10F2D400EAEEDFF0F2EFF9EFFFF1F9F1FFFFEFF6FD
:10F2E400F8EBFFF5F404EF011302101C0222110BDA
:10F2F400200D19191D1A1D1C1A241C311F261E2A23
:10F304001B20291A2124131F210F192C192B3023F8
:10F314002B3129312E3D2A3B39324430393F3F3598
:10F32400333534292C29242B262427201F2B241F52
:10F334002B2B2020301F27211F222320231D1E2595
:10F344002332242C29312827321D33221F3028222E
:10F35400292126281E2429222B211F19111A1518A8
:10F364000C140A0F0C010B06020E01050DFC02021F
:10F3740001FF04FD0206F200FEEC0AF1FFFFF8F3C0
:10F38400F1F7F1F8DBF3D9EAE1D9E6D9E3D2D2C84F
:10F39400CBCAC0C2CAC8BFC2BAC3C5BCC9B8BDB74C
:10F3A400B5C6C5CDC8CDBEC4BCB9CBC9C7C2C7C814
:10F3B400CEB8D2C8C2C2B6C7C2C5C1C2D3C4BBBD0F
:10F3C400CBC3CCCAC8CDC3C6C9D2D6D1D9D0C7CB7A
:10F3D400C2D0D3C5D8C5E4D7DBDFDDDEE3EAEDF187
:10F3E400F7EDFEE5FCE7EDFEF7F9E405E9FBECF9E2
:10F3F400F6EFF5EDF4ECF5F0F3F9F204E9F3EFECE4
:10F40400F5F5FBF901EE010804110E0211080610CE
:10F414000E0E0F07140EFF18040B0D080209FE0947
:10F4240007080E0701150D0510101210150B1A16FA
:10F4340013140D18110F131C0C15190D0C161C1A8E
:10F444001E221A1C202421202020221D20231C22BD
:10F4540024211D232022211A221D191E1D15231FBC
:10F4640013161611130F18170D131110101511146C
:10F4740015141A13151817171C1414161115120F36
:10F48400110C120E09090C070A0F060A0A0D0F0CBB
:10F4940007060C060D08090A08070A020C080505E8
:10F4A4000604070905040605070606030604030106
:10F4B40003050304060606060305020809090B0AE8
:10F4C4000E0E0F1011121315141316151718181702
:10F4D40015191718171417181718161816171713BD
:10F4E40013111311131010110D0D100D0D0D0B0F21
:10F4F4000C0E0D0C0C0B0B0A0C090A090904060866
:10F50400070504040301FD000001FFFF00FBFDFEED
:10F51400FDFBFBFAFCF8F9F7F7F8F5F6F6F0F2F173
:10F52400F2F1EFF1F0EFECECEDEDECE9E9EBE5E70E
:10F53400E8E4E9E5E4E7E4E1E5E5E2E5E4E1E2E283
:10F54400DCE0DEDFDBDBDBDBD9DBDADAD7D6D7D511
:10F55400D5D5D7D5D5D7D7D7D5D7DAD7D9DADADB32
:10F56400DBDDDDDFDDDDDFDFDFE0DFE1E0E0E1DFAC
:10F57400E2E2E4E2DEE1E1E2E2E2E3E3E0E1E3E36A
:10F58400E4E5E7E7E9EAECECEFEFEFF1F1F2F3F4AD
:10F59400F6F8F8F9F8F9FCFEFFFC00FF0402040693
:10F5A400040508080607070B0A0B0B0A0D0F0E0FBC
:10F5B400100E100E121316171715181C191D1E1DE8
:10F5C4001E1E1D2221221F23252125262426252611
:10F5D40025262825272625282625262926242524C8
:10F5E40023252125242226262425252227242325D4
:10F5F40023242422222321242222211F1F211F1DF0
:10F604001F1D1C1B1E1A1D181A1A17191618161757
:10F6140016141413141513100F100E0D0C0A0A07E8
:10F62400050604040203FEFFFDFEFDFDFDFBFCFBDD
:10F63400FBFBFBFAFAF9FAF8F6F6F9F5F5F6F5F547
:10F64400F3F3F1EFF1EEF0EDEEEEECECECEBECEAD3
:10F65400EBEBEBE9E8E8E9E8E8E9E7EAE6E8EBE917
:10F66400EAEAECECECEDEEEDEEEDEEEEEEEEEDEFC7
:10F67400F0ECEFEEECEDEBECECEDECECEBEAECEAC1
:10F68400ECECEBECEBE9ECECEDEBEDEDECEDECEFB5
:10F69400EFF0EEEFF0F2F0F2F4F2F4F5F4F4F4F546
:10F6A400F6F3F4F4F5F4F4F4F5F4F3F7F5F5F5F60C
:10F6B400F6F6F8F8FAF9F9F6F9FAFAFAFAFCFBFCB4
:10F6C400FEFCFDFFFEFDFDFDFEFEFEFDFEFDFCFD60
:10F6D400FFFFFFFEFFFEFEFEFF01FF00FF00FE0135
:10F6E400FF0000FFFFFFFEFFFF00000100FE01001E
:10F6F40000020301010204040406040506060808C6
:10F704000A0A090A090A090A0B0C0A0A0A0A09065A
:10F71400080807070808060505060605060707077B
:10F7240007070908090809090C09080B0A0A0D0C3E
:10F734000D0E0E0D0D0E0E0F0D0E0E0E0E0D0D0DEB
:10F744000B0C0D0C0B0B0B090A080808080707071C
:10F754000707060605050404050504050405040356
:10F76400030505050506060504030404030505034E
:10F774000704040303040304040503020202010151
:10F78400010101FF00FFFEFEFEFEFDFFFE0000FF83
:10F79400010003000202020302040304020403033F
:10F7A400040405040604050405040303020201011C
:10F7B4000000FEFEFEFCFBFBFCFEFCFCFDFDFCFD74
:10F7C400FDFDFDFEFEFE0002010001030102040234
:10F7D400020203000200010100FFFEFEFCFEFCFC2D
:10F7E400FBFBFCF9FAF9FAF5F9F9F8F4FBF7F7FA87
:10F7F400F7FAF8FDF9FDFBFEFBFDFBFEFEFDFFFE47
:10F80400FFFFFEFE01FCFCFDFEFBFBFDFBF9FCF82B
:10F81400F9F9FAFAF8F9FBF7F9F8F7FAF7F7F6F75E
:10F82400F9F7F7FAF6F7F9F8FCF9F9F9FAFAFBFA45
:10F83400FBFBFBFCFAFBFCFBFDFBFCFEFCFCFDFE06
:10F84400FCFBFEFFFCFBFDFBFCFAFAFCF8F7FAF903
:10F85400FBF9FAF6FCF6FAF9F8FAF9FDF8FDFCFB07
:10F86400FBFD00FA0100FF010000FE04FF04000696
:10F87400FF0104FF040005000101FD03FEFEFE027A
:10F88400FAFC03FEFFF607F905FA0107F905FD087E
:10F89400FC05000504020BFE07060A060109060919
:10F8A4000407050708050A0206070B0701090608ED
:10F8B4000109050107020A01050704080406040AF0
:10F8C40001090B03050B080C070A09050D030D0AB2
:10F8D4000508060C030B08030A030F0209060A03B2
:10F8E400040FFF070507060609FE090603080209B7
:10F8F40004020BFE08060604040CFD0806050109B3
:10F9040005FF0B00050700070303030403040402B7
:10F91400020303FF0303FF0003FF01FF02FC00FED9
:10F92400FE01FBFEFD00FC00FCFB02FA03FEFB01F2
:10F93400FAFF02FFFDFE01FC0200FF00FB01FFFCD9
:10F94400FEFEF900FEF9FEFEF6FCF9FBFBFAFAF9FD
:10F95400F8FBFAF6FBFAF8FCF9F9FCF7FFF9F8FE04
:10F96400F5FDFBF8FEF8F8FDF5FBFDF6FDF8FAFCF5
:10F97400F9F9FCF9FDFAF9FAFDFAF8FBFAFBFCFADD
:10F98400F501F7F9FFF4FAFBF5FDF8F7FDF7FAFADC
:10F99400F8FBFBF7FBF9F9FCF9FCFCFCF9FEFCFEB7
:10F9A400FDFEFBFDFBFCFEFBFEFEFEFDFFFE02FC7E
:10F9B400FDFE01FEFB01FDFFFE00FCFFFF01FFFD5C
:10F9C4000100FE0401FE0101000101FF0401020225
:10F9D40001FF010104FF010102FD02040101020310
:10F9E40005020306020306050208010508040404CF
:10F9F40005060304070305050306040207020406BB
:10FA0400070504060507060604070403080405059C
:10FA14000406050503050503040603040504060599
:10FA24000604050702070408010406030601070487
:10FA3400020606010405020603020303010203048D
:10FA4400030101010203000303FE03020301050194
:10FA5400010500030302000200000001FFFFFD0195
:10FA6400FDFDFFFEFEFDFEFE00FEFDFD00FF00FDB0
:10FA740001FEFFFFFFFF01FD01FFFEFEFFFEFDFF94
:10FA8400FEFDFEFDFBFFFBFCFE00FBFAFDFCFCFFA4
:10FA9400FDFDFCFCFDFCFDFBFDFBF9FAFBFBFDFDA4
:10FAA400FCFDFDFBFFFBFEFDFDFDFDFEFD00FDFE7F
:10FAB400FE00FFFE00FFFC00FCFEFCFFFDFEFEFD61
:10FAC400FDFDFDFDFFFCFDFCFCFBFCFEFDFBFFFD65
:10FAD400FDFFFE02FE0000FF0001000101FD020126
:10FAE400FF0001FEFF01FF00FE0000FDFFFF00001C
:10FAF4000001FF00010002FF0102000100000000FC
:10FB0400FF00FE01FF00FF010001FF00000000FFF5
:10FB140000000200020001030302030305030302C1
:10FB24000304040303020103020302FF020000FFB3
:10FB34000001FF00FF00FE000000FF0000000101C3
:10FB44000103020304020303040402030302020385
:10FB54000202010100010001010000FE00FF01009A
:10FB640001FF000001000100020001010102000385
:10FB7400010101010102010200020102010201016D
:10FB8400010000000000FF00000000FFFFFFFFFF76
:10FB9400FFFFFFFEFFFE00FEFFFF00FEFFFFFFFF73
:10FBA400FF00000101010101000101010001010147
:10FBB400000101FF00000000FFFFFFFEFEFFFFFF4A
:10FBC400FF00FE00FE00FFFFFFFFFFFFFEFE00FF41
:10FBD40000FEFFFEFFFEFFFFFFFEFFFF000000FF31
:10FBE4000000000100010101010100010001FF000A
:10FBF40000000000FFFFFEFFFFFE00FFFEFEFFFE11
:10FC0400FFFEFFFF00FFFFFFFFFF000000010101F7
:10FC140001010101010100010001020200FF0001D4
:10FC240000FEFEFFFFFF00FFFFFE000000FFFF00DD
:10FC340000000000000000000101000101010101B9
:10FC440001010101010100000000000000000000AA
:10FC5400000000000000FFFF0000000000000000A2
:10FC6400010100000101000000000000000000008C
:10FC7400000100000000000000000000000000007F
:10FC8400000101000100000000000100000000016B
:10FC94000101010101010000000000000000FFFF5C
:10FCA4000000FF0000000000FFFFFFFFFFFFFFFF59
:10FCB4000000000000000101FE01FEFC0800F7FC4A
:10FCC400040A0903FAF7FE0504FEFBFF0301FEFE26
:10FCD40003030000010000FFFFFFFF0001FEFE0020
:10FCE400010100FE0103FFFE010100000000FFFF0F
:10FCF400FFFF000000000000000000000000000002
:10FD04000000000000000000000000010001FDFDF3
:10FD1400010307FB0104FF050702F7FAF401FEFFE4
:10FD24000703FB0BFEF3EFFB120FFD0BFE0804E6CB
:10FD3400FEF21414F805F700FBF3EFEA0FF8E0F70E
:10FD440015262323090EFBE7F3E5EDF10312283C06
:10FD540020F0E00E02F0E9EB0716F2F5E9F1EAEB28
:10FD6400EFD4C2D0000E2222F3F2030936312B0263
:10FD74000F36090D091123322112E0EFEEE1EEDF17
:10FD8400DABCE218271700F9F7FF0BF0CEC7E0D56D
:10FD9400EBECF3FAC8F2FC1014214437391F233674
:10FDA400151310E9F1001308F51145311707E2DDC9
:10FDB400E3E7E2CACBD7E1E11E1C02F9DBFAEDDE90
:10FDC400DEDAD8E10A160F111B361C1523121E1E8B
:10FDD4000A240B1FF9E40810E3E7FBF113090722D7
:10FDE400F4EACDBBE8F0FDFE03150A23182014EA5B
:10FDF400DCE8E7E0E7FEF5FF0D10402C272B141597
:10FE040008F1FEEED5BEF801010FF81EF2E425FC60
:10FE1400F105E80FDBDF05060A0E12DFF8010E1DFF
:10FE2400FD0C1DD1EF02061CE4F20DE81D162A1F7D
:10FE34001DFEF0E6DCFCE7EFEC06F5F3042A3005E2
:10FE4400F400E0D009FAEC0AF739203439F407E574
:10FE5400F9F6E2EFD4F00DEDF1DE2200EEFBE6015F
:10FE64000E28383020F0E6D2F0ECD310FBF6120363
:10FE74001F222124D9D1CC0C08F23B2E11F4401DB1
:10FE8400FD08CCD6DECEDDF80CE31D28EA04E30D34
:10FE940023021A04F70511FBF4EB090012D6090F2B
:10FEA400C909E50F3014E8DEF9F707EC2208072842
:10FEB4000D081C18FE04F6D3D4F5E1F1EDF210118F
:10FEC400132A20FF19F9EB000111180AFCEC13E8BE
:10FED4000111C8FFD2E9F2E91D120C100CE9FE1061
:10FEE40023FFFF11FDF4FB190A00F1D9DEFCF8052C
:10FEF4000A090717FF02FCFD0501F4E91409FF2CA8
:10FF040023F4EDECE5F9ECEC05FDEF05041926FE10
:10FF1400FC15FC0B000C060A110007F0ECF1E6F0EE
:10FF2400E8F904F7111114F90EFDF4F100F206FAE0
:10FF3400042707FF04FCF5F6F9F0F0EA07070315B8
:10FF44000D10041203F900F5FB090D06010408F372
:10FF5400F4F9FEF2EBF003FE010903080C0705FFB8
:10FF6400FE030905060D08FCFBFDFEF6F1FAF9F3A4
:10FF7400F6FBFE05090B0C030EFEFDFFF5FB05F970
:10FF840015F6F90EEF0100F9FEFDF708F70E07F973
:10FF940019FB0302000200060508FAF9FCF600FA50
:10FFA40001FEFEF9F50FFD13030701F9FFF709013F
:10FFB400FCF70C020C0DF4F7F5EFFAFA02FEFE0A58
:10FFC400FB070EFD0B0AF900FAFC00FB0306FFFB1E
:10FFD400F4FA07FA0006FC06FEFF0C02100CF9FA0C
:10FFE400050601FF0203FDFFFBF806FBF0F5EEF545
:0CFFF40002000A0A00FD0104070B07FCD4
:020000021000EC
:10000000FBF601030106020305FA0503FE08FCFFE7
:10001000FBFC0001060A0301FDF701FDF8F6FEF303
:10002000FC00F901FEF805070407070806080A01A5
:10003000FC05FF00FFF60501F801000000FDF909CD
:10004000FC00FEFC03FF07FB03FFF9FEFCFDFCFACE
:1000500000F5FFFF03FFFE060AFF000B090B060475
:1000600007FF020303F8FBFEF5FEFA0200FFFBFCAC
:10007000FFFDFC0500FAFAFD020507020805FB0179
:10008000FD00FDFE02FFFD03090103FF0005FBFC6F
:1000900004FEFE03FF030002FEFBFBFDFEFDFBFE74
:1000A00002FC0302FFFE02FE010302070003040933
:1000B0000900000200FE0201F9FDFFFCFE01FBFD4C
:1000C000FDFDFE0302FD0300FFFFFE010403FE0031
:1000D000FFFDFBFF02FFFBFF02FF00030802050418
:1000E0000005020100FF02FCF8FDFDFDFDFDFAF92F
:1000F000FFFD0205030200040504070401010200DC
:10010000FEFEFEFAFCFDFFFD01010100FF020102FF
:100110000104040502020100FDFDFEFBFAFBFAFEEC
:10012000FCFE020303FEFF020305050302020001B9
:10013000020100FBFAFEFDFDFCFF0301FCFD0405CE
:1001400002000404030004030402FB02FF00FDFD9F
:10015000FBFCFCFD0300FEFE01050500010302FFA0
:10016000FBFF01FDFDFE0100FDFCFFFFFBFB0003AB
:100170000403FF04040506070401FFFFFE01FFFD61
:10018000FDFDFF0001FEFEFE00FEFFFF0302FFFF7C
:10019000000002FFFFFFFCFDFEFF0100FDFE00026C
:1001A000010102FF0406060302010103FF00010032
:1001B000FEFCFCFE00FEFDFDFDFF0001FF00FF0157
:1001C00000FF020402FE0002FF0102020000FEFF27
:1001D000FFFD000203FF0002020402010200FEFC18
:1001E000FB000101FFFFFFFEFEFEFDFEFFFC010024
:1001F0000301FE0302FF01010203010102FFFE00F1
:100200000102000201FEFD00020201FEFF010303E4
:10021000010200FD000202FEFBFDFFFDFCFF00FEEF
:10022000FEFDFD010200FF01030101040404FDFDC8
:1002300000FFFFFFFF0000FFFF02030201020000BA
:10024000020101000002040200FEFD0000FEFD00AC
:10025000FCFBFDFE00FEFFFF0202020201020101A3
:100260000100000201010200FE00FFFDFF0300008B
:100270000000010102020300FEFE0000FEFDFCFB87
:10028000FDFF0000FF01FF00020404050403030159
:10029000000101FCFEFEFDFDFDFE0301FCFFFFFC75
:1002A000FCFE020300FF020302020404030001013A
:1002B000FF00FFFDFEFFFFFE010100FEFEFF02004A
:1002C00003020000FEFEFFFF00FFFD00FFFD01FE38
:1002D00000FC0003000204050306010202020302FF
:1002E000FF0000FF01FEFDFDFCFCFEFCFF00FF0027
:1002F00000FE0201FF00FF00FFFEFFFEFF01000104
:100300000400FFFF000503020102030204020400CF
:100310000102FE02FFFDFEFDFDFCFCFEFDFEFEFEF9
:10032000010000000102010100030402FF00FF02BE
:100330000000FF0000FE0002FD010100020001FFBD
:100340000000FD00FEFFFDFDFEFCFEFE00FE0001C4
:100350000303020402020501000301FF0002FF0083
:1003600000FD0100FCFD00FE01FDFFFFFFFFFF039C
:1003700003FEFF01FF0200FE02FC03FFFE03FE027C
:10038000FF0302FF0102020003FE030000FF010160
:10039000FFFEFFFCFEFEFD00FBFEFFFDFD01FD007C
:1003A00003000202040304010103FE0300FF020133
:1003B000FC02FE0002020102FDFF01FE03FEFF013E
:1003C000FF00FD00FFFFFDFC02FBFF02FE01FC0041
:1003D0000101000101020202000400020300010108
:1003E000FEFE00FEFF02FF01FF00020001FF000011
:1003F000FF0100FE01FDFDFF000000FF0001FEFD0A
:1004000001000002FE0301010303030100000101DA
:1004100000FEFEFFFEFEFDFEFEFEFF000102FF03EA
:10042000FF0001020101010003FF01FE01FFFEFFC9
:1004300000010201FC02FE000100030000000001B7
:10044000FD000100FEFCFF01FF01FCFD01FC02FFBD
:10045000010001020302010000020203020000FD8C
:10046000000101FC00FDFF01FF00000000FFFEFF96
:1004700001FF00FEFF01FF02FFFF0100010000FF7E
:100480000102010002030201020201000001020157
:10049000FFFDFDFEFEFEFFFE00FFFEFEFFFFFE0075
:1004A000FE0000FF00FF0000020001010000010249
:1004B0000202010102010301010001FF000002FF2D
:1004C0000000FDFFFCFCFDFFFFFEFE0101FEFEFF44
:1004D0000001FF000100000201020303FF00010010
:1004E0000101010301010000010101FF0000000002
:1004F00000FEFEFDFDFDFEFCFDFCFD010200FE0117
:1005000001030101020303030302020101020200CD
:1005100000FEFF01FEFEFEFB000200FEFFFC0000ED
:10052000FFFF01FFFD02FF00020000FF00010004C9
:10053000FF01010202020301020000FFFF0201FFAE
:10054000FE0002FFFEFEFCFE00FFFEFEFEFF00FEC0
:10055000000001000001010101020203040402FF86
:10056000020200FFFEFEFFFFFD0201FDFC00FEFF98
:1005700000FEFFFEFFFF0101FFFE0102010000037C
:10058000030301040301FEFE01FF02030103000057
:1005900000FEFDFEFDFCFBFE0000FD00FF00FF0075
:1005A0000200010203020400FE0000FEFFFF000142
:1005B000FF01010101020301FDFE01000200FFFE37
:1005C00000FF0000FFFEFE02FF0001FEFF00FFFF34
:1005D000FF00020004FF01030302FEFD0100FDFD18
:1005E000FFFF0002010101020001FFFDFD00020109
:1005F000010201FF0102FEFEFDFD00FF00000100FF
:10060000020100FEFFFF000101FF000202010100E4
:10061000FF0001020101000002FFFEFF0100FEFEDB
:1006200000010100FEFEFE00FFFCFEFFFEFF0003D6
:100630000100FF020402FEFE0003030202010201A8
:100640000000010001FF010301FEFDFFFFFEFCFBB6
:10065000FCFFFEFEFF000001030302040301010092
:10066000FF00010100000102020200010200FFFC84
:10067000FDFFFFFEFDFCFDFEFF00FF01FD0001038D
:100680000301FEFF0303010101020303030303004F
:100690000000FEFDFDFEFF01FFFDFC0002FFFE006D
:1006A00000000100FF0001FF0100FFFE000000024A
:1006B000010100020101010100FFFEFE0201FEFC3A
:1006C000FDFE0201FFFF0002030100000202020022
:1006D000FF0200FE000000FFFF00010101FFFEFE1F
:1006E000FFFEFEFEFDFDFE0202010102000102020C
:1006F000020200FF00010201FFFF000202020000EF
:100700000000FDFCFCFDFDFDFDFDFE000100010003
:1007100000FFFF00020302010102020102030202C4
:1007200002010101000000FFFDFDFFFFFFFEFDFED5
:10073000FDFCFEFF00020200FEFE00030300FF01BD
:10074000010102020300FEFF010100010103030198
:10075000FF0100FFFEFEFFFF00FEFEFEFEFFFFFFAB
:10076000FFFFFF00FFFF0001030201010101010380
:10077000010100FF0000000002020000010000FF74
:10078000FFFFFFFEFEFEFFFEFFFFFF000001010076
:100790000001010100000000010000010100000053
:1007A0000000000000000000000000000000000049
:1007B000000000000000000000000000000001FF39
:1007C0000101FE04FC0100000000FD0203FE00FC2C
:1007D00006FFFC05FC010504F60605F907F705FF11
:1007E000F80AFD0009F607FA05FFFB060301F00D04
:1007F00004F604F7FA020102FFFE06F40DF7FBFD12
:10080000070107FBF70F061000FDF7020FFB05F9C4
:10081000F6FD00FEF6010106F50804EC0A04FD07EA
:10082000FCF5030B11E729F4F61BE0050B16F0F5B8
:10083000FB0307DCFDF70AF3080CFEFC0C010C07B8
:10084000F9FEFE0A09F7EE0BEA0AFFEF08F50705C5
:100850000204FE0808000109090BF006030709F26B
:10086000EB10FEF313EDF4FC0AFD01F40003F20CAF
:10087000F705FE030EED13FC04EF050BFC01FA0A6D
:10088000F2030802F4F70A01070805F9F8060AFF5F
:10089000F60EF20B09FD06F9FA0103F80601F80B52
:1008A000FB05FDF7FCFFFB0205FBFE020101FC015D
:1008B000FCFA040206F9020400FA0704FE08FE0C22
:1008C000FBF90602FC03FC020007FEF9F60105F441
:1008D0000101F00204FB02FBFF0802090502F80512
:1008E000FD030807010307FF07FB070309F9F9FCEC
:1008F000F008E913F5EFFDF40AF40EEB04FDF90737
:10090000F7050703041707FA03FE11FE060BFA00AA
:100910001000F712EF07FCF60AEDFFEC10F20406E8
:10092000F4FBF70300F9FCF60002090101FD0104E4
:1009300006040BFD0EFA05FB08FBFE0B010903097B
:10094000EC0507FA0DF6F800F0FE01E701F8F205F4
:10095000F80806FF020FFB050C0BFB0DF307040361
:100960000BF8060402FD00FB04F7F8FF03F2FE0B90
:10097000F1FB06F80008F607FE03F40D07FC0DF97D
:10098000FEFB0BFC000E02F3050602FA01F90DF462
:1009900000F908F90A010101F607F8FF02FBFF035D
:1009A000F70902FD03FCF00BFDF20CFFFB0AFF0749
:1009B0000201FF00050309F70400FF0CF2FF07F333
:1009C000050AF009FC080101FB08F7FA09E70BF337
:1009D0000600FCFF040001020BF704FBFA0801F813
:1009E0000B02FD030802FD0806F90A02F7FC07FCEA
:1009F000FC09FBFCFFF60200F6FF04FCFE02F8FC1B
:100A0000FBFCFCFD0400FB0CFE060BFE0AFE0AFFCD
:100A10000803020209030301FA09FE0405FBFBFDBA
:100A2000FA00F6F4FBFBFBF9FEFAFC0102F705FD08
:100A3000FF03F80405010107060804030704090C75
:100A4000FFFF070503FCFAFFF6FEFCFF00FF01FDB8
:100A5000F8FCFCFCFCFD00FD0302FE00F8FF0607AD
:100A60000602FC0403FB0001040A01FC010203036B
:100A7000FDFA02FEF9FD02FD05F9000402FEFE0486
:100A8000010305F9000CF7FF03FF09FCF505FE0063
:100A900009F5FC06FDF808FDFA02F8010703F9065E
:100AA00004060909F3FC00FB0405FB00FFF705023F
:100AB000FC03FCFB05F90404FDFBFEFD0209FFF548
:100AC0000308010E07F60504F802FCFB02F9F80919
:100AD000FDFE09FCFA07050007FFF901000106F514
:100AE000EFFE06020D01FA0206010602F5FEFCFB0E
:100AF0000802F802FDF90B01FE01FF0105FEFEFBF5
:100B0000FDF8FC0A040C07FBFD07FE0404F3FAFDE4
:100B1000FF0505F4FCFDFA090700050100060208BF
:100B20000101FAF70906070AF7F20A0901FEF5EFD3
:100B3000FDF70102F3FDFCFC060AFDFFFBFC06FFCE
:100B400003020102FAFE0E0B0A0E000411FE02015E
:100B5000F300FAF402FCF50500FC090000FEF5F9CB
:100B6000FCF5FBFAFDF8F3070B090C0CF50A05FE82
:100B70000AF6FC00F7030CFA050C020B07FF06FD52
:100B8000F9FBF7FDF6F9FCF5FF0C050A0DF3050B73
:100B9000F802F4ECFBF4FA0EFBFD12030B0E000559
:100BA000FEF8F9F8FAFBFD02FBF80F100911F9FA4B
:100BB0000AFDFC03EE0100F00803F70901020D0134
:100BC000FFFFFBFBFDF6FCFC0107F40311090F0816
:100BD000F2040AF402F5EC05F5F912F6FD0A020832
:100BE00005F6FDFCFE05F8FCFF020600F90D0A08FB
:100BF0001201F910FFFC06F30101EFFFFFF00602FE
:100C0000FE02FBFF01F6FEFBF9FDFC0000F0041301
:100C1000071608F6100BF90EF5F806F50608F000B1
:100C200006010CFDFEFFF8FFFEF9FBF8FFFCF6F7EE
:100C30000C0D0812FAFC10FE0302EBFDFAF00AFCA0
:100C4000ED06FE090DFB0A08FB0FFFFAFFFBFE0392
:100C500000F2020D0C0D0CFC0602F904F0F0F9EDA7
:100C6000FF05F00205050D050405FAFDFEF9FFF983
:100C7000F703F8FC11091011FC060CF901F3EE0260
:100C8000F4FB06F3010E0508FCFE0B00FFFFF7FE68
:100C9000FF0201F9F1060B070E03F30E07FB06F343
:100CA000F402F40601E801FE0310000006010C0343
:100CB000F6FBF7FEFEFBF4FD0C0B0B0EFC050AFA2F
:100CC00002FAEFFCF3F70BF8FE0E050E0C0206FE1F
:100CD000FD02F8F4F8FA02F6F30C09060FFEFE0D19
:100CE000F5FFF5ED05F5F809F20113030A04FF0815
:100CF000FF0102F1FC00FE04FFEE0111070B0DF7EE
:100D0000070EFB05F4F701EFFC07EB0005FC0901FA
:100D10000307000401F5FDFCF7FC02F8F70C0B03D8
:100D2000140C020701FF03F1FBF8F305FCFB0C04B4
:100D3000020D080803FBFBF8FAF9F3F2FAF9020ACC
:100D4000FD0913060A05FA01F3F903EEFF05F6079C
:100D500006030A07090BFDFFFBFE09FBEEF1F9088C
:100D60000C0C0E0DFE0810F1EAF3DACFD7DAF3F926
:100D70000E3B2D1D202446411F0AEBE5F1DEDEF07F
:100D8000D6E600F203292C1105F5EBE6DCCFCED137
:100D9000C1A4B5F90B09253032303A452D262D1066
:100DA000F80A1C33301916180A050D170AF6CBB5C8
:100DB000B6D5CACEF4F8FAEFE1D9EDE9E8F5FFF7D8
:100DC000FFFFE5EFF0D4F41E23291A2E3A382B2426
:100DD00014FDF90B130639363223FCF1E4FAEFD88F
:100DE000EAE2D4F0E6DC03F700F8D7F7E7DFE90141
:100DF000DFF306F9051D17F90C1F11333A1A2813F2
:100E0000F20EF6F7D5CCE6FD061E27072001DEE838
:100E1000EA0CF2F3F6F40AFCFFFC0D0EFA0A02F6F5
:100E2000F00FFA05FCF011FBFBEDCCFD0AF0040815
:100E30000D120A12170F060B0702F721FC102CFCEB
:100E40001CF1E8F40502F111FEFA01FAFCFFE2D709
:100E5000CFDADFECECF506F7E9FA0C190104F00C37
:100E60000D13261225332E171B01061D2109F71B12
:100E7000F6F418E0DCDFFBEAEDFAE5F7F7FBF5E264
:100E8000DEEEE0F2F2E4F01302191AFEF6FFF710BC
:100E9000FF00030D231534181321051F12F4F70565
:100EA0000304FDF1FAF8F70705F109FCF7FBFCFA7A
:100EB00008D1DBEAD4DCF900F50C2405EE110F02B1
:100EC00007FB09F405FFFA080610091A16180A0CA0
:100ED000FDE60BFF05FE04F501F6F4130C090CFE0C
:100EE00001EFF6FFF1F2EEEDF7F4F00AF7F806FD88
:100EF0000F0AFF171003F1F4FBFD0B02F8F2180EB6
:100F0000131EF6F40AECF40CF511FFFC08F4F800DB
:100F1000FA0808FA07FD030202020503E9FAF800DD
:100F2000FAF8FFFFFA0AF10216F9F501FC0D0404C4
:100F30000EF1F50D0C0509010302090C0E020C015E
:100F4000F6EEEFFCF8FB0902FE0DF9F500FDFEFEE2
:100F5000F4F9EBF608FCFD02EF030BFD120F0C1188
:100F600000FD03F80AFAF30D00F60408030A04F77B
:100F7000070612FCFAF8F1F40CFAEEF4F00510048E
:100F8000020B000B01FEF7F4FEFFFAFDFFEF141059
:100F9000F8120EF2FFFC0006FD0705E906F9FA015A
:100FA000F9FAFE0E0906070E00F30DFF0001F9F233
:100FB000FFF2F81307F807F8FDF80505010901F23B
:100FC000F90BF405FCF104FF0100020A0CFC0B080C
:100FD000FBFC01FAFBFEF90A05090F06FE020107F8
:100FE0000AFF06F9F202F4F001F1F2FCF70205073C
:100FF0000F010903F1FFFCFDFCF9F6F2060C0C0EE3
:1010000005FB02FB0A09FB0FFBF80E000E03F6FEC0
:1010100000FF0502FF020307FCEFF6F9FAFDFDF5FC
:10102000EE03FF001005F401FB0606FC0EFBF40BBB
:1010300000FF09FC0805010D00010EFF0402F4FE8B
:10104000FA00FEF9FCF3FF00010AF7F8FFFE02FBCD
:10105000FE02FAFA0DF90002F40A050D0D060D095B
:10106000030C00FDFBF401FFF8F9F20207FB06FC9C
:10107000F9FFF906FEFE07F2F507F8FB04F3060098
:10108000FF0E020909FA0200FE060606FA0100F93F
:101090000510070701F9FCF6FD00000AFDEDFAF660
:1010A000F500FD0301FC0907080AFEFD020103FE2D
:1010B00002000100F9FC07010408F7FE03FE060523
:1010C0000301F8FBFEFCFEF9F6F9F7000000050647
:1010D000050802FBFBFDFD0002050403080A0A09DE
:1010E0000603F9FA0201FDFFFEFC0001FBF8FF0216
:1010F000FEFF02FCF9030000FFFFFDF8FF04FF0103
:1011000007FC0003FF04010003FE0107FF0304FFC7
:1011100001FFFCFFFBFBFEFD04FFFF01040302FFD8
:1011200000FCFB0004010302030300FE0001FFFFBB
:101130000004060500FBFBFDFEF8FD0100FE030BAD
:10114000020302FCFBFDFBFAF8FA01040305FF00B1
:1011500003FF00FFFFFDFE05070105060203000473
:10116000060000FF000101FFFDFBFCFDFEFE00FF8D
:101170000302FFFCFFFCF8FEFEFE0201FDFBFB018B
:1011800003040607FEFBFF0B0B00FEFC0A08070525
:10119000FEF7FA010909FDF3FD01FEFCFBFF02FD6C
:1011A000FF020000FDFAFAF8FAFD00020307080842
:1011B0000100020200FD0202FF0106080403000113
:1011C000FDFEFEFEFAFBFCFD00FEFAFC00FEFBFF4E
:1011D000FF0003010201FE00FF00FF000101020405
:1011E0000501010104050202FCFDFF0100010101EE
:1011F000FEFF03020001FEFFFBFE00FFFEFF0100F9
:10120000FDFE0202FFFF0401FE0201FDFBFD0101E4
:10121000000300FCFE0100020102020101FDFDFFCE
:10122000FF020100FF0201FF0101FFFCFDFF00FFC3
:1012300002040100FEFE0100FE01030201FE0101A5
:101240000200FE00FFFF000100FFFF00FFFE02FFA3
:10125000FF0100020001010000000000000000008A
:10126000000000000000000000000001FF0101FE7E
:1012700002FE01FD02FFFE03FB06FB04FD00000170
:1012800003FA04FC0004FF05FA06FE0007F807FB5A
:1012900000FAFB08F9FC0103FF0202F90708F90450
:1012A00005FE05F90200FFFF02FFFA06F70B00F842
:1012B00005FD03FE03F70109F50B01F30401FDF53C
:1012C0000EF8F90CF40DF6FF0A0408FF03FDFFFF0A
:1012D00002000AFC01FAF20B02FE08F60609FAFD0A
:1012E00005FCFC0404F4F40BFCFFF710FDF910FFFF
:1012F00005FC03FC0402F8FE01F9FB06F512FCF8FC
:101300000AF207FD00F40CF60C0FEC06040DF407CE
:10131000FDF21EF106F6FD05F80BF60EF211F4FDD6
:1013200009FB07FE07FAFA03F805FD0001F80103BF
:10133000010004FB00F808F20B00F70307FB0905A6
:10134000F80C0600FFFD07FE0704F0090102FCFE91
:1013500008F60CF2F70DF5FDFFFE0102F20203059F
:10136000F5FF020000FF07FA08F104020206F50F7C
:101370000208FBFD0CF70C05F70506FDF30EFEFF5A
:10138000FB030201F8FB05F8FBFEF10EFB0A00FF70
:10139000FB07FDFA01F50C0100F90AF8FF05F40B53
:1013A000FF04FB08F4080DF108F807FFFF0FF10533
:1013B0000304FF0C00F216F70604FAFCFF0CFAFB1C
:1013C000F90DF300F90001F005F9FC05F300F9103F
:1013D000FDF905FD0509FEFA0701F415FF0603FEF8
:1013E0000804FDF41202F9FD0102010FEE06F908EE
:1013F00005F1FDFD0300FFF30502F204F8F8FBFE22
:101400001301FD0202F810FCFE10FEF90807F807B0
:10141000FCFA16F7FD0203F00A02FBFB010001FFD4
:101420000AF207FD0003FEFAFE04F504FE02F900CD
:10143000FDFB06FD07FE000109FB0703FF00FEFFA1
:10144000040406020100FE0105FB0404F506FAFF90
:10145000F4FAFCFF01FD08000102FD0402F601059B
:10146000FE020CF7FC05FF0A04F60207F908FAFA77
:1014700006FA06F402FB0205FC0500FEFA0AFAFC75
:1014800002FC02FF0500FDFF0AFC04FD06FC010151
:1014900000020202FE04FFFC02FD03FF03FB050144
:1014A000FBFFFB0000FCFFFEFDFD06FEFC0102FD54
:1014B00004FE000202FF05FEFE00FE060100FE041F
:1014C000010105FD020002FFFFFC01010001FFFF19
:1014D000FCFF01FFFEFB01FF0000FFFC000101001B
:1014E000FFFF01000006FE03FE070104FF060104E2
:1014F0000102FDFF000000FB00FDFFFC0100FEFEFD
:1015000000FD00FC03FEFF0403FFFF02FD05FEFFDC
:1015100003FF000101010103FFFD03FE03FDFE04C3
:1015200001FEFFFD0002FD04FF03FF02FC010000BD
:10153000FEFC03FD03FF000101FE0100FE05FE01AC
:10154000010301FD0100FFFD010100000401FA0299
:10155000FB0101FDFD01FC0105FF0203FD0202FE8E
:1015600002FE03FFFD03FF0101FE06FD0200010074
:101570000000FDFC0300FE00FD0104FFFC04FD0172
:1015800001FE0001FEFD01FEFE0002FF04FF01045A
:101590000004FC02FE0101FF0102030002FF01FF43
:1015A000FEFFFFFD0100FE01FCFD0103FE05FEFF45
:1015B000FF0302FEFFFE06FF0003FFFF0201FF0024
:1015C00001FF01FCFD01FE02FD0201FD02FCFF0125
:1015D00002FE010000FEFD020103FDFF0300020305
:1015E000FE0101FF02FE03FC05FE03FFFE01FF04F6
:1015F0000102FE0100FFFCFFFDFF0101FFFF01FFF3
:1016000003000000FE00FDFFFEFF000100000100DE
:10161000010202020101FFFE0000FE0000000102C3
:1016200001010002FF00FC01FFFF000201FF0201B7
:1016300001FF01FD000100FEFFFE01FF00020101AC
:10164000FF0102FF0203FF0101FFFEFF00FF03FC99
:10165000FF00020100FE0102FD00FF0101FFFF008B
:10166000FF0000010201FEFFFEFE0102FFFD00007F
:10167000010302FF00FFFF020300FD01FF00040061
:1016800000FD00000102FE00FDFEFFFFFF00000262
:101690000102FE010203020001FFFE01000300FF40
:1016A000FF000104FE00FEFDFFFDFFFEFFFFFD0247
:1016B00001000002020301FF0001020002FEFD0022
:1016C0000303FE0202FF02FFFE00FEFEFE0000001A
:1016D00000FD02010101000201FDFE01FC00FDFF11
:1016E000FF01FFFE03FE030100FFFFFF020002FFF8
:1016F000FE0300040403FF04040200FE0001FFFED9
:1017000000FEFEFE01FFFFFF02FEFFFEF9FEFFFFEF
:1017100000FCFFFE00040203000001020100FE01C4
:101720000201FE01FE01040202FF000000FF00FDB5
:10173000FEFF00010000010002010104FFFEFEFCAB
:1017400001FFFE0100000101000201FFFF00FD009A
:10175000FFFF000000010200000503FF02FFFE0082
:10176000FDFD02FF00FE00FEFF000403FE01FD0080
:1017700000FE01030300030301010202010200FF56
:10178000FBFE00FE00FCFEFE01FFFE0202FFFF0169
:10179000FEFE000201010001010002FF0103FE0044
:1017A000FF00FEFB0001FF00020001000304030133
:1017B000FF01FD01FF01010000000101FEFF02FE2B
:1017C000FE01FFFEFDFCFE01FF0304FF00FCFF0322
:1017D0000201FFFE00FE0408050000010100FCFDFF
:1017E000FFFBFE00FEFDFDFC0200000705040706EE
:1017F00004FFFCFEF8F1EFEDF3F7FE0213150F11F5
:101800001217120BF700040107060500F6F6F6EBB7
:10181000EEF2EEFAFE0109080500F4E6E8E3E0E086
:10182000DCEFFD1015141D1D18121215151C1F21BB
:10183000211D1C14100A0402FEE9CDE9F6F3FAEDAD
:10184000D4DCD2D4DFEAF3F2FD0D0A121E0FFDFC48
:10185000E5DCF6FBF8FC02242A3D3F2D1B150A06A9
:1018600001FD01F8F5F3F2ECDEE6EFEEE3F3F6FB53
:101870000703191D0F0CF8F6F6F9090807110706FA
:1018800018181102F5E9F2EFFF060F0A000408F537
:10189000F0E8E7DCE1F8F0FB020A05FCF6EAE9EB28
:1018A000FE091419231D2427201A0BF5EEEEF30070
:1018B00006FF0D09FF05010500F5FAF4F904050618
:1018C000F3F6EFEAEAEFF1F20701081F150C03F651
:1018D000F9E5EEEEF20008121F101508060EF3FAF5
:1018E000F2EDF5F703010A0B0B0F0C08FE0902F4E9
:1018F000010FFAF709EAFAF0FBF9FFFD09010210FE
:101900000800FDFEF0F3E9F4F800090D19141805BC
:101910000B07E7FCF0FFF6FB01FAFE0303FC01F9FD
:1019200001FFFA0EFD0CFFFE09EFF7F9F3FDF90ECA
:101930000C080C0D0D0108FDF5FCF0F70012020576
:10194000040304FF0300FAF8F1FD04FAFEFBFDFFB7
:10195000FAFFFDFFFC06020D110F0C0AFFFFF5F167
:10196000F3FBFDF2FB06FD010F010102FAFBFD0690
:10197000FF050104FFFBFF0007FFFBFDFA0C080653
:10198000090708F9FA05FAF5F403F40905FE06FD5E
:1019900007F901FEF9F4F9FA000602FE040404084E
:1019A000FB03FA07060C0F080400FDF4F7FDFCF832
:1019B00001F6F8FF00F7FD0A070205FDFE0000052D
:1019C0000406FFFDFDF602FF000605FD0309030501
:1019D00006FCFCFAF8FAFEFDF9FD0202030907F81D
:1019E000F9FCFE00020202FDFCFE05050407FE04F0
:1019F000FE070C060103FFF7FBF9FAF8FD0000FCF7
:101A0000FD020207FCFDFEFDFBFCF90006030600DB
:101A10000403FD02FFFB06FF02FF000BFF040906A3
:101A20000300FEFDFCFB0101FDFE02F7FEFAFAFFDA
:101A3000FF04FDFFFFFD0505010502F9000400009C
:101A4000030200FE0102FE0201FCFFFD050205FB90
:101A5000FB02F80102FA02FEFFFA00020306030588
:101A6000FBFFFB03FDFEFE02FFFE0003060308056D
:101A700008000201FD00FFFAFAFBF6FDFCFCFF0482
:101A8000000205FDFE01FFFDFE03FFFF030203034D
:101A90000800050400FFFE000100FF010100FFFE39
:101AA00001FF0100FEFEFCFEFCFD0100FEFBFEFE50
:101AB00000020103040400FF05000703FF03030104
:101AC00000FFFF04010101FEFEFC00F8FD0102FE23
:101AD000FFFFFC01FDFCFDFFFDFEFFFE000000031B
:101AE00004050201000203010401030206020204CC
:101AF00004020401FBFDFFFFFAFAF9FFFCFCFEFD06
:101B000000FD0001000000FE00FF0101FF00FF01D9
:101B1000FE030105010403FF0201030102030001AA
:101B20000302010000000100FDFCF9FAFAFFFDFECE
:101B300000FEFEFE0303010201FE0002010001029D
:101B4000000303FF00010201FF01FEFD0402020188
:101B5000FF00FEFE00FFFEFBFDFDFE00FEFEFE019F
:101B600000FF000001030402030204030203030355
:101B7000FF01FF0000FEFEFEFFFF01FCFF02FEFD75
:101B800001FF010200FD0000FFFFFE00FE0100FD5D
:101B9000FF0202010100010000FE000300FCFFFF44
:101BA000000002FFFE00FFFEFF0100FF0100020235
:101BB00001010404050302000000000102FE00FF11
:101BC000FF03FFFDFC00FE0002FEFA00FEFD01FF28
:101BD000FFFEFE00FEFDFE00010001FE000202020B
:101BE0000401020302020501000201FF000300FFDD
:101BF000000100FFFFFFFBFFFF00FE00FFFEFF00F4
:101C0000FFFE01010302FEFE01FF000101FFFF00D4
:101C1000FF0000020000020000FFFEFE0003FF00C4
:101C2000FFFE0003FF0101010001FFFF01010302AC
:101C3000FF0000FD0001020102FF0000FE00FFFDA9
:101C4000FE01FCFF00FEFE040101030000FDFFFF9A
:101C50000300FCFFFF00FFFEFE000000FFFF00038B
:101C600003000200FF0000FE0100FF020602020462
:101C700000020401FCFFFCFF05030002FDFFFE0162
:101C8000FEFEFDF9FFFFFF0102FFFEFCFFFE010269
:101C9000FF0204040403FEFAFCFCFEF9F8F8FB0062
:101CA000030806070E09040703000201FBF5F8FA12
:101CB000FE04010707FF0203FEFF0301FBF4F4F03B
:101CC000F7F9F8FDFB00FF03060B090B090706FFF8
:101CD00008000303050A070306030104FD00FDF6DF
:101CE000F5FAFBFAFDF7F7F9FDFA0200FEFF010134
:101CF0000305010201FFFEFE0100010202030303CE
:101D00000101010100FF00FFFFFF000000000000D3
:101D100000000000000000000000FF02FDFFFDFCCD
:101D2000FDFDFBFCFDFB00FE00FEFC01FF010101CF
:101D3000FF0A0B09140F1614081003FAFCF2F6F34D
:101D4000F6F4F7FEFEFFFCFFF9ECF0EAE5E7E0DA77
:101D5000DAE2EAEF01001120292B353B3939332E25
:101D60001B190BFAF5E8E1DEDADEE6E9F6030C1AF8
:101D7000172E212731211A0303F5EAE2D6CFD2D458
:101D8000CED9E7EBF5FF08251C2F313543343D2A2A
:101D900029241D110902F5ECDFD9CCC5C1C4AFC699
:101DA000BACAC5C3CCD0DBC6D6D7CED4CDCAD3D55C
:101DB000D2DCD5E7E7F4FB0102161615242A2033FE
:101DC0002F2C443D43484C4F535555525C55595761
:101DD0005B4D4D4A423B392E222211100EFBFFF57E
:101DE000ECE7E1DDD6C7CBC4B7BCB4B4B0AAADADA7
:101DF000B0AEABB4B5C0BFC4CDD3DAE5ECF2FC08ED
:101E00000616172024262E282D292D2628222425A3
:101E10002823262C212922211F211E1D1219100ED4
:101E20000D09FE0202F6F8F7F3F1F9EDF2EAEDE43E
:101E3000EAE3E3E5DEE5D9E3DBE5E9EAEAE8E7EA58
:101E4000E4F0E8E7EDE4F0E0EAE5EAE9EFF0F2FBE0
:101E5000F8F5FDF5F7FAFAF8FAFEFAFCFAFDF403E4
:101E600002020B0A0A1821212C34353C413F49411A
:101E70004F46474A3F3F47383C3A272E221C150F12
:101E800001FFFDF0EFE3DED6DDD3DBD2D3D9D2D232
:101E9000D7D7D9E5DEE0E2E7E9EBECF1F2F2ECF2DC
:101EA000F2F0F5F3EEF1EDE2E7DDDBD6CECCD0C516
:101EB000C3C9BCC9CAC6C6CBD2CFDBD8E2E3E2F005
:101EC000EAF6FDF80109FD0C0C091310121119179F
:101ED0001A1C2229272F35323D40424748474E4F92
:101EE00051594D555456555856595556554E534BB4
:101EF000524744453E3A3A342F302B2623241C1FA8
:101F00001D13170C150E0C0500FEFCF9EDF2EAE9A5
:101F1000DFE0D7DAD8D4D4D0CFCECDD2CDCBD0CF8E
:101F2000CDD4D3D2DAD3D5D9D3D7D4D7D4D5D0CE74
:101F3000D3CDCECCCBC5C9C6C4C5C1C5BFC0BDC13C
:101F4000BCC0BFBCC2C0C5C5C6CAC9CCCED2D1D325
:101F5000D7D7D7D6DBD6DADAD4D8D5D4D1D2CDCC30
:101F6000CBC6CAC8C9C6C9CED0D0D5DADCE3ECED41
:101F7000F5FC01080F151C25272F353D41454A4B1F
:101F80005257575A5E5D616262636363615F605D71
:101F900059534E48453E3A352E2E282626242826CB
:101FA000272B2C2D313235383A3F3F4246484B4C97
:101FB0004F50515354545454535251504F4E4D4C12
:101FC0004B4846413B38332E2825211D1915130E49
:101FD0000D0808030100FEFCFAF8F3F2EEEDEAE763
:101FE000E4E0DCD8D7D2CECBC9C5C1BDBAB3B1AB62
:101FF000A5A5A09F9E9C9C9C9C9C9C9C9C9C9C9C06
:102000009C9C9C9C9C9C9C9C9D9EA2A6ACB0B4BBA2
:10201000BCC1C4C6CACACECFCED0D0D1CFD0CED00C
:10202000CCCCCCC8C9C6C5C5C4C4C5C0C6C5C3C749
:10203000C8C8CBCCCED1D0D5D7D9DBE1E4E9EBEF22
:10204000F4F8FB0105060C0C1213171A1E23242B9F
:102050002A3031333636393A3C3D3F4042464549D5
:102060004A4C4E4E515457585C5E626163646464DE
:1020700064646464646464646464646363615E5A35
:102080005855514F494742403C383733322E2D2A5C
:102090002926272623252223212122211F1F1F1F16
:1020A000201C1C1C1B1A191918161512120F0F0AC6
:1020B0000B0806040101FDFDF9FBF8F8F8F6F7F549
:1020C000F4F4F4F3F1F1EFECEAEAE6E5E4E1DFDE63
:1020D000DBDAD8D5D4D1D0CDCBC8C5C2BFBEB9B953
:1020E000B4B3B0ADACA9ABA7A6A6A3A4A5A4A6A45F
:1020F000A7A8A9ACACAEAEB1B1B2B3B3B4B6B5B8E3
:10210000B9BABEC0C2C4C7C9CCCED1D3D6D9DDDE20
:10211000E1E4E6EAEBEFF0F0F3F5F7F8FAFBFDFDAA
:10212000FF000104010302020202010100FFFF009F
:102130000001000102040606080A0C0E1011141713
:10214000191C1F21232628292C2C2E2E3131323305
:1021500033353538363738393A3A3A3C3D3C3E3DEE
:102160003E3E3F3F3F403F4140403F4040413F4077
:102170003E3D3D3C3C3B3836363432312E2B2B290C
:102180002726232321201F1D1D1D1B1B1916161476
:102190001514131212111110100F0D0D0C0D0A0A47
:1021A000090808080807050503020100FFFCFAF802
:1021B000F7F5F3F1EFEDEDEAE9EAE6E6E5E4E4E36D
:1021C000E2E2E1E1E1E0E0DFDFE0E0E0E0E1E0E108
:1021D000E1E2E2E2E2E1E2E0E0DFDFDEDCDCD9D70F
:1021E000D6D5D3D1CFCDCCC9C9C7C5C4C3C1C1C150
:1021F000C1C1C1C1C1C2C4C3C4C6C6C7C8C9CACC93
:10220000CDCFCFD0D2D3D6D7D9DADBDCDDDEDFE25B
:10221000E3E4E5E5E8E8EAECEDEEEFF0F2F4F5F6FC
:10222000F7F9FAFD0001020506080B0D0D0F10115C
:102230001212141315151616171718181717171743
:102240001717161616151515161616171818181826
:102250001A191A1C1D1D1D1D1E1F2021212221209F
:1022600021211F212020202120212123222122235E
:10227000232324242424262727272829292B2B2CF1
:102280002C2B2C2C2C2C2C2A2A29282825252322BF
:10229000211F1D1D1B1A18171716171716161616AD
:1022A00016161817171717171818161716161415C5
:1022B0001414121111100E0D0C090807050301006A
:1022C000FFFEFBFBF7F6F5F3F3F1F1EDEDEDECEAD4
:1022D000EAE8E7E6E5E5E3E3E0E0DFDEDDDBDBDBE4
:1022E000DAD8D6D7D5D5D3D5D3D1D2CFD1D1D0D0B6
:1022F000CED0D0CFCFCFD0D1D0D0D2D2D3D6D5D6CA
:10230000D8D9DBDDDDDFDEE0E0E1E3E3E3E4E5E2D5
:10231000E5E7E5E6E5E5E5E7E5E6E8E7E7E6E8E65B
:10232000E9EAE8EAECEFEBEDF0EFF2F2F3F3F3F4C5
:10233000F6F7F6F6F9FAF8FCF7FDF8FBFAFDFCF90A
:10234000FFFDFEFC01FD0001020302040209070675
:1023500007060A070C09090B0C0D0B0E0C0E0E0ECE
:10236000100E0F1111151013191519191C1D1C1D14
:1023700021211E231F22231D251C221D20221A1F5E
:102380001B1E1A191C1519131815111611121013EA
:102390000F11120F120F1211131411161415181811
:1023A00016171919181A1B191A1B1E191E1D1D1E86
:1023B00020201C211F1E211E1D1D1F1B1D1B1C1A42
:1023C00018191519131415101211110F0D110A0CEB
:1023D000090908050603020100FCFDFCF8F9F6F501
:1023E000F4F6F2F1F3F2F0F1EFF2EEEEF3EEEEF1DD
:1023F000EFF0F1F3F2F0F4F2F5F4F5F6F3F6F6F6A9
:10240000F5F5F4F6F3F4F4F1F1F1ECF0EDECEEE9BE
:10241000E9EDEAE9E7E8EBE3E7E6E7E4E6E4E5E649
:10242000E3E1E1E6E2E5E2DFE1E1E2E2DEE2E3DC94
:10243000E2E0E1E0E0DFE4E1E3E2E2E3E2E5E7E677
:10244000E4E8E7ECEBEAEFEDEFF3F2F2F5F5F7F89D
:10245000F6F9FAF8FAFCF9FBF9FCFAFAFCF9FBF9DF
:10246000FBFAFAFAF9FAFCF9FAF8F8FDF8FAF9FACF
:10247000FDFAFCFDFDFEFFFEFF010203040405045E
:1024800006050809080A0B090B0B0A0D090A0D0CB1
:102490000D0C0A0E0A0D0C0B0E0C10100D11111163
:1024A00014151517161818181A1A1A1D1A1B1D1D9F
:1024B0001B1D1C1D1E1C1E1B1B1B1B1D1A1B1B1961
:1024C0001C1C1A1C1C1A1C1C1C191A1B1A191B1A5E
:1024D0001A171816161615141611131110100E0DC2
:1024E0000D0D0A0A090A0507050307010401010287
:1024F00001000100FFFF0000FEFF00FE00FE00FEE5
:1025000002FF00FFFFFFFDFEFDFDFAFBFAF6F7F705
:10251000F6F5F4F3F1F0F0EEEEECEEEDECECEBEBC7
:10252000EAE9EAE9EAE8E8E8E7E8E8E7EAE7E8E923
:10253000E9E7EDE9E9EDEAECEDEDEFEDEEF3F1F1D0
:10254000F4F4F4F6F8F8F8F9FBFCFCFBFFFF0001EB
:10255000020205030508050808090A08090C080A0B
:102560000B090A070B0707070607050405050403FF
:1025700003050304030104010302010100FF00FD40
:1025800000FFFFFEFDFDFEFCFEFCFBFEFAFDFBFC7A
:10259000FCFAFBFAF9F9FAF7F8F7F6F7F5F6F5F5BC
:1025A000F3F4F3F4F3F2F4F3F4F3F5F4F4F5F6F5ED
:1025B000F7F4F4F5F3F5F4F4F5F3F3F3F2F2F3F2E0
:1025C000F3F2F3F4F4F5F6F7F7F8F9FAFBFAFCFC9A
:1025D000FCFCFEFEFEFFFFFE010000020001010107
:1025E00001020102020203030302030303030302C5
:1025F00004020203020203030304030403050404A8
:102600000505050406050505060505050505060677
:1026100006070709080B0A0B0C0C0C0D0E0E0F0E0B
:102620000E0D0E0E0E0E0E0E0E0E0E0E0F0E0F0FC8
:102630000F10101111121212121314141515161571
:102640001617161717171617171716171616161523
:102650001415141313131312121113101110100F59
:102660000E0F0E0E0D0D0B0C0A0B090909080806BA
:102670000707060606050504050404040302020014
:1026800001FFFEFDFCFBF9F8F8F7F5F5F3F2F1F0C8
:10269000EFEEEDEDEBEBEBEBE9E9E8E8E8E9E9E992
:1026A000EAEAEAEAEBEBEDEEEEEEF0EFF0F1F2F251
:1026B000F2F3F3F4F4F3F5F4F3F5F4F5F4F6F6F6D7
:1026C000F5F5F6F8F7F5F6F7F8F7F8F8F6F6F8F89E
:1026D000F8F6F6F6F6F6F5F5F4F3F3F3F2F3F2F1B5
:1026E000F2F2F1F1F2F1F1F1F1F1F0F0F1F1F0F0DB
:1026F000F0F0F0F0F0F1F1F0F1F1F0F1F1F0F1F1D2
:10270000F0EFF0F0F1F0F0F1F0F1F2F2F1F2F2F2BC
:10271000F3F4F4F5F6F6F7F7F8F9FAFBFBFBFBFC3C
:10272000FCFDFEFFFEFF00000103020203030403A1
:10273000040405060605060707080809090B0B0B24
:102740000C0C0B0C0D0D0E0D0E0E0F0F100F0F11AC
:10275000100F0F1305151C0505101E231C0D020577
:10276000151D13080C16150F0C1318140F10100E4E
:102770000D0B0B0A0C0E0A07070B0D0D0B0A0A09AD
:10278000070A0E0907080B09080808080A090907BB
:10279000060806080A08060502090C0703050404D2
:1027A0000A0A0304FBFE040A0703020404050402E8
:1027B000FFFFFFFFFF0000000000FF00000000FF20
:1027C000FFFFFFFFFEFE01F7FBFCF2010406000025
:1027D000FE0401F6FBF8E6F5F4F4F1FE150AEBFB56
:1027E000E4F1F8DEF9043C36222C06012712DCD98C
:1027F000D2D6DFD0E4E1D0DFECFBDFC4E0F0190992
:1028000010F5F81E242B1E10EB0428E5FE23FA1801
:102810002129F7F6061C07ECF4B2B5DFE301E5B0B9
:10282000DCF4F8F0EEE9D3F6EB070DEEE0FA0DEB91
:10283000DEE6F4F1112B2C2B3421231F22010A0791
:10284000EF1C4C5042253F12C8CBC1D0D7D3E8FB78
:1028500008F70819D3C1B9C0CBE0100B054259499C
:102860004925213E2C3C3228224550433EF5FE0CA2
:10287000EBF2E114350B275440F7F0DFD0DBE9CF62
:10288000FC3D2C45473D1316F5F2C7F4F71B352EDA
:1028900023112342130B18E9EB01233B40340708B3
:1028A0003418EDE5F1FB0405FE201C07F9FCECEC07
:1028B00000F3E326272722032B08F4E0CF0BFFF7D2
:1028C0001D224F19270DFA09DAD1EFEDECF8E6F9E0
:1028D0000314CCDFFD09FFF902050A07FD0E03D042
:1028E000DFE2FDEAEBE5DEE1F70BE5DD0204FDCE1C
:1028F00001F4D0F3C40924CEE7F102EACED9D2FB29
:10290000D7F2FC05E90112CED5E8CEE8DBACE3074F
:10291000FFE319F6C5F0F201F7CBF6F2DE00E402B0
:1029200000E901E1E7C8E8EAF2FDF6FEDE04DDEDCC
:10293000E5E1EBEEB8E70E2718F003E10CE8EE2531
:102940001EE6ECF80006E80AF8DFF40CD1FC19F0FA
:10295000F8FD191B1910FD1610E9DBFEF5FD02FE4E
:102960000C12F3D11615DC0D01E30D0C1017F60156
:102970001804FF02FE2503E906200A190206ECFEF0
:102980001DF71500130DFE250A0A130E0712FDF997
:10299000FA0A161608F215F6F509F01020090030AB
:1029A0000E170C0A190716F8F203FC1722122E3024
:1029B00000FE00FD180DFB16FF0719051707F6FDB1
:1029C00002F0F8FF12140A150CFFF701FBEF0002EA
:1029D00018171C2314160914F400FF02FB0C0EFF39
:1029E0000B0D130700FEFFFAF506FF060E070C0598
:1029F000FF0706F9F7FEF8FD04060D0701F8FC03D2
:102A0000F900F8FF0506040F02F8030902FEFB04B3
:102A1000FBF8F7040FFC010000FCF502070F0402AD
:102A2000FC05FD05FBF10C06F2F1010B0B01F90EA3
:102A3000FD0303F10AFCFBF90204F90C03F5FB0AA0
:102A4000F50102F60203F4FA0BFDFFFEF707FB06A1
:102A500005F50E05FCFC0007FBE7F3F2EAF8FCF9CC
:102A6000FCFCF8F8F6FE0AF2FFF8F700F90B000894
:102A700005F5FB0000F5FEF30402F401FDFBFE0189
:102A8000F3F4F5F8F2EFFCFAF8FEF7FAF4F0EDF8EB
:102A9000F4F3F4F3FAF9F30501F6FEF900FBFA0199
:102AA0000000FFFFFCFCFAF80BFAF4FEFCF5F8015D
:102AB000F5F2FEF2F3F9F9F8F4F5F6F502F7F7FEA0
:102AC000F4FFF8F3040002FE0606FD07020A040004
:102AD000FF050106000602FDF4F5F9FD00FAFBF121
:102AE000F802FE0807010402FE05000605FB0903C3
:102AF00004090704040604FE0606080600080C067E
:102B000007100804070406070703FF040800FA0279
:102B1000010300FD060805090C0A0B080B0A060B49
:102B200008090B09100A0B0909060304010803062A
:102B300005070702050704040100FEFE0A06040754
:102B40000506080605050A070A07060D0A06060611
:102B500009070406040501F8FBFFFFFE00FBFCFE6D
:102B6000FD05FE0703F9FD0208020105FEFDFE0357
:102B7000010100FE000102010101010200FF00034A
:102B80000104FE0002FCF9FBFEFAFAFBFAF7F4F886
:102B9000F6FCF5F7FAFBFBFA04FF0000FDFEFDFF73
:102BA000FEFEFFFFFFFCFEFEFEF9FAFCF9F7FAF964
:102BB000FB00FDFCFA00FCF5F5FFFDFCF8F6FDF965
:102BC000FBFBF8FCFDF8FEFFFCFDFE01FFFCFF0235
:102BD0000400FCFDFEFAFAFEFBFFFCF6F800FFFE27
:102BE000FFFBFCFCFD01010401FEFEFBFCFEFDFF02
:102BF000FFFAFBFDFF00FF0203FEFE01000203FDE2
:102C0000040202020101FFFEFE04FCFBFDFBFF00CB
:102C1000FDFD0203FF00010503080505060404028B
:102C200003010302020602FDFE010201010201FF8F
:102C3000FEFF0102FE01020201010001010101018A
:102C40000401040400050407080602010306080540
:102C5000040300000303FF0101FE0102020000FE65
:102C60000000FB0001030402000203FFFEFF01FF5E
:102C70000101030204030304050403030301040226
:102C80000306050100FEFFFEFFFEFBFAFCFBFCFD58
:102C900000FE0101FEFF000405020104020303021D
:102CA00001000101FF01FDFEFFFCFD000203010226
:102CB000010200FE01FF000100FFFDFBFBFC00FF25
:102CC000FAFAFCFEFF00FD00FEFC020303FFFF0317
:102CD00002FF01040300FEFF01FF00FE0000FDFFF4
:102CE000000201FEFBFE01FEFD00FF00FCFAFD00FC
:102CF000FDFD00FEFDFE0100FFFF010402FF0000DC
:102D0000010101030401FBFE0001FBFB00FEFFFFCC
:102D1000FEFD01FFFE00FDFDFEFF020201000302B9
:102D200001FF03FFFF00FFFFFF0203030100FF029B
:102D30000300FEFFFFFE00010100FEFDFDFCFFFEA3
:102D4000FE00FFFFFFFFFF00FFFF0204000103057D
:102D50000602020300FEFD020201FDFF0200FF0267
:102D60000200FF00FF0001FD0002FEFC00FF000268
:102D7000FD00010001000003FFFE01020302020149
:102D800004040002050200FF01FFFDFF02FDFEFE3C
:102D9000FDFEFDFF02FEFE03FD00010000FE02FF3E
:102DA000000202010301FE04040202040302020203
:102DB00003010004FE0000FFFEFFFDFEFDFDFCFB25
:102DC000FEFFFEFE00FEFD0003000002010101FF08
:102DD00003030002FF0504FF000002FE00FCFE06E4
:102DE00000FFFFFCFF01FEFFFF00FCFE01FCFEFEFA
:102DF00001000101FE0103FF0201010002030201C3
:102E0000000101020102000001FFFFFEFEFEFDFEC7
:102E1000FEFEFEFEFEFDFF0001FCFDFDFE01FE00CC
:102E200000FFFFFF02020301020303030304030385
:102E300004010300000001FEFEFDFCFEFCFBFCFBA8
:102E4000FC02FC0002FE02FE0202FF02000102FF81
:102E500002000201FFFF030100FF0100030100FD6A
:102E60000200FF04FF0000FEFE00FD00FFFBFCFD72
:102E700000FFFFFE0200FF03010104010303010440
:102E8000020005FFFE030101030004FFFB00FDFE3D
:102E9000FCFFFEFCFFFCFFFDFC02FC02FF02FF004A
:102EA0000202FF0100030004030003FF030304FF09
:102EB000020101FFFE01FFFF01FEFE01FC00FFFF1A
:102EC000FEFEFFFE0000FD0200FF00040001020202
:102ED00000030101020002FE0300FF0002020002E3
:102EE000FFFEFF01FEFEFEFDFEFBFEFDFD000000FD
:102EF0000201FE0100FF000203FE010104070101BF
:102F0000FF050002000103FE060101FFFDFEFEFFBA
:102F100002FDFFFCFDFE0000FAFCFE000000FD01CA
:102F2000FF0002000102020202020401030200018A
:102F3000010000FFFE00FEFFFDFFFFFEFFFEFFFFA2
:102F4000FEFFFF0101FFFF00000100020303030178
:102F50000000FF000100010000010002020001FE6C
:102F60000100FFFE010000FEFEFFFDFDFDFE00FE74
:102F7000FFFEFE0101000101010202010102030244
:102F800001020201000200FFFF00FD02FEFEFFFE43
:102F90000200FEFDFFFF03FEFFFE0000FFFFFFFF3C
:102FA00000000002FFFF0000020101010202020313
:102FB00003FF01020101FE00FFFFFEFEFE0100FC17
:102FC000FEFEFE0000FF00FEFFFF02FE0103010007
:102FD000020202050201020201000001FE030001DB
:102FE000FFFFFFFDFF0000FDFFFDFEFFFEFDFEFFFA
:102FF000010201FFFF0101000000000202020400C3
:10300000010102020101000200FEFCFE00FEFEFFC3
:103010000000FEFF0000FFFF0302FFFEFDFE0101B6
:1030200000FF00FF00000003030303000102030090
:103030000101FE02030000FEFEFFFFFFFDFCFE009B
:1030400000FFFEFEFFFFFEFEFE0101020101000087
:1030500002020100FF00020302010102030101005C
:10306000FE0000010000010100FFFEFEFE00FEFD6B
:10307000FCFDFF00FEFE00FF000000000203020155
:103080000101030302020201FE01020101FFFFFF31
:1030900000FEFEFFFE01FFFF01020100FFFFFDFE3B
:1030A000FEFF00010000010201FFFEFF010001FF21
:1030B000030400000103010101FEFF010200FF0102
:1030C00001FEFEFF02FEFDFF010100FDFEFEFDFF11
:1030D00000000000FF0101020401000103040001DF
:1030E00001000000FF00FFFE0001FEFD000200FEE7
:1030F0000000FFFFFE0000000100000100010000D1
:103100000101FF00FFFFFFFF01020200FF010200BB
:10311000FF0000FF030301FEFE0102FFFDFEFDFFB5
:10312000FF0000FEFE0200FFFEFE0201020202029C
:10313000020202000000010200FF00010101FFFE87
:10314000FDFF00FEFFFF00FFFEFF00FFFFFFFFFD92
:10315000FD00010202010203020202FF000002025E
:10316000010203010100FFFFFDFF0101FFFF00005D
:10317000FFFDFDFDFEFEFEFFFFFFFF010100FF0062
:1031800002010101010203040300010200FFFF002C
:10319000010201FF00FFFEFEFF01FFFEFEFFFEFE3B
:1031A000FDFEFF0100FE000101000000020202021C
:1031B0000102000002030100000100000000000005
:1031C0000001FFFFFF00020200FDFDFEFEFFFEFC0E
:1031D000FEFF0001000001000102020100010303E3
:1031E00001FFFEFF00000000FEFEFE010300FDFFE8
:1031F000000101000100FF0000010201010000FECA
:1032000000010000000000FEFF010101FEFE00FFC2
:1032100000FF00020100FFFF010000000100FE00AE
:10322000FF010100000001FF000200010101020294
:103230000100FFFF000000FFFE0100FFFF00010191
:1032400000FF00010001010000000001000000007B
:10325000010000FF0000000000000000000000006E
:1032600000000000000000000000000000FF01FE60
:103270000201FD04FB0201000000FE0404FD02FC4B
:103280000501FB06FA020801F40A03F906F805FD38
:10329000F70DFEFE06ED0AF604FEF9FF0304EB143B
:1032A0000DEB08FDF5FC0F01FDFD0AF817F8F90517
:1032B00008000302F20EFD0EFFF7F6FD0FFC03F00F
:1032C000FEF90BF6F1FD0107EA1702E41010060201
:1032D00006FEFA1418D5140CF40CEF090C0CE104DA
:1032E000FD0504F204F2FFF20404FBFEFE030A02F1
:1032F000F00009F40DFCE807F40EF9FC01F4190ED6
:103300000904011303FE09110905E8060901F7057F
:10331000E10D06FDFEF1F6F609F8FCEC07F906FEF4
:10332000F1090602F60D06EB02F40FF90AFCFE0C99
:1033300009FF11F5FE0709F1120AF3F811FA0CFE64
:10334000030005070001F6FAFFFCFEFCFBFA07018B
:10335000FAF807F10202FFFDF8FD01FCFE02FFFF93
:10336000001107FB0AFD0AFEFCFF09FD030110F92D
:10337000FC080803F313EEF909FCFFFCEAFB030267
:1033800000FFF5FC14F3FE0AEC000F02F807FC0442
:10339000FF1104FF05000707FD06FDFEFD020EE616
:1033A000FDF60BFEF1F6FF0BFDF5FFF30CFD06FE3F
:1033B000FB14060D040BF102F90601020AF2F507EF
:1033C000FE09FBF610F507FFF403FA00FE03FAEF1F
:1033D0000EFB04FCFA03FE0CF911FD0103F30D0EC4
:1033E000FE05FA0B0804FAFCFF03F70FF2F808F6E3
:1033F000FE01F20205F0000BE7FCFBF50BFF0204F7
:10340000FC0007060EF80E0A09070803FA0705F97B
:1034100008F608F40400F2FFF6FFF60406F8FAFED8
:10342000F605FEFA02F70FFB040102F60AFCFB08A0
:10343000FFFB040507F8050F0306000A0200FB075F
:1034400000FA00010104FEEF05F9F701F6FF02F9A9
:10345000F304FDFE06FC0605F70902F30C02070261
:10346000FEFF08FE09FFF906FFFE0202FC0300FF53
:103470000202FE0602030001FEFEF6FDFAFCFBF36B
:1034800009FEFBFC06FA0502FBFEFE05FF07050729
:103490000504070002FB02FF0C09F904F8FD04FA19
:1034A000FEF9FAFBFDFEFD0100FE03FD0102FFFE39
:1034B000FF0201FF05FC09FF0201FB06FA050104FA
:1034C00002FE03010000000307FF010701FEFFFEEB
:1034D000FEFEFDF8FCFCFFF8FDFC0002FC01FB0019
:1034E00001FFF907FF05040108FE090601010207B3
:1034F000FE02020005FDFC0002FFFDFEF90100FDD9
:10350000F8FAFCFE00FE00FDFFFE0AFD0703FF08BF
:1035100000FB0106FE040203050204FF0400FBF5A4
:10352000FBF80000F9FCFC010004FF02FE000204AD
:1035300002FD0405050305020302FF02040202FF67
:10354000FDFEFEFCFBFBF90202F9FBFE04FE00019E
:10355000FCFEF90100FE0703050301090404010252
:1035600002FEFFFFFEFE02FCFDFDFF0301FFFF0068
:10357000FD04020201FD000102FF0501FC00FEF84E
:1035800003020100FEF8FD03FFFFFCFE040003033D
:10359000FEFE0001040703020103000603F9FB021B
:1035A00003FFFFFFFB00FDFE00FA01FA0001FE022F
:1035B0000403FF0303FEFF03FEF9FD0305070200FA
:1035C000F6FCFBFD01FBFCFD0402040A04FD02FF06
:1035D0000D0B010300010406FD02F8FF01FEFFFCD4
:1035E000FAF9F9F9FDFBFCFEFFFD010102030A00F7
:1035F000FE06FB02050602FE04FE030400FFFAFFBE
:10360000030200FC00FF0002FDFEFD0202050500B2
:1036100004FAFEFA02FEF900FCFCFE0200FF04FEC2
:10362000FE0202030102020803FFFF000500FD0085
:10363000FE01F9FFFFFBFFFBFBFE00020204050594
:103640000303040604FF04FC0202FEFCFCFEF90175
:10365000FEFCFEFCFDFCFDFD010406FEFDFE050773
:10366000010205FE01FF00FCFCFFF401000404015F
:103670000204080500050307FF0109010200FF011C
:10368000FEFAFAF9F8F5F3F7FAFBFAFAFC01070289
:1036900004040305090F09070B0106070402FBFFD9
:1036A000F8F802FEFDFEFBFBFCFEFAFB000201FE49
:1036B0000802FD06010200FE00FAFE00F902FDFB11
:1036C000FBFFFDFC030404040404030505FF0C03D5
:1036D0000107FB00FC0200FAFFFAF7F8FDFCFE0010
:1036E000FD01060403FF0802FF06FD0105FEFEFFC3
:1036F00003FFFC0000FCFDF8FC0204FF02FFFF01D9
:103700000207FCFE03010302FEFFFD01FEFBFFF7C3
:10371000FC070103030305030504FC0603FF020481
:10372000FE02FE00FEFC02F3F8FEFAFAFBF9FC02D0
:10373000060002020003070301070304030203005B
:1037400002FDFA01FFFC01FE01FCFEFEFE0304FB8C
:10375000010500040205010003FBFFFFF8FFFDFD6A
:10376000FEFCFE01FEFE0101FCF70405020602015B
:1037700003FD02020205FF0204FD0000FF01FFFC41
:10378000FC0203FBFE00FC0200FE05FFFE01010639
:10379000FF0304FE01FE0200FCFD010203FDFA042A
:1037A000FDFCFFFE01FC0202FF06FCFF020202FE1E
:1037B00002FD03FEFFFEFEFDFF0502FC010203FD0C
:1037C000FDFF0309FE03020702FE0402FDFDFEFEEB
:1037D000FEF9FF01FAFEFF0607F9FEFC0204FD03F5
:1037E000FD02010007FDFFFFFDF7FDFE02010006DF
:1037F000FE0404010602FD020106070DFFF9FDFDAE
:1038000001FFFDFAFAFC020003F7F203F8FF0806D5
:1038100012130CFF03FEE7F0F8E9C5CFE0F0001942
:1038200024293018323E3A322007ECE5DFD9F2EC99
:10383000E7E5ECF01A3619F2D8E0E7E5DAD1D1B7CE
:10384000A8C0D3F3131C313C34444B47392E22F328
:10385000FC2941361F0C1B1500020415FFE2CEB3F4
:10386000BEC7D5E9F1E2DCD6BFECF4D9E50A00FF2A
:103870000AF6D2E5FEF7031E331A2A4E3027312707
:1038800013F90A150D2443252DF0E2F5F5E3E5FCC7
:10389000DDE7E1EBE2FB13F2E2D5E8F4DFD2C9E7C2
:1038A000FF0C09FF101B0428290E0024461636FDC4
:1038B000EE0A0ADCC7F8DA08290415210ACFE1E488
:1038C000F2FE040EF50DFC0431041300EEF7D3DF15
:1038D000EFDAE0050EF9010A02F7150B122A1214AD
:1038E000171204FD0BFDF9E7EA0E11151F0C02ED8E
:1038F000FAF1EDEEDFEB00F906FEF90A0BF4ECF855
:10390000F404E8F2021701FB0205170E0D0002FB9A
:103910000915F80E0EFCFFEC120B0000F204020C6D
:1039200008EFF4F2F3FCFEF90714F90704FA0E05A8
:10393000FEF0FEF8F004F8FE01020B0BE8FEFCFAC4
:103940000502ECFC12130E1000F5FE0203F508123E
:10395000FBF3EBFAFF030101FA0D1E050F06040C41
:1039600000EAF80AFBFEF0EEED00F4FF06F6FC0EAE
:10397000F4F601F603FA040613000B1C0F1206F40A
:10398000FEFFFE09F6EEF8010B01FC00FFF9071738
:1039900009F70BF9EBF1FF0501FDF0FAF6F7FA066E
:1039A00000FBFFFF111605F408F8F90B03080CFFE4
:1039B0000705F4F80001EF0306E900060A170A03F9
:1039C000F1FD04060C0305F9FB0CF8F50508FCEB0A
:1039D000F1FBF6FCFBF9FA0403FD1002FD0B0803F2
:1039E000FE020607FAFB00F8FB0409FC05FF0006CF
:1039F0000809010B01F9F80503040506FDF1F2FFC2
:103A0000FAFDFBF6F0F3F7070306FF070B06FFFED0
:103A1000090D07FD03F9FEFF0AFAF7F902F7FBFCAF
:103A2000100C0802000605FEF303F900FF0A09FC6A
:103A3000FC03F8F4FFFE00EDF0FD030A04030A0F97
:103A400002020D07FB0706F8FD01FEFCF10005FD73
:103A5000F5F6FBFBFE09070906F1061106F9FC095C
:103A6000FCFDFDFDF6F2070000FFFBFF0201FF0970
:103A70000C06FC0302FFF9040106FBFA03F8000937
:103A8000F9F4FBFD02F8FE0202090A0C100D040510
:103A9000080702FFFEF9EEF2FAEDEF03FCF8F80476
:103AA000FF080700FE0002F60202FEFEFD0104040C
:103AB0001203FCFE0506FC0205FF1105FD090B01C2
:103AC000080902F9FEF7F4F30005F1F3F0FFF5FA47
:103AD000FFFAFA0101050A10050304FF04050200BC
:103AE000010602FEFF0506F50200FAFE00FDFE07D4
:103AF000FFFDFEFEFDFD03FBFDFCFFF9FB020500E3
:103B0000F606FD030608020D08FF0B0A0805070864
:103B1000FDFA06FDF3F8FDF9F1F8F6F4FFFDFE04F9
:103B200005FF03FD010501FEF9F3FF07FB040C028D
:103B3000F3FD0A03080E03030708FD0803050A0541
:103B400000FEF6FEFAF40001FDEFFD00FCFBF6F6C8
:103B5000FB060101050005040404040709FEFAFF41
:103B600005FE000400FD02FE02090A03FFFFFF003C
:103B70000302FAF6FDF8EEF1FA00F7FBFAFD01098F
:103B80000407070006010404080B070C080D0B07C7
:103B90000604FEEFFAF6F8F9FCF5F6FBF9F4F8FD89
:103BA000FCFCFD0401020B080002060603040702E8
:103BB000040701FF0405FFFF01000101FCFCFDFDFE
:103BC000FFF7F7FAFAFCF9FFFCFF0402000403FF19
:103BD0000200000307030305050202FDFE020401C3
:103BE000FF0108080500000301FCFBFEFDFEFBFCD5
:103BF00000FD00FDFBFCFEFCF9FD01FFFF020002E1
:103C000002FEFF0101FEFCFD0502040701FDFE03AB
:103C1000FE000001FEFF03040404020302FD020192
:103C20000004040602FEFF00FFFEFEFDFCF9FE0498
:103C30000301FFFFFEFDFFFCFF01FEFFFE02050585
:103C40000303FFFD00FCF8FB00FE04010100FB0084
:103C500000FEFD01FCF7FC0A0B00FCFE0803010658
:103C600003FAFB030B08FFFA04040002010705FF37
:103C7000FE0300FFFDFFFCFBFFFF00FF000203FF50
:103C8000F6F8FDFEF9F8FEFDFF010103020200FD5A
:103C9000FB01020302000103070302020502000008
:103CA000010101010202000001FFFFFF01FDFDFF14
:103CB00000FF00FE0000FF02FFFD00020201020201
:103CC000FCFD010100FFFDFEFCFEFFFDFDFEFF000F
:103CD000FEFF01FEFE0204050403040504020002C7
:103CE000010303000001020201FF000100FFFFFFCA
:103CF000FF02FFFFFFFDFFFE00FDFDFE00FFFEFFD8
:103D0000010200FFFEFE00000001000000000000B4
:103D10000000000002FD01020005F700F8F3F3EED9
:103D2000F8F000FE0C0C0609F910030B040100FC6E
:103D3000FAEFEBE9EFFCFF0B0A2016182715200F0E
:103D400009120A190C1610100D01F7E5E2D4CEC8BD
:103D5000C0BCBEB7BDBACBD8DAFA030D1F303843AA
:103D60003E4347302814141B1623171929271C1EFD
:103D70002228192118120E0100F0F2DDDFDBDCE150
:103D8000D4D9E1E4D6EDD7F6F0EEFDF0FB05F6FE72
:103D900003F100F7FDFD0A0A0C0606100C0F0E10C9
:103DA00000160C1F1610120704F2F2EFD7E3D2C46C
:103DB000D4C9C7BDBEB8BCC3C2BECDD5DFE2F4F422
:103DC000FEFA090307160C211E252835363844470C
:103DD00050515255515455535250504C4E3C443210
:103DE0002B1B1011F9F8E0E5C9C8B8B5B1ABAFAC01
:103DF000ABABADACABADADB3AFBFBCBFCBCFD5DF25
:103E0000E3E9F2F7FA05131A232D3C3C48414847F1
:103E10004A464446444A41373126231C1F160C08A3
:103E2000040900FAF7F0E7E5E6E8E9E5EEEFF1FC72
:103E300001FD05FC050502FB04F7F4F6F5F4EEE8D8
:103E4000F1E7EAEBEAEAE9EFEFF2EBE6F0E2DEE1D6
:103E5000D7D5D4D5DAD3D2DCDADADDE6EBEBF6FC73
:103E60000709101C1A23282F3E353C3F3D393D3BA6
:103E7000393738362F362C332729241C1B0E0906D8
:103E8000FDF8EFECEEEEEEEEEFEEF2F4FAF800FEF7
:103E900003050206080005FFFC010000FAFFF3FA23
:103EA000EDEDEBEBE3EBE9E9E6EEE6EAE5DCE0D6A7
:103EB000D2D6D3CDDACED5D8D7D7DCDADBE2E2EB77
:103EC000E4ECEAEDE6E8E4E9EAE8EFF2F2FC01020C
:103ED00003020A0F111523202A2B2D3C394343429C
:103EE000404A4B504E4745443A3B322D2624212A26
:103EF000262527272D2B3231312D2F2A2C2D292E07
:103F00002725221C1B181612110A0B080601F8F4AB
:103F1000EBE3E0DFE1DADBD3D5D7D5D8DCDCDCE5D9
:103F2000E7F3F9FCFF0001050402060000F8F3F5D1
:103F3000EFEAE6E6D9DDD3D4D0CAC6C3BFBDBEB56D
:103F4000B8B3B9BAB9BBBEBFC5C9CED2D9DEE0E7F6
:103F5000E7E8E4E2DFDBDAD8D4D3D0CCCFCCCFCBE8
:103F6000CECFD0D4D9DFDCE4E4E7EBECF2F1F0F330
:103F7000F2F6F4F5FAF7FE00FE0001060B13162028
:103F800020272A2C31333234393C40454A4F4F4F99
:103F900053535551504D4C4F4A4C46423C35302BB3
:103FA0002722241E1E211F2121222225272A2C30D0
:103FB00031373C3C414141434342444443464445FC
:103FC00044434341413F3D3A34302B27241F1715CA
:103FD0000E0E08050605040401FF01FCFAFAF8F8C4
:103FE000F9F6F3F3F0EFEAE5E0DEDAD3CFCBC8C2BF
:103FF000C1BEB8B6B3B0AFADACACABABABABABABBB
:10400000ABABABABABABABABABABABACADB1B6B8DF
:10401000BEC1C4C8C9CDCED1D0D2D5D4D5D4D4D4C4
:10402000D3D0D1CFCED0CECFCCCECDCECECDCCCCAA
:10403000CCCCCCCDCFD1D2D3D6D8DADCDFE1E4E41E
:10404000E9E8EBEDEFF0F3F7FAFD01050A0C1114C6
:104050001A1F23272C3034393B40424446484849F4
:104060004B4C4C4E4D4E4D4D4F4C4F4E4D4E4F4F79
:1040700052505152525151504F504F4E4B4848455B
:104080004241403E3E3C3A3838353432312F2F2DB4
:10409000282928252422201E1F1D1E1A1A1A1A1B21
:1040A000191A1B191A1B1E1D1E1E1C1F1E201C194F
:1040B000181515141412100E0C0C07090703FF0035
:1040C00000FEFBF7F6F4F4F4EFEBE7E7E4E2E2DE00
:1040D000E0DDDBD9D9D8D6D3CFCCCECAC9C3BFBFD8
:1040E000BCBAB8B7B4B3B2B2B2B1B1B0B0B0B2B298
:1040F000B3B3B5B8BABDBEC1C2C3C6C9CACCCED2AD
:10410000D3D7D8D8D9DADCDBDBDCDDDCDCDCDEDE07
:10411000DEE1E2E3E4E5E7E8EAEBEDEEEEF1EFF114
:10412000F2F2F3F3F4F6F6F6F7F6F8F8F9F9FAF92D
:10413000FBFDFE000001030407080B0B0D11131219
:1041400015151919191C1D1E1D1E20222325252891
:10415000292A2A2B2D2E2F2F313030303231313376
:104160003233323232323434343334343435363715
:10417000373939393A3B3C3B39373634322F2C2AE0
:104180002824211F1D1A18161512100F0D0D0B0BC8
:104190000B090908090A0A09090A0A0B0C0B0B0C7E
:1041A0000D0D0D0E0E0D0C0C0C0C0B0A090707075C
:1041B0000504010000FDF9F9F9F6F3F0F0EEECEB7F
:1041C000EAE9E8E5E4E5E4E2E3E4E2E2E3E2E2E2AC
:1041D000E2E1E2E3E3E5E3E5E5E3E3E2E1E0E1E0B8
:1041E000DFDFDDDDDBD9D8D8D8D6D5D4D4D3D1D054
:1041F000D1D0D0CFCFD0CECECFCFCFD0D1D1D2D2C1
:10420000D3D5D5D5D6D7D7D8DAD9DADCDBDCDCDC28
:10421000DEDFE0E0E3E5E6E8E9EAECEDEEEFF0F220
:10422000F5F8F8FBFE01030406080A09090A0B0C5D
:104230000C0C0E0F0F101212131314161011111272
:104240001211110E0D0D0D0C0C0E0E101012121578
:10425000151718191B1B1B1B1D1E1D1D1D1D1D1DAC
:104260001C1B1C1B1A191919181818191818181AB8
:104270001A1B1B1C1D1D1E1F20212324252626283A
:104280002828292827272625232221201E1D1D1BFB
:104290001A191918171716161516161515151515B6
:1042A00015151414141414141615151515151414C5
:1042B0001311100E0E0D0C0A080706050403020266
:1042C00000FFFFFEFEFDFDFCFCFBFBFBF9F8F7F633
:1042D000F6F5F6F4F0F0EFEFEDECEAE9E8E6E5E408
:1042E000E2E1E1E0DFDDDBDBDBD8D7D6D6D6D5D423
:1042F000D4D5D5D5D5D4D4D5D7D7D8D9D9DADBDB51
:10430000DCDCDDE0DFDEE1E1E3E2E3E4E3E5E5E59B
:10431000E5E6E5E7E8E8E8EAE9EAEBEBEFEEEEF000
:10432000F1F2F3F2F3F2F4F4F5F3F4F3F2F5F0F260
:10433000F2F1F1F0F1F1F2F2F3F2F3F4F4F7F6F74F
:10434000F7F8FAFBFCFE00FF010201040506060671
:104350000909090A0A0B0A0B0C0C0C0C0C0C0C0DAD
:104360000E0E100F11111113121312131413151531
:1043700012161514161516161516151515161615EA
:1043800015161613141314131213101311111211FE
:104390000F111410121313121514151713171615E5
:1043A00017161817171A19191B191A1B191C1B1A7B
:1043B0001B171A17171616171416151513141212A1
:1043C000121010110F0F120E100E100D100D0C0FF9
:1043D000090C0B0706080505040203FF01FDFDFAA1
:1043E000FCFBF7FAF7F5F8F7F5F5F5F6F3F5F4F663
:1043F000F1F5F6F4F6F4F6F6F5F6F7F7F6F8F6F664
:10440000F9F5F8F5F6F6F5F6F5F5F4F2F4F1F3F161
:10441000EFF0EEF0EEEDEDEBEBEDEAE9E8E8E7E9E1
:10442000E7E5E8E6E6E5E6E4E5E3E5E6E5E6E3E834
:10443000E6E6E5E7E9E6E8E5EAE8E7E9E8E9EBE901
:10444000EAE9E9EBEBECEBEBEEEDEDF0EEEFEFF3A1
:10445000F3F5F3F9F6FCFAFBFDFBFFFF01FF0101A9
:1044600002FF02FF0000FEFEFFFDFDFDFBFEFCFC67
:10447000FCFAFCFBFCFAFAFBFAFCFAFCFCFBFBFD89
:10448000FEFEFF00FF020203040505070707070BF6
:10449000090B0B0B0E0D0D0E0E0F0F0F100F0F0F44
:1044A000100F0F100F1211121114121415151515EB
:1044B000181719191A1B1B1A1D1C1B1C1B1B1C1956
:1044C0001C19191A19181716161413131210111192
:1044D00010110F100D0F100D100D0E100D0F0F0EEF
:1044E0000F0D0E0D0C0D0B0D0B0A0A080907060621
:1044F00004040304010301000101000100FF00FFA7
:104500000000FFFFFFFFFDFFFDFEFFFAFDFAF9FBD4
:10451000F9F8F7F7F5F2F5F2F5F2F0F2EEF0EFED6B
:10452000EFEBEEEEEDEFECEEEDEEEDECEDEDEDEDB7
:10453000EDEEEEEFEEEFEFF0F1F0F1F1F2F2F2F17D
:10454000F2F4F2F4F2F3F4F4F6F5F7F7F8F9FAFB13
:10455000FCFDFF00010203050607080809090A0916
:104560000A0B090B0A0A0B090908070606050504C8
:10457000030303010001FFFF000000FFFF00000034
:1045800000FF01010001FF0101010100FF00FEFF2A
:10459000FDFEFDFDFDFCFDFBFAFBFAF9F9F8F7F76E
:1045A000F8F6F6F6F5F6F6F6F6F6F6F6F7F6F5F6AA
:1045B000F4F5F4F4F4F2F3F3F4F3F2F4F3F3F3F2C6
:1045C000F4F3F4F4F5F6F7F8F7F7F9F8FAFAF9FC7A
:1045D000FCFCFEFE000001020203010203040402CF
:1045E0000402030302030202020001010100FF00B2
:1045F000FFFFFFFEFFFFFF000002030303040404AC
:10460000040505060606060507060605060606064F
:104610000505040405060505050505040607070844
:104620000808090A0A0B0C0D0E0E0E0F1010100FC1
:104630000F1010111212111211111210111111126A
:1046400011121010100F100F0E0F0E0E0F100F0F73
:104650000F0F0F0F10100F10101011111112121256
:10466000111110100F0F0E0D0C0D0C0A0B0A0A0879
:1046700008080807070605040404030202020102F1
:10468000010000FFFDFDFDFCFBFBFBF9F8F8F7F670
:10469000F5F4F3F3F3F2F1F1F0F0EFEFEEEDEDED11
:1046A000ECECEDEDEDEDEEEEEDECEEEFEEEFF0F02F
:1046B000F2F2F3F4F4F5F5F5F5F6F7F8F6F7F7F8A6
:1046C000F8F7F8F8F7F6F6F8F8F7F6F7F7F7F8F777
:1046D000F7F8F7F7F9FAFAF9FAF9F9F9F9F9F9F94E
:1046E000F8F6F5F5F4F2F1F1F0F0F0F1F1F2F2F3A1
:1046F000F1F1F2F2F1F2F3F2F3F3F2F4F3F3F3F394
:10470000F3F4F3F3F5F4F4F5F5F6F5F5F5F6F6F65E
:10471000F5F4F5F5F5F5F4F4F5F5F4F7F7F7F7F842
:10472000F9FAFAFCFCFBFEFFFEFF010102020204A3
:104730000505060605060706060606060606080817
:10474000080A090A0B0B0A0A0B0B0B0B0B0B0A0BC3
:104750000E0B0B0F100D0E0E0E100E0E11100F1073
:104760000F0F0F0F0F0F0D0F100D0C0D0C0D0C0C6C
:104770000C0C0B0C0C080B0B0B0C0C0A0A0A0A0A8B
:104780000A070808070807070606060704060605BD
:1047900006050506050508060505060507060506BE
:1047A00006050505050504040403030402030302CA
:1047B0000202010202010101000000000000FF00EE
:1047C00000FFFFFEFEFDFDFBFDFBF9FFF9FDF9F922
:1047D000FCFAF7FCF9F8FAF4FBF6F5FAF1F8F8F858
:1047E000F1FAF9EDFCF0FBF2F003F9F202EE03F658
:1047F000F9FDEC01FFFAEA05FBEBF9F6EBFCFBEC4B
:10480000ECE5F9E3FDE4EEEEF3E2FAEADBF8E7F8D3
:10481000EAE9D8F3F1E4F5E3F4EFF3E6F2F7F1F6C1
:10482000F007EFEEFBF8FBF5E3F5FAF3FDD5FDE657
:10483000E1F3CFF6EEEAE1F4E6ECF0E1FBE6EBE6DD
:10484000FBFFEEF1FBE8FFFBEF06EE050CFA0D0AAD
:104850000C1B180D2117121E212326222029243E6D
:104860001F2D242D1F2E351A332C1F3036252932AB
:1048700024323B2F332F2E323137243B32263E2A2F
:10488000333C36372F30382A2D262A2F222E2B2341
:104890002C2D2A262C242C233F313D323A2E2F2A30
:1048A00025271A1C2229272E29332E2631212B2594
:1048B0001C1E2115221C1826112515241B261B1F22
:1048C000161A1C09190404000DF712FD1210041029
:1048D000000E0B0A0414020D08080BFAFFF5FDEE9A
:1048E000F1EAE9EBDBE5DBDCE0DAD7E4D4D8D9D3D5
:1048F000D3D6CFD2CCD1CDBED7C3D0D1C7CFC7B9F5
:10490000CDC2C6C8C2C5C0C0B9BFC3BCBCC8C6CB77
:10491000D5C6C9D9C2CCCAC8CDCCC3CECEC6C8C2F2
:10492000CBCEC5CDC8CBC4C8C7C6CDD2C3D5C6D0E3
:10493000CFD1DAD4DAD0E3DEE2DDD8E4DFE2E6F4A8
:10494000EFEFF3E6F5E9EFFAEFF7ECF0F3FAEEEC60
:10495000F5E7F7E7EBF8EBF1F0F5F8FCF1F0F8F438
:10496000F7F405F507F9090013050B08FE07FA0629
:104970000310070FFF10000012F60509FFFBFFFCF4
:1049800007020EFC00080507060B090B0B0B0E13A4
:10499000171116181D1420241A1A1D16111D1C1C7F
:1049A00017241A171A17161A1417181218191D1C7B
:1049B0001A1C181A17191815181B141E151A1B2261
:1049C0001B141D1A1817191A1A1A15141512150F77
:1049D0001213110E12100D120D120D0D0D0B0F0DE5
:1049E000140C0E110F0B0E0F0B0F0A0E0D0C070CF3
:1049F00008050A030808080B0C070A0C090B070531
:104A00000B04050909090606020806030404FEFB57
:104A1000FCFFFC00FEFD01000203FFFF0A07070E7A
:104A20000A10110F151515191918191D1F20211E0F
:104A3000231F1E211D1B1B1B1B1917161A191517C7
:104A40001113121310101112110E10121310100F57
:104A5000100E110C100D0A0A060A080A07080406AF
:104A600007060604020200FF0400010104FEFFFF26
:104A7000FF00FBFCFCFCF9F9F9F8F8F8F7F3F1F3A7
:104A8000EFEEECEEECEDE9E8E5E6E4E5E6E0E4E1A6
:104A9000E3E4E2E3E2DDDCDDDCDCD9D9D7DBD5D44D
:104AA000D4D4D4D4D4D5D4CED1D4D1D3D2D3D4D6D3
:104AB000D3D4D8D8D7D7DADAD7D8DAD9D7D4D7D584
:104AC000D4D6D8D6D6D3D7D7D3D3D5D3D3D6D4D399
:104AD000D6D4D6D6D7D3D6D5D4D7D8D9DDDBDCDD5E
:104AE000DFE5E6E7E3E8EBECEEF2F3F4F5F3F8F9F3
:104AF000FBFEFEFDFE00FFFE0101010200030405B6
:104B0000050707070705060A08070A090F0D0E1211
:104B10000F1013131311151819191B1B202224250C
:104B20002625262A2A2C2E30312D2E342F31332EB5
:104B30002F2F2D302F2F2D2D302C2E322E2D2E2D90
:104B40002F2F302E2E2F2B2E2D2D2C2F2C2827299A
:104B5000262A2827292527282825272327262226ED
:104B6000242524242323222123201F1C1C1C1D1B3D
:104B70001B1919171B18181815150F101011100EE6
:104B80000C0A0A0708060502FEFEFDFDFCF9FBF80B
:104B9000F8F7F5F9F6F7F2F1F3F3F3F1F1EFEFEFE0
:104BA000EEEFEDEDEDEBEEECEBE9EDE9E8E9E6E853
:104BB000E6E8E9E6E9E7E9EAEBEBEAEAEAEAEBEA62
:104BC000EAE9E9E7E5E5E6E6E5E7E5E7E5E5E6E480
:104BD000E3E2E6E4E3E3E6E6E6E7E8E9E8E8E7E877
:104BE000EBEBEBECE9ECEAECECEDEFECEDECEEEC06
:104BF000EDEEEDEEEDECEEEDEEEDEFEFEFEFECEEDA
:104C0000EFF1EFEEEFF2F2F0F3F2F2F3F1F1F2F393
:104C1000F4F3F5F8F8F8F8F8F9FAFAFCFCFCFDFD05
:104C2000FFFE00FF00FEFEFEFEFFFEFF00FDFCFD9E
:104C3000FEFBFAFCFAFAFBF9FAFBFBFBFBFBFAFBC7
:104C4000FDFF0000FF00FF01000202040304030750
:104C500007080A070807080A0A09090B09060809CC
:104C600007080707050303060406050406050504EF
:104C700005070708090B090B0D0D0C0E0D0E0E0C88
:104C80000F100E0E10100F0C0C0C0D0D0C0C0C0D4B
:104C90000C0D0E0D0E0C0D0D0E110D0D0E0D0F0D3C
:104CA0000D0E0D0C0C0D0E0D0A0C0D0A090A090A49
:104CB0000A0809080A09090809090906080807096C
:104CC000070808070505020304040203050404019C
:104CD000010202010203020201FE010100020201BF
:104CE00004020202010303030202030200030202A0
:104CF000040305040403010300FF00020201030191
:104D000000FF00FDFEFEFE00FF000001FF010300AA
:104D1000020303040303020402030202010201016D
:104D20000100FF000000FEFDFEFFFDFDFCFCFCFAA3
:104D3000FCFBFAFCFBFDFCFDFCFBFBFBFCFDFDFCB6
:104D4000FDFEFEFAFBFCFDFCFBFFFBFDFAFAFBFBA4
:104D5000FBF8FAFAFBFBFAFAFAFBFAF9F9FAFAFCB1
:104D6000FCFBFBFDFBFBFAFBF9F9FAF9F9FAF8F7A2
:104D7000F7F8F4F7F8F4FAF4F8F5F9F8F9F9FAF9BC
:104D8000F6F8FAFAF8FDFCFBFCFDF9FCF8F8F8FA85
:104D9000F9FAF9FBF7FCF6F8F8F5F9F7F7F8F5F892
:104DA000F9F6FBF8F8F9F9FBF7FAFCFCFAFBFEFB65
:104DB000FDFBFAFDFBF9FCFAFB01F9FBF9FDFCF93F
:104DC000FEFAFFFAFBFDFDFDFCFEFCFF0103FD000A
:104DD00003FC000002FD0300FE05FA05FF06FD00CE
:104DE000030005FD01000004F90505FEFC0503F7BD
:104DF00006FD04FA0BFFFE09020B0307000D080372
:104E00000A050C060F0A07070F0C07070A08031309
:104E10000807040A05060BFB11010604040AFD0B32
:104E2000050808020D0213040C0B051301110B05F4
:104E30000D060D080C0B060A030D040608040A07EC
:104E40000B04070D090C070A090A0A090C06090FC9
:104E5000060A030E04040B010A01040107030005FE
:104E60000103FF0600FF0602FE0902010604050415
:104E7000040601080403030206040009FD0103FB04
:104E800005FEFEFD02FDFDFCFAFEF800FEFDF9FC4C
:104E900003F9FEFDF6FDFCFDFFFDFCFAFDFEFCFC4A
:104EA000FBFCFDFC02FAFFFFFDFBFFFFFAFDFCFC33
:104EB000FAFAFDF8FA00F9F400F4F101F5F2FCF168
:104EC000F7F4F5FAF2F6FBEDF9FAF2FAF8F5F8F97B
:104ED000F6FBFCFBFEF9F8FFFEF7F9FDF9F9FFF42C
:104EE000FEF9F9FEF6FDF9F6FDF8F7FAF5FBF5F92E
:104EF000F9F3FBF8F4FAF8F2FAF9FAF7F9F9FBF931
:104F0000FEFCFAFDFBFCFDFEFC02FCFEFF00FFFFC9
:104F1000FB0000FB0201FEFE00FB0300FD01FE00A2
:104F2000FDFC00FCFCFDFC00FE000001FFFF000298
:104F3000FE000008FE04030403070708060807082C
:104F40000404090604070606060504050004000318
:104F5000040100040302FF02040201060202060427
:104F60000707050807070B090A0A0A0A09090B09B6
:104F70000A0A09080B08080A030A040903030500C2
:104F8000040207FE040103030302030104050300F6
:104F900006000606020503030307050808040A04C1
:104FA000070706040704060508050608030504FEAE
:104FB00000FFFEFFFFFDFCFCFBFCFEFEFCFBFEFF1A
:104FC000FEFFFFFEFFFFFF00FE020000040002FFE5
:104FD00000FEFFFF000001FE00FEFDFFFEFEFBFFE6
:104FE000FBFDF8FDFBFCFCFBFDFCFCFDFAFBF9FB0B
:104FF000FAFCFBFCFFF9FDFCFEFCFBFCFEFBFEFDEE
:10500000FDFEFEFEFBFDFBFDFCFCFCFEFBFFFAFED5
:10501000FBFDFCFCFBFDFBFDFAFBFDFC00FEFFFCC9
:10502000FDFEFBFEFEFDFDFAFBFDFD00FF01FEFEA9
:10503000FEFFFEFFFFFCFBFCFDFFFE01FE00FF008C
:10504000020001FFFDFEFFFDFE0001FF04FF01FF66
:1050500002FF00FFFE01FF000103FE0000FF000051
:1050600001FFFFFF0000000103FF03FF0301030135
:105070000502020403020203000504040302030103
:10508000FF0200FF0000FFFEFFFE0000FE0000FF29
:1050900000FF0302010405030705060206040604D7
:1050A00006050805050404050204010202020101C7
:1050B0000000FDFCFBFDFDFDFBFCFCFBFDFD00FF1E
:1050C000FF010001020404040404050505050604AB
:1050D00006070504030303010002FF02FF02FF01AC
:1050E000FF00FEFFFD00FEFDFEFDFFFDFEFFFEFEDC
:1050F000FDFDFDFDFEFDFE000001FF010001FF01C1
:105100000101010204010102010301030300020085
:105110000001FF00FF00FEFFFDFFFCFDFEFEFDFEA7
:10512000FCFCFDFCFEFEFEFFFEFDFFFFFEFEFEFFA3
:10513000FEFE0100FF00FE000001FF0000FF020272
:105140000201020100010000FE0000FFFF00FFFF5E
:10515000FEFFFF00FEFEFEFDFCFBFEFDFFFDFFFD72
:10516000FEFCFEFE00FFFFFF000101010202010242
:10517000010303030201010202000001000001FF1C
:10518000FFFFFFFEFEFDFDFDFEFEFEFEFFFEFEFF3D
:1051900000FFFFFF000002020303030202020302FA
:1051A00002020202010102010000000000FF00FFF4
:1051B000FFFF000101FF0000FEFF010000010201EE
:1051C000000100FF00010101020100FF00010102D6
:1051D00000000102020201010100010000010101C1
:1051E00000FFFF0101020000FFFEFE0100020000BF
:1051F000FF0101010103020103FFFFFF0001FDFFA9
:10520000FFFE00FF0001FF01010300FE0001FD00A1
:105210000000000003030001020401F808EBF62877
:10522000F1D3EF15302605DDD6F81B0EF0E902119B
:1052300002F3FC100C03010303FEF9FDF9FF030266
:10524000FAF6FF050503010000FBFF0703FEFC0162
:105250000200FEFEFE01020100FD00FF000201FF50
:1052600000FEFF0000FF00FFFF0000000000000143
:105270000000FCFD010308FC0103FD030802FBFD27
:10528000F2FEFCFD0300040F01F0E9F70C18070F14
:10529000FEFAFDE300FD1B17FF07E3FC0DF9FCF729
:1052A0000CF3D8D7F71C1E1E0F14FEEE04060F05D4
:1052B0000B13162F1DF3F212FAFDE8C9D5E3D3C084
:1052C000D3DEF0303616F1F30514280EE5CCC7D640
:1052D0000315303B4C5B27060103243A3722F1F9D2
:1052E000FDE4EDCDB0ABC3F405F9FBFDFC010BE82B
:1052F000C8CED9D3E8101D02FA202118F70E2534A4
:10530000300817432D112609FD15240AFA0F2D091F
:1053100001EDF1C5B0C3BDCBABC8EBE4351510FD55
:10532000DDFDD3FD06F3F30F46452A111E2E1AFFAD
:10533000F309242520241614E5EC05FECEB4CCDBBD
:10534000F3EDFD140BF2D4C1DBFA110200191F2595
:10535000181A0FE7EF0B02E804211E1F0C1514F0BA
:105360000804F9090AFA0E1B17EC03EAD7D7ADF2C5
:10537000E6F03C0A0FF8D313EDF5FB08F20C080336
:105380002EEC061627170DECE5F7EE2A1E1732E075
:10539000F2CEE2FCEFE0CCE7E61220123E1EE9F886
:1053A000E60B2315F0010EE41C03120ED312ECFCE5
:1053B0000DECFAE82E1DF5E1E2E2F5FA0112351CDA
:1053C000170702F5F5E51322F0D8E60502F1DB1127
:1053D00014DFDFC0041B0D230723194B2CFA18FE22
:1053E000F3AD17FD0324CBE3F5BEEDFF15E50F1577
:1053F000010CE71024100505010709F6F5F4121356
:105400003302F7F9B9C4E1FD2610E6FD0E1F2601AF
:105410002903F2E5F1DE07FAF11AF6EFF11A0A199B
:105420001DFAF9FCE6DF01EA0B05070B0A3309F761
:1054300012E116EBCB0BCF1603060CED2E0F1AF86C
:10544000FBFC13F4FEF9D8FB12F7F209FA190AE093
:10545000EE092C1A08E8EB07EEFDE8F508190BEA4F
:1054600004FAE8F1F4F3FEF4FB13FB143E320E10E1
:10547000F60409E2080EFC1404EEDBF20F0BEDE279
:10548000FD08EA00E4E20811110103000D0608031B
:1054900007FE08FB070DF1F7FAF8F8010901060607
:1054A000210FF8F5EEE7F1FF0C0901FE02020202FE
:1054B000030707F5EDF2FC010E131B07F2EBEEFDFF
:1054C00002FD0F1302F6FC04FBFB0C0F04FD0202AD
:1054D00002080CFBF0EDF2F2F5FDFFFBFF090F0DEA
:1054E00001F6FEF306FA0102040D0D050906051189
:1054F000FDEBEFEAFBF9080B0EFEFD08FFF0EEFEF8
:105500000403040C0E01FBFD0309020CFEF6F3FA82
:10551000F60A0A0906FD05FEF7FAF5050BFDFEF68B
:1055200003080102F8E6F3F2070F030FFD0105FA85
:10553000FE0F000100F907090801FCFBF9F9FF0261
:10554000130EFAFEFFFB01040107FFFC00F2FA054F
:10555000FC0C06F6FBF3F4FE04FFFBFAF90500046D
:1055600007FF050E03030A0A09FEFDFCFC04F9F41B
:10557000000302FDF9FE03FDF8FCF9050C0202022E
:10558000F2FDFF02070004FF000406030A07FFFE06
:10559000F3FB04FE0004FF0202F805FC0600FC0019
:1055A000F101FC0400FC0005FEF9F900FE05070608
:1055B000FDFB010400FD05050202030700000307CF
:1055C00003FD00F802040605FFF4F7FA0100FAF6FD
:1055D000F5FD060601FE020AFEF1FEFD02080407C3
:1055E0000705080A060601FCFAF8FC02FCFA01FBB2
:1055F000FDFD0708F9F5F8FD01030405FE03FFF6BC
:10560000FE03FEFAFAFC03030503060B050205FE82
:10561000F9FF0401080C060301FB0100FDFCFAFD83
:10562000FBFFFAFD02F9FE02010001FAFAFB020794
:1056300002FBFC01FFFD0107000305010A0703004F
:10564000FC04010101FF01FFFE00FCFEFBFFFFFC6B
:10565000FFF9FB01FD000001020500FCFE01FE0256
:1056600005050103000103FE07020200FDFD04021F
:10567000FC040503FE01FEF9FCF9FDFEFF0100F943
:10568000F8000001090600FCFE0202FF0004FFFE14
:10569000000403000204FDFDFDFD02FDFE060503FE
:1056A000FFFD04040300FCFCFCFDFF040603FB00FB
:1056B00002FAFEFEFD0101FB0101FE02060404FFE9
:1056C000FE000103000001FDFB01FE00FFFB0105E0
:1056D00002FEFDFEFFFAFD00040401FE0103FF00CF
:1056E000000605FEFF030303030703FFFBFD0002A3
:1056F00003F9FFFDFCFCFDFD00FFFC0301FEFEFCC9
:10570000FF0301020203FEFF010101020202010088
:10571000FCFF04FFFE01010201FDFF020401010381
:1057200000FEFFFF0101FEFCFEFF0003FDFCFCFF8D
:10573000FE01010101010100FEFE00010300020360
:10574000020200FEFF000300FF00FD010302FFFE56
:10575000FEFFFFFFFE010100FFFE00020200FFFE50
:105760000000010001000000FF010502FFFF020030
:10577000FF00FD0002FF010300010203FFFF01FF24
:10578000FE0101010100FBFAFE01FFFDFCFDFDFE33
:1057900001FF00030103020401FF010101010303F2
:1057A00004040102FFFFFF0002000202FDFDFF00F2
:1057B0000000FEFFFEFEFEFCFCFCFCFD000301FE03
:1057C000020302000305010000FF010202020302BE
:1057D0000100000101FDFDFFFFFFFF00FEFDFDFDDB
:1057E000FF00FF000100FF010101FF0001020101B4
:1057F0000001030401020302FEFFFF00FF00FFFFA0
:1058000001FFFFFEFDFDFEFEFEFDFEFEFFFFFDFFB4
:105810000102000105020202020301030405010066
:10582000FF010200FFFEFEFFFEFE01FFFEFCFCFD8D
:1058300000FFFF00FFFEFE00FF0100020201000169
:10584000020504000302010101050500FE0000FD40
:10585000FBFDFFFFFDFF00FFFDFEFCFDFEFDFDFF6C
:1058600001FEFEFFFF02020304020202040603031C
:10587000040204030104FF01FD0001FCFCFEFEFC28
:10588000FEFAFBFDFCFE01FFFF00FE02010001012C
:10589000FF020002030303020104020001000101F0
:1058A000FF00FFFFFEFEFF00FEFEFEFE0100FEFD0C
:1058B000FC00FF01FE01FEFE02FE030201020101E7
:1058C000020103010102010402020101010000FDC5
:1058D000FE0100FEFFFC00FFFFFDFFFFFEFF00FBDF
:1058E000FEFFFE02000000010301030203010004A9
:1058F000020301020001010101FFFFFDFE01FEFDA7
:10590000FFFEFCFE01FFFF01FD0101FFFF01FF02A1
:10591000FF00000001FF0405000102FF0202FD0379
:10592000FD0100FC02FC01FE0102FC00FE01FF0281
:10593000FE01FF00FFFF00FFFEFFFE010300040069
:105940000104010004000003010201020101FFFE45
:1059500001FD01FFFCFF00FA00FCFD0000FF01FD5E
:10596000FF02FE0400FF00FE00FE02020302FF052C
:10597000FF0104FF03FE00000100010001FFFFFE24
:1059800001FE0000FFFF00FDFDFFFEFF01FF000024
:1059900000030102010201010302000200000100F4
:1059A00000FF0000FF00FFFEFFFEFFFCFEFEFF0108
:1059B0000001FEFE00000000010002FF00010102E4
:1059C00002000302000101020002010101FEFF00CA
:1059D000010000FFFEFFFD00FEFEFEFFFEFEFE03D7
:1059E000FE0000FF00FFFF0003020201020400FEB0
:1059F00001010202000000000000000103FFFE019F
:105A0000FFFE00FD00FDFEFDFE00010000000100A4
:105A1000FF0000020001020301010000020301FD7A
:105A2000FFFF01000000FFFE0000FF00FEFFFF007F
:105A3000FFFEFDFE01FFFF01FD0102010001000369
:105A4000030101010100030100020001000000FE4A
:105A500001FDFEFDFEFF0001FE00FFFEFEFE010156
:105A6000FEFF00020101FFFE00030101020102022C
:105A7000FF00010200FF01000100FFFF000101FF24
:105A8000FEFF0101FFFEFEFEFFFFFFFEFEFD010126
:105A90000001FF01010100000303010203010000F6
:105AA0000000FFFE020201FEFC00000100FE00FFFC
:105AB0000000FE000100FEFDFFFF02FF01000000EC
:105AC0000202FF000002020300FE00010201FEFFCD
:105AD00000FFFFFEFFFF0100FFFF000000020100CA
:105AE00000000101FFFFFF0001FF0000FF000102B5
:105AF00002010304FF01FEFDFF000100000102019D
:105B000000FEFFFEFEFDFDFE00000100FFFF0001A4
:105B100000010201FF02020001FFFF01FF0001017D
:105B200001020200FFFFFFFEFEFEFEFF0102020176
:105B30000100000100FDFE00FF020201020200FE62
:105B4000FFFFFF00FFFF00010301000101FEFCFE5B
:105B50000200FF00000301FEFCFDFFFF0002020146
:105B6000010100010201FF0102010101020202FF25
:105B7000FFFF00FEFEFFFFFE0000FFFF0000FFFF33
:105B8000FFFE00020201FF010200FFFEFF02010111
:105B90000100000102010100FF0001FF00FFFF0002
:105BA0000201FFFEFE010100FEFFFEFF00000100FA
:105BB000FE000001000001010102000001010001DE
:105BC000020201000102FFFFFF00FEFDFCFD0000DC
:105BD00001010000000000FEFF00010100020101C0
:105BE00001000000000000FF0002010000010101AF
:105BF000FF0001FFFF000101FFFDFEFF010000FFAC
:105C0000000101010000FFFFFF00FF000201010091
:105C1000FF00010200000002010000FF000200007E
:105C2000000001FF0000FFFFFEFDFFFF0001010279
:105C30000000000000FFFFFEFF00FF000101030263
:105C40000000FF00010200FF00010201FEFEFF0252
:105C50000402FFFFFF010000FFFDFDFF000200FD49
:105C6000FEFF0000000000FFFF010201020100FF33
:105C7000FF030302000000FEFEFF0102010101011B
:105C80000100010100FFFFFEFF00FFFF010100FE18
:105C9000FDFEFF000000FF000000FFFF000101010A
:105CA00002010200FF00000200FF01010200FFFFED
:105CB000FFFFFF0002010100FFFF00FFFF000101E5
:105CC000FFFFFEFF0000FFFF000000000001FF00DB
:105CD00000010100000002020202010100FFFF00BA
:105CE00000FFFFFFFFFEFFFFFF00FF0001010000BC
:105CF0000000010000FF00000001000000010000A2
:105D00000000000000000000000000000000000093
:105D1000000000000000000000000000000000FF84
:105D20000101FF04FD0101000001FF0203FF00FE6D
:105D300005FFFD05FBFF0401F50202F705F904FD6F
:105D4000F709FCFF07F406F903FFFC080605F70F47
:105D500008FC04FBFA04000201F908F90BF9FCFC49
:105D6000070104F9F5060007F8FBF0FC0DFB08F944
:105D7000FE030004FC06FD05FA0906EE0909FC0C09
:105D800004F8090C0EE81FF2F613DF01070FF2F911
:105D9000FA0503E3FDFD07F2050202F7040007041C
:105DA00002FE000E04FAF50AF30B00F407FC0808E3
:105DB00005FF04090900F9060603ED06FA070AF1D2
:105DC000F209FCF50EF0F70107FB00FAFC0AF405F6
:105DD000F60701020AED15F906F80803FB05FA0AB1
:105DE000FF040201F9FC07FB000005F9F90207FDB9
:105DF000FD0BF60A03FC07FF020101F803FEFF0A90
:105E0000F706FA05F307F607FCF904FA08F612EDAF
:105E100004F60AFC02FC0807EE0DF60CF010FC027A
:105E20000DF00CF60405FF10F70EFA0E00F409F35E
:105E30000DF707F0F8FCFEF2F101E90204F4190194
:105E400009F70C04FD270010010705FB08FE0909EE
:105E5000E9F5F107E80704E905DE08F7FD0BF7109F
:105E6000F906030C0413060110FCF303F10700FC10
:105E7000F9DE0FF6F607F00C13FE1609110A0B07F0
:105E8000110202EFEFFDF0FDF0F8E904ECF1F6FF8E
:105E9000FC0315FB150A0E150E02FE04FF08F8059B
:105EA000EF01ECF401F601F60607FF08040BFF22F0
:105EB00000FBF4FB07FDE5FAE501FF0408F703FC2E
:105EC000070617020E1117F70707FE04EBF7FF018D
:105ED000E307ECE8FDF9F7000A0005FC0B091607DB
:105EE0000C0A010007F6F1FD06E901FE01FB01FFC6
:105EF00002FEF0FC0C0E0B14FF0A0D0907FDF1F871
:105F0000FBFCF4F9F2F60004EEFBEFEB0A12FD0ADB
:105F1000060E180F09FAF8ED0CFC02F3010B080845
:105F20000AFBE905FD000FF4F90B080D0BF209F06F
:105F30000BF9F3F9F5EFFDF8FB01FDF8020DFB0598
:105F40000D0A0908FD020305FFFF00040604FFFC1B
:105F500004FFF7FEFDFF0504F70500FF02FEF7FF53
:105F600000F9FFF902FA0102FDFBF9F6100A080533
:105F7000FE060A050504FEFEFCFFF8FCF90003FC22
:105F800002FAFF08030107FFF9FCF7FA0201070113
:105F90000104FE00FAF4F8F7FD030200060F0D0BF2
:105FA0000B0200FE020403FAFCFFFEF6F8F3F8FF12
:105FB000030801FF070B03FFFAF5F5F800090204D7
:105FC00009090003FFFE04FA02F9F602100805FFB2
:105FD000FCFEFEFE0E04F9F6F7F1F3FCF607060DE3
:105FE0000DFB04130EFDF4EEF4020B1A09F9F6FB97
:105FF000FAFEF9F4F7FE0D0603040E0800F4F2FBB6
:10600000030A1104FDFAF7F9F9F8F1F80B120F037E
:10601000020709F9F8F3F3F609130B0401F9FBF889
:10602000F3F3EE0113140703010106FDF7F3F7057F
:1060300013180E01F9F1F7F8F7F5FB04110F01FF42
:106040000102F8F5F1F8030C0F0C06F9F7F5F7FA71
:10605000F7FB0015180EFFF8FEFCF5F5F7010A0F27
:10606000190CF9F8F6F6EEEEF5000B151001FA032F
:1060700007F9F5FAF1FC08140D0503F3F7FAF6F841
:10608000F8020F1C0EF7FF0A04FEFDFBF7000D10CF
:1060900003FAF9F2F5F7F9F4F2FE1013100BFAE82F
:1060A000F30D05F4F80A02021413F7E8F6FE0002F5
:1060B0000700FC09120EF6EDF90604070A02FC02BD
:1060C000100AFAEFEAEAF5FD02050C100E02EDF0F7
:1060D000040F01FA0205030A0BFBE7EDF5040E0DB0
:1060E0000B04FE03FFF7F5FCFEFD04130F050C097E
:1060F000F7F3F3F5EEF1FA010A0D160BFDE9EEFFE9
:1061000001060B120305100DF4EAECF0FE080C0476
:1061100000071009F5E9EDF8FC0919150202000164
:10612000F6EFEFEBFA001310130D0C00EEE7F40995
:106130000B051010010208FEE6E7EDFA04140A034D
:10614000FC01FDF4F3F5FE04151C130805F7F1F34B
:10615000F8F2EEF8030D16160900EDEEF003010259
:10616000091B10060700EBE6F2FDF908120904040A
:1061700006F9EEE7F8FDFC01191E10FF03F4E5EC4B
:10618000F6F0FB071617151807F0E4F20101FD0FF2
:1061900020100704F3E5E0E8F6000E110F060700F3
:1061A000F5EAEEFAFEFE182015040600F0EAF3F414
:1061B000ECFE0F16171601EAE6FF0BFCF7041712A8
:1061C0001004FBE7E7EEFBFF060704050702F9F5FD
:1061D000FA04F9FA051517060008FAEEF4F7F8F5CF
:1061E000FB0C131A12F8E4EA0407FAF80D0D060F77
:1061F0000FF6E9F0F2FD030704FC050D00F8FD03BE
:10620000FAF80B1A09FFFF05F5F7FFFEF3F5FAFFA1
:10621000091213FBEFF30303FFFE09FF000F07FC56
:10622000F2F8F8000B09F9F9FC02FFF8FE0C07FB85
:10623000FB0F1808FD04F9F1FA0700F6FDFEFE0554
:106240000D00EEEBFE03FF00120E030207F9F2F75A
:10625000FEF8FA0C120E04FCEEEBF70C0BFDFF0C33
:1062600018100A02F0E0FB0306FE00FEFA090DF327
:10627000E6F20603FB040E0F0B0BFFF9F5F5FAFA35
:106280000305050B0A02F3EDEEFC0907FF001516E6
:106290000AFEF9EDE3F40C0D040502FAFB02F8F135
:1062A000FD02F3FF1F26190303EDEBF0FEFBF603DF
:1062B0000D180DFDECE4ED0704FB0717140D0A02A1
:1062C000EEECF60506060DFFEDECE2D6DEF4F9F392
:1062D0000318263234261D0D0E2221FAECEADFECDB
:1062E000EFF6F2D3DD002124222B13F7CAC8C0BC7D
:1062F000C1D8F3F5FC0B02FF0E0E18262A32474FC9
:106300002F121E0FF7FA0118170D0B171C0AF7DED4
:10631000B5A6B8C2E90E120DF3D8E6F9E9E3DDEF50
:10632000FA0B080502F6E5E6090A0C1E33373B3581
:106330002200F30508112336202009EBE5F3EAC912
:10634000F8FB0D0C11E0CEE6DBF0E9F0F2ED021AFD
:1063500015E8C9C2C7F815353D4840170D0EF3F6CC
:10636000E9E0F212301B2800D2F0EFE4E50003234D
:1063700023160DF7F4D6EAE5EBFF11401F0AFFECF8
:10638000D7D1C9D2FF0C13F82625FC2006FE12092E
:1063900008201D10FEF6D8D2E7E5E9EE2A2C2810D9
:1063A000100AE6F4F0F5F6F305131602DFEAE9E168
:1063B000020C321C222104F7D5E0DCD80501FF15C0
:1063C0000CFAF0E1EDEDE3EDFC1829381F2224FA78
:1063D000F3F6FE121D2A241F050AEACFDDE1ECF9CF
:1063E0000B20140CFBD4D8E4E4EDE2F50E1623F2F6
:1063F000DDD6D5EBF206131133362516F8D7F7059F
:106400000D1823282E1710F7E9E1E8F2FA2C2A2BB1
:1064100029F8EDDAB7C8D6E9FD12121D05E3DECB87
:10642000DCE3FC0A1225152D19F0EDEFE3F3152C32
:106430002B23211207E5DCDAE2F20C243B1F1108C2
:10644000FBF4DBEBE0F40B130D0F07DFE6D7D4E32F
:10645000071925290D03FDF1E5E6E7FA060B2931B9
:106460001E01EEE8E5E4F410201F1B1C0DF2DFE92D
:10647000F3E8FB101A1E2B12ECDCD7CBDEFD121555
:106480001B211000ECE3DCD7E2FD0E26372806F7CF
:10649000F5E1DDEE081D1A211A120700F9ECE8FB00
:1064A000FEF80E160D0E10F0E3E7E1E0F70E1715FB
:1064B0001111FFECE2E8DFE0F80F202E2A0BF5EFD8
:1064C000E8E0E6031F281D1E05F4F1EAE4E1EF0A07
:1064D0001B18261D09F4ECE5E6E9EFFE1526220B54
:1064E000FEF3EDE5F0F2FC05140E0C09F9F6F5F8F3
:1064F000F4E9011B26200503F3F1F7F7EBE6FA05B3
:106500001A1B1100F1F6F7F6F3F600071A13010A49
:1065100004F5F4F1F500F902091009010001FCF19C
:10652000F3FB070F02FF02FFFF0D09F7F0F2F6FE83
:106530001009FB07040707FBF2F6FE0B1202050920
:106540000C0904FCF5F5F9F7FDF3EFFD010C0D0A5C
:10655000F9EAF6070CFAF1000406120EF8EBF0FC6B
:1065600001020108081F1A0EF4EFF0070A000101EA
:10657000050A1B13FDE7E7E8EDEEF7FE071214032B
:10658000FBEBF6FAFCF4EFFF0A161D190A01F1F60F
:10659000F6F8F5FF091212100B06FDF3F8F9F0ED0D
:1065A000FF0A100A0E07F9EDEAECEDEFFD050C11FC
:1065B0000F120E06F5EDF1F1FC06110D0D11110B88
:1065C000F6F4F1F1FB0705050500FA0711F7E4E61B
:1065D000FB02070E1101FD0306F7F1F4F9F80008BC
:1065E00004040903F9F90E1507F7FAFD060709FD7A
:1065F000F6FE0403FEFBFB000409FEF5FF00F5F7C1
:106600000E1202F2F7020402FEFAF7FA070D09026F
:10661000FE020300F8FCFDFD00FBFA0B1C13FDF26B
:10662000FD02FBF6FBF9F8000902F7FC0301FEFA94
:10663000F4FDFE03FB01121A0AF4FF0804FCFC013E
:10664000F7FD0E0DFEFC0305FBFAFEFFFE02030044
:10665000F5FD0C09FCF6FE0301FBFBFCFCF6FB0957
:106660000A00FF070AFFFCFEFCF9FCFFFEF6031719
:106670001502FB0A09FBEDF3F7F4FB0808FF030E14
:106680000F01FBF8F6F6FC0000FD050C12140DFEE0
:10669000F5F9F7F2F3F7FC03090E08FF0305FEF521
:1066A000F4F80000FFF9F7020C120C05FCFB0003E4
:1066B000F9F1F90103090BFFFE060C05FDFCFCF7DF
:1066C000FEFFF7F003151609FFFBF8FAFBF7F0F6EB
:1066D000FE080C0801FE020400F9F9FF020504F8A7
:1066E000E8FE1A1A00F8FA01FFFFFFF2F30B150596
:1066F000FBFF090502FEFBF9000B08FDF3ECF915A1
:106700001D04F2F9FCF8F4F8F7F2FA0E120901FE92
:10671000010002FDFB01040D0A03F5F3010C08FB67
:10672000F9FC040400FBF4FB0508FEFAFD04070471
:1067300001F6FD0605FF01FEF5F80809FCF9020364
:10674000F9F900FEFB040E05FDFF01000102020243
:1067500003090701FF01FAF9040B04F6F904050027
:10676000F8F8FAFB030701FD010200FBFDFFFD0045
:106770000602FF020201FA000705FF000301FD0007
:1067800006FFFAFD0102FFFF00FF000301FEFDFF0F
:1067900000FF020400FDFAFE0302FFFE01020101F8
:1067A00002FF00010102FEFF0001030100FF0000E3
:1067B0000100FF01FF0201FFFFFF0001FFFF0000DA
:1067C000000000000000000101000002FE0001FDC9
:1067D00001FC03FF0600FF03F909FA04F8FD0104B8
:1067E00006F804F7FE04FD01F00705070DF50BFAA6
:1067F00000F7F906F1FC0507FF0405F60B0BF5FEA3
:1068000005FE0BFC0607FCFCFFFAF400EC0C090289
:106810000DFE01FE04F0FB05ED0D03F50E01FDF18B
:1068200010F6F10DF016FB0613090DF901F8F6FC50
:10683000FFFA0AFC100DEE0F02F801EC010AEFFE60
:106840000C08FA0602EBEC03FDFDEE1507F8220238
:1068500007FAF9F70307F70400F7FD210112F7E73C
:1068600007EFF606FEF214FC1203F4F310FAF5003B
:1068700001F01EFE0505F803FA03EF0EF708EF011D
:106880000502001907F9FA03F909FF0004F300FDF6
:1068900000F7FFF9FCFA10F70702FD06FC00FF0401
:1068A000FF0711F703FB08F808FEF403F80E08FDD4
:1068B000FDF50EF6EE11EB0CFA07080201F00EFFE3
:1068C000FDF305000400FD0504F605F514F5FF08C9
:1068D000F808F80500F811FB07000203F601FDFFB8
:1068E00007EA05FB09FCFBFE0C040A0A00F9FD059A
:1068F000FDFDF00BF60CEE0DFBFB06F610F301F4BC
:1069000009FFFF060204FD0502F903FCF90AF70579
:10691000FF08F910FCFB0406F80008FFFBFB1CF263
:1069200001FD0007ED06FAFD02F71008FDEE080470
:10693000F9FFFDFB07FC0BF806F309F902030BFE58
:10694000EB1307FFFB07FB0204F80AFAFF05F80048
:1069500003FBFF0AEC0E00F504F8FCFCFA1506FF39
:106960000210EE0AF5F915F9FF040AFE0901F71104
:10697000F4FA06F60305FF00F9F902FAF304EE094A
:1069800001FD0AFF00FB03F90106FE080108FAFAFF
:1069900001FFF8FF060D000909FA0BFBFC07F403E1
:1069A000FE04FEFEFC03F709F6FE09F001FAFD06FF
:1069B0000002F40BF00B060503FD05FD07FFFF02C7
:1069C000FD04030209FEFE07FBF80AEA08FBFA09C8
:1069D000FCFAFC05FDFBFEF308FB00FF05000406C6
:1069E000FF01FF00000BFD05060A0002000301FF86
:1069F00006FB08FFFC00F6FEFC05FDFD00F70100AC
:106A0000FF03FA01F9FC0000FEFFFCFFFF07FF0790
:106A1000FB060001FEFE03FF0E00050000F905FE67
:106A200000000002FEFF0005000601FBFEF7020366
:106A300000FC00FFFB02FDFEFA01FBFF0201FF026A
:106A4000020501FF07FF070107FD03050200FEFF26
:106A5000FFFAFE04FD02FE02FEFAFCFDFCFD01FD54
:106A6000FC07030501FC04FEFB03FE02030401FE18
:106A7000FEFE05F60105040200FFFD000006FE040F
:106A8000F9FC04010506FFFB02F900FBFC02000112
:106A9000050305FDF90001FC020302040701FBFBED
:106AA000FEFF0302FC0601010000FA02FBFCFF01ED
:106AB000FEFF050200FB00FDFFFF0000FC050102D8
:106AC00005FE00FE02FF0702FF06000003FCFCFEBD
:106AD000FF01FE06000203FC06F9FEFAFA000101BE
:106AE00003F80703FEFEF9FC03FDFD09FF0204FDA8
:106AF00003FE00FF0803FF040105FFFCFC01FD0687
:106B0000F80501FE03FDFEFCFEFB01FF040102008F
:106B100000000001000202FE0405FC02FDF9FDFB7D
:106B200002FF01FD09FFFE03FDFBFEFFFC02050461
:106B30000500FE05FE00FEFD03FE0502000202FD4B
:106B4000FDFFFFFC00040305FAFD01FDFE0300FD4F
:106B500005FD04FE04F903FE0001FE01FE0500022E
:106B6000FD0000FEFFFFFF02020400FCFCF8000035
:106B700001040105FE0300FF01FE02FF04020302FF
:106B80000203FEFFFBFBFE00000001010102FBFF10
:106B9000FC000000000304FF040100FAFF000100F4
:106BA000050204050000FDFF00FCFE000202FEFEDF
:106BB000FEFDFD03FD0000FF000204FCFEFBFD03E3
:106BC000020303010204FF01FBFFFFFEFF020400BA
:106BD000FF0000FFFCFC01FD050506FF02FDFC01B6
:106BE000FF01FD0003040300FDFAFBFDFFFF0204AB
:106BF000040205FCFFFEFE01FE040004040203FE85
:106C0000FBFAFC0002FE020003FFFE00FAFBFFFE9F
:106C10000205020102010000FCFE0003010603FF61
:106C2000020003FFFE00FF03FFFF03010100FC0061
:106C30000000FDFC00FF01FEFFFBF9FA01FD020070
:106C4000FF010102FC04FD03020503030202030528
:106C500001FD0500050304FF0000FFFEFCFD00012F
:106C6000FE02FFFF0102FDFCFBFEFD0001FD000135
:106C70000201FAFCFAFB040104FFFEFF020102FE1E
:106C80000004040104000104FE01FE0100030004ED
:106C900000FF00FE01FCFEFF0000020100FDFCFC05
:106CA000FD0202FF0101010403FDFDFDFF010601DC
:106CB00006050002FEFCFBFDFE030603FF000100CB
:106CC000FEFBFB000104010200FF02FFFFFBFEFED2
:106CD000020200030103FFFDFDFB010203030500A7
:106CE00002FDFC01FD01FE03040401000101FDFDA4
:106CF00000FD0002070301FFFCFDFC010000020192
:106D000002FF00FFF8FEFFFEFF030303FE02FFFD8C
:106D1000FFFD01FD020005020100FFFFFDFD02066F
:106D200002030400FDFAFDFDFF020407050300FE57
:106D3000FCFEFDFAFF040108070600F7F6FAFCFD69
:106D4000000308070902FCF8F8FBF8FE070A090D22
:106D50000E06FAF4F4F0E9E9E9F2F7FE0416170B6F
:106D6000171520241C030B0A0003FBFAEFEAF1F1CC
:106D7000ECF2FBF3FC01FC0500FFFAEAD5D2DAD510
:106D8000D5CDEA00172D2B3D3B2A241B1B1E1E20B0
:106D9000241B1A101117000102F2ECDCDDF6F6F6E6
:106DA000EFCFDACCCDDFE8F2EA0009F80009F2ED26
:106DB000ECDBE5F4070D100B2535373430110C0AE8
:106DC00007100F192019151102FCF1FBFDE7E9E18D
:106DD000E2F1EBFD06FCF2E6E1EEECF6F6EA02EE9D
:106DE000F1090206FD00F7061721352F26180E00BF
:106DF000F8EDE3ECDCF4080A1C161411FEFBDDE6EA
:106E0000EAF3F810030EFD0A0B09FCF5E4E6FBF3C8
:106E100000F80003F9F500FC03FF020D08211F1123
:106E2000130B0802F0FEF9F0040A06140B0D0A0316
:106E3000F0E5EBE9EDEFF7F305050404FA07EEF9E9
:106E4000FDF1FA0C040B0B1205F60004FBF905FD2D
:106E5000F816100D0904FE04F10908EF1AF7FD01F8
:106E60000FF8FF01EAFDF002F904FB0F04FE0CF637
:106E7000FCF9E8F402F60A040A0B01FA0AFCF4072A
:106E8000F9FF04FA0B041B030500F501F805FBFCF0
:106E90000EF60300050AF8F3F5F8FAFBFA0D1211E5
:106EA000090D0DFE00F7F5F5E5EFF4F202FDF7F838
:106EB00004F7FF0701050A070C211E0F08FAF90362
:106EC000F3FD0501FE060D061D0504F6F1F6EFE9DA
:106ED000EAF2EAEFF4E6FDFEF6F7F4FFF9FF050C3F
:106EE0001D0D191E13161A0D0C04140D0D0E0A019A
:106EF000FFF5E7EEF4F6EFF200F30F08F8EDE6EE3B
:106F0000ECE8EEF4F5FCF4040A0D0502F80501FFC7
:106F10000C120F0C100E0E0D1208FF000B141010A7
:106F2000130202FBEFF8F4FDF6FFF3ECF7FCF2EED0
:106F3000EFEBEBF1F20A0C06FF07FF0505FEFC087C
:106F4000FD010D0A0A0006FFFF0604FEF6FB09FC20
:106F50000F0D09140508FAFBFDFD060602FEF4F804
:106F600004EEF700FCFBFAF6F70202F7FA01FB0663
:106F7000FD010502050409FFFF0A0206000205FDE6
:106F8000010802FDFFF8010AFEFAFFFBFAF907010A
:106F900004FC07FCF7FBF804FC040402FD03FD00FD
:106FA00001050402F9FB05030305FE0106FB0103CD
:106FB0000505FF000005FAF805FDF6FE0B05FDFDD1
:106FC000FC0201FBF9FEF8F8FDF909060301000EC9
:106FD0000002FC020B0802FEFFF3FEF5F9FEFE00C4
:106FE000F601070B0005FF010003F607FB040B0683
:106FF00008010301FDFB0001FEFEF3FFFBFDFFFBAB
:10700000FD04FFFC05FFFF010403FF000004FCFF7B
:10701000FEFCFE00030002FF040602080701FFFE5B
:10702000FFFD0005FE01FEFA01FA04FFFDFDFDFB78
:10703000FD090403FBFFF8F9F6FDFB00000502045F
:107040000400FF00FE03050602080707050302030C
:107050000506FEFE03FDFEF8F9FBF8F6FAF9FD0160
:1070600002040205FFFCFEFB050500FDFC0005FE19
:10707000FDFD010006FF06FF01030103FC03010003
:107080000408040000050503FBF8F501FEFF00FEFF
:10709000FDFBFDFE0200020601010301FE01FA00F4
:1070A000020100FCFF0505FF00FCFA0504020300D5
:1070B000FF0202FF00FBFAFCFC0101FFFFFFFD06DF
:1070C000F804FB00FB0105FF0304040202040400B2
:1070D0000302FF0100FFFFFEFE00FEFD0207FE03AC
:1070E000FDFE0100FFFF00FB04FDFCFF01FDFDFEB6
:1070F000000403020000FEFFFEFD05030102000084
:1071000001FFFFFCFEFEFD02FF010202050000FF81
:10711000FF0104050201000201FCFD01F8FE01026D
:10712000060502FBFFFC0203FEF90100FD0402FD5F
:10713000FCFCFFFD00000501FE03FEFB00FDFD0160
:1071400000030401060201FF0300FF010503020220
:1071500000FFFDFDFEFDFD030305050500FCFDFA36
:10716000FFFF00000601FE03FFFEFCFDFDFE010225
:1071700003FF00FFFAFDFEFD00FEFF020601040210
:10718000FBFB01010003010302030300FEFBFE03FE
:1071900003040303030201FDF9FB040202040201DC
:1071A00004FAF800F8F80300000A05FDFFFEF800F5
:1071B000FFF6FD02060700FE01FDF8F9FE03FF02DF
:1071C0000403030401FCFDFEFC02030709FE0603A1
:1071D000FB0101FB00FFFE04050608FFFB0200FFA8
:1071E0000000FEFDFCFFFDFB0102FCFD01FC0301B4
:1071F000FDFE04000503FC02FFFCFDF8F4F6F6FFBB
:1072000007030A130F0C0D0901FFFFFFF8F5F8FE45
:10721000FD020402000205FBFB0003FFFBF5F2F296
:10722000F3F5FBF8F904FB040C0C090D0B060E0238
:107230000B060501080C070809040305FEFEF7EF1D
:10724000F3FCF5F8F9F4F8FAFDFA00FFFBFC010590
:10725000010504050000FFFE00FE0106040604020D
:10726000010301FF0000FFFE00000000000000001D
:1072700000000000000000FF00FFFF02FDFFFDFE18
:10728000FFFFFEFFFEFCFFFCFFFCF9FFFE01010219
:10729000000A0B0B15111613090F02F9FAF0F5F29B
:1072A000F4F3F70003040105FFF1F5EBE7E7E3DB97
:1072B000DAE3ECF100000E1A21252D34302F2C27B3
:1072C000121306F7F9E8E5E1E0E2F0F3FD080F1D1F
:1072D0001B2F25292F26190A05F3ECE0DECBDAD186
:1072E000CCDADAEBE9FF011C1A282E2F36333529C8
:1072F0002C251C100DFEF7ECDCDEC9CAC5C0B8C2D7
:10730000BEC8CACAD2D3D6D1DEDBDAD8D9D6D9D94B
:10731000DFE1E1F1ECFCFD07041513161D25222821
:107320002D293B353B3F4148454E4C48554F4D4E2E
:1073300052494A434132362C231F140D06FBF7F104
:10734000EAE1DBDCCDC5C9C2BDBAB5B6B3AFB3B0F7
:10735000AEB3B0B9B8C0C5C6CED4DBE6ECF3FCFF23
:1073600009101622222E2D3634343935383339356A
:107370003B3538363330302B2A282320171210099A
:1073800003FDF5F6ECEEEAE9EBECE9EEECECEDE909
:10739000E6EAE7E8E5E5E2E2E5E2E6E8E2E5E9EA91
:1073A000E6E3E1DFDEDEDCD9DBDFE0E5EDE8F6F5A4
:1073B000F4F9FCFFFFFF0502FF010201FFFDFE03E0
:1073C000FA00FE0303050D1618202A2E3334363B2F
:1073D0003D3D413C3F433B3F3E353835332F27262B
:1073E0001F190E0704FDF8EEECE4E1DFDCE0DDE15F
:1073F000D6D8DDD0DADBDBDEE7E2E4E6E4E8E3EC96
:10740000EAEEEBEFF4F3F6EEEDEDE7DFE0DEDDDAEA
:10741000D5D4D7D0D2CECECED1D1D3DAD9DDE1E614
:10742000E4E6E7F3F2F6FDFF04090A0B0C0F0E1277
:1074300018181A1F22242E2A313736343A3C3E3F80
:107440003C4246404447434C454D514A514E4D4FB6
:107450004D484645413E3A352F292B24241D1C1604
:107460001211080D0602FEFAFAF5F5F2ECEEEDEA5D
:10747000E8E7E3E3E2E1DFE0DEDCDDDDDCDFDEE305
:10748000E0DEE4DFDFE3E0DFE3DDE1E0E1DFE0DEFB
:10749000DFDDDDDADAD6DAD8D7D5D5D3CFCFCBCE8C
:1074A000C8C6C6C7C1C3C2BCBCBFBEBFC3C4C5CBB0
:1074B000CCCDD1D3D7D7D5D8D9D9DCD8D9D5D9D770
:1074C000D6D6D4D7D3D7D6D8D9D9D9DBDFE1E4E61D
:1074D000EDEEF5FAFC05080F151C23283134393F71
:1074E00046464B4F53565B5C5E5F605E5B5E5B582F
:1074F000574F504A46433E3A36312F2C2A2C2827E4
:107500002A2A2A2D2C2C2E2E3432363839383F3F59
:107510004149464A4C4B50505253535351514F4E90
:107520004D4D4C4A4946423E38332C27211B1612FA
:107530000E090100FBF9F9F3F0EFEAE9E9E7E6E407
:10754000DFDDDED8D8D2CECDC6C5C2BEBAB7AFB1A8
:10755000B0A8A8A29F9D9C9C9C9C9C9C9C9C9C9C35
:107560009C9C9C9C9C9C9C9D9EA0A4A8ABB0B1B4F0
:10757000B9BCBFC2C5C7CACCCECFCFD0D1D0D1D174
:10758000D4D4D1D2D1D2D2CFD1CDCCC9CAC9C9C617
:10759000C7C6C5C7C8CACDCDD2D5D8DDE0E4E9EDB0
:1075A000F2F7FB00030A0E1315191C202225282BC5
:1075B0002B30323337383C393E404245464A4B4CFB
:1075C0004D504F51525355565A5D5D5F5F61626237
:1075D000636363646464636463636161605E5D5B91
:1075E000595754514E4A45433E3B3934332E2D2A88
:1075F000262423201F1F1D1E1E1C1C1B1A1C1D1DA4
:107600001D1D1D1F1F1E1F1C1D1B1A1816161512CF
:107610000F0E0A0806020000FDFCFCF9F7F5F4F372
:10762000F2F0F0EFEFEDECECE9E6E6E4E4E0DEDDCD
:10763000DAD9D7D6D3D1CFCCCAC6C5C2BFBDB9B8A7
:10764000B4B1AEACA9A8A8A7A7A5A5A6A5A6A6A7AC
:10765000A8A9AAACADAFAFB2B3B5B6B7B8B9BBBB0A
:10766000BEBFC1C3C5C7CACECFD2D5D8DBDDE0E12E
:10767000E3E5E9EBECEEEFF1F3F4F5F7F8FAFCFCF7
:10768000FEFEFF00000102010101020101000101F3
:10769000000101010103050507090A0C0D0F111274
:1076A00016191C1D202224272A2B2C2E303233356C
:1076B00036363839393A3B3C3D3D3D3E3E3F3D3D17
:1076C0003C3C3C3B3B3B3B3A3A3B3A3B3B3A3A3A0D
:1076D0003A3A393938383735353433312F2E2C2B67
:1076E000292725242322201E1E1D1A1917161513BB
:1076F00012121111100F0E0E0D0C0B0B0A090A09B4
:10770000090908060705050404020100FFFDFBFA4C
:10771000F8F7F4F2F1F1F0EEEEECEBEAE9E9E8E685
:10772000E6E5E4E4E3E3E1E0E0E0E0DFE0DEDFDF44
:10773000DFE0E0DFDFDFE0DFDFDFDDDEDDDDDBDA66
:10774000D7D6D6D4D2D1CFCDCCCAC9C7C6C4C3C26E
:10775000C2C1C0BFBFC0C1C1C2C2C3C4C6C7C8CAFC
:10776000CBCDCFD0D3D4D7D8DADCDDDFE0E2E4E58F
:10777000E6E7E9E9EAECEBECEDEEEFF0F1F3F4F536
:10778000F7F8FAFCFD0001030507090B0D0E1010B8
:10779000111214151616161716161617181817178D
:1077A0001717171716161515161716161616171873
:1077B0001A1A191A1B1B1C1E1D1D1E1E1E1E1E1F03
:1077C0001F2020202021222222222223232424249D
:1077D000242424242525252626262626272728284E
:1077E0002829292929292929282728262625232324
:1077F00022231F1F1D1C1A191817161415141313F2
:107800001412121312131313141413151313141345
:107810001514151312131212100F0C0B090906047C
:1078200001FFFDFCF9F7F6F5F3F0EEEDEBEBE9E91E
:10783000E7E5E6E3E4E3E2E2E0E1E0DEDDDCDCDB39
:10784000DAD7D7D7D5D5D4D2D0D1D1D0D0D0CFCF09
:10785000CFCFD0D0D1D2D1D1D3D4D5D6D7D7D7DAF4
:10786000DADDDCDFDFDFE1E1E2E3E2E3E5E4E3E40C
:10787000E4E4E4E7E5E5E7E4E7E8E7E4EAEAE8EC9E
:10788000E8ECE9ECEBEBEFE9F1EDF0EBF1F1EEF523
:10789000F2F3F2F5F4F9F7FAF7F8FDF8FEFDFBFF65
:1078A0000101FE03030201050402040406040604A8
:1078B00009070608080A080C0C0C0D0E0F0E110D16
:1078C00012131114131A1218171519171C171C1C50
:1078D0001A1E1A1E1A1D1D1C1F1B201C1F1C1920DE
:1078E0001B1A1C1B1B1A1C1816171516141312141E
:1078F0001110140F120F0F130D1410131514191665
:1079000017181B1918201C1B1D1D1F1D1D201D1CB9
:1079100020201B201C1D1E1A1C1B1B171B171918AF
:10792000141615151415121114110F0F0D110B0B40
:107930000A090705070502FF01FCFBFEF9F7F9F547
:10794000F6F7F5F3F0F5F0F2F2F1F2EFF3F0F1F112
:10795000F2EFF0F0F2EFF5F2F2F4F6F4F5F4F6F4FB
:10796000F4F6F8F3F4F4F5F3EEF0F1F2EBF3F0E8FB
:10797000EEEAEAEBE5EBE7E1EAE6E6E4E2E6E1E29D
:10798000E3E2E0E0E2E3E1E4E2DEE1E3E2E2E2E0DE
:10799000E3E3E7E1E4E3E1E2E5E1E3E5E3E9E4E6AB
:1079A000E7E6EAE8E8E9EDEDEFEFF3F3F1F6F4F9F5
:1079B000F4F8FBF8FCFCFAFDFAFCFDFAFEFBFDFD19
:1079C000FBFCFCFCFBFBF9FAF9F9FAFAF8FCF9F715
:1079D000FBF9FBFAFAFDFD000100010101010304BE
:1079E0000705080808080709090B090C0C0B0E0C01
:1079F0000C0D0D0F0D0E0F0F101010111111141290
:107A00001213141616171616171816181A191B1B08
:107A10001D1B1D1E1D1C1E1E1F1E1E1D1D1E1C1C93
:107A20001C1A191A1A19191A1918181817181716CA
:107A3000171619141715141713131312120F120E09
:107A40000F0D0E0A0B0807070706050302030102C4
:107A500001010000FF01FEFFFE00FEFE00FDFEFD35
:107A6000FFFDFEFEFCFDFBFCFCFCFBFAFBF8F7F661
:107A7000F5F4F4F4F4F1F1F1F0EDF0EEECEDEBEC03
:107A8000EBEBEBE9E7EAE8E7E8E8E7E8EAEAE8E968
:107A9000EAEAEAE8EBEBEDEEEEEEEEEFEEF2F0F016
:107AA000F2F3F4F5F6F8F7F9FBF9FEFBFFFEFF0140
:107AB0000104030406060608080A0A090A090B0954
:107AC0000A0A090A09070A0508080806050505053E
:107AD000050502040103020103FF00FFFFFF00FE92
:107AE000FFFEFEFEFEFCFCFDFCFDFCFBFCFBFCFBCC
:107AF000FBFAFAF9F9F9F9F8F9F8F7F8F6F7F7F601
:107B0000F6F7F5F6F5F4F6F5F5F4F5F4F4F4F4F427
:107B1000F3F4F4F3F4F3F3F4F2F2F2F3F1F3F4F335
:107B2000F4F4F3F6F5F6F7F7F7F9F9FAFBFAFBFBDD
:107B3000FBFBFCFCFCFDFDFEFEFEFF01FF00000266
:107B400003030404030505050505040404040304F4
:107B50000203010302010002010201030204050401
:107B600005040506060708060808090808080909A3
:107B7000070A0809080A09090909090A0A090A0A73
:107B80000B0A0C0B0B0C0C0C0D0D0E0F1010101122
:107B900011121212121213131414141515141515B0
:107BA000151516161716171717181718151617166E
:107BB00016161514151413121110100F0F0F0E0EA8
:107BC0000D0C0C0B0A0A090B09090A090908090816
:107BD0000809090809070807080705050303020142
:107BE00000FEFDFBF9FAF7F6F5F3F3F2F1F1EFEF32
:107BF000EDEDEDEDECECECECECEBEBEAEAEAEAEBCC
:107C0000EBEBEBECEDEDEDEDEDEEEFF1F1F2F2F291
:107C1000F2F2F2F3F4F4F4F5F4F5F5F5F4F4F4F427
:107C2000F4F4F5F6F5F6F6F5F5F5F5F5F6F5F5F700
:107C3000F8F7F6F6F7F7F7F8F7F7F6F7F7F7F6F5D8
:107C4000F5F4F4F4F3F3F2F2F1F0EFEEEEEDEDEC27
:107C5000ECEDECECECECECECECECEDEEEEEFF0F053
:107C6000F0F0F1F2F2F3F4F5F5F6F6F7F7F5F6F7D2
:107C7000F7F7F7F8F8F8F8F8F7F8F9F9F9F9F9FA81
:107C8000FAFAFCFCFCFDFDFE000001020203040404
:107C9000040405070706070808090A0A0A0B0B0C63
:107CA0000C0B0B0C0C0B0C0C0D0E0E0F0F0D0F0F05
:107CB000100E0D1106141B04040F1C221C0D0206CD
:107CC000161C13090A1415100C1217141011110F99
:107CD0000D0C0D0B0E0F0E09090D0F0F0D0B0C0BDC
:107CE000080D0E0906070A09070607070907070511
:107CF0000405060808060606050607070506040427
:107D0000080B0506FEFF050A070402030505040229
:107D100000FFFF00FF0000000000FF000000000067
:107D2000FFFFFDFE02FE04F9FAFBF0FD020504FB75
:107D3000F90202FDFFFEEFFDF6E8DFEF0108FCFDB2
:107D4000E8EA03EE13273B432B16E40826EFD5BDE4
:107D5000D5C7CFBDD3EADEF1FC0DEBDD0200210C6F
:107D6000FBE0E50A18292F25F61A1CF10B07E4E0C1
:107D7000011A0221391402EFE9D6B9DDF1D9B6A40E
:107D8000BBCFFF203617F1F4DE0816FFFA0F05D43B
:107D9000DCE7FD09101621122028373B1E140406CB
:107DA000182F4F3232140AD6A8CBD6C5A8B0CDD9D9
:107DB000FEE1EF17D5D8EFFDE71B483B234A6630BD
:107DC0004149384841533419F10A36071BDDFE1783
:107DD000EAFFE412404013322CF3BBC5DAF80DEF92
:107DE0000C402E4F4C3B0D07F5F5F4260F081C32C6
:107DF000192D491A2004002A2E0DFE1D1F0AFFE826
:107E0000081D0AFA1B23F4FADBF01EFAE4F2F6E886
:107E100018FEF5373A34483A2C2EDBDAE4E21CF24D
:107E20000C31432A1706EE02BCB1E3E8FEE1DC1890
:107E300017EC0303F31FE61115FE14FBEDBFCDD2C3
:107E4000E8E5F90CDF19FFFB07DCE0D1DBDED2DC73
:107E5000012503C9FBDFE5C5CB11ECE3D5D9EFE183
:107E6000D5C62AF7F101E7E39AECD7D5F4DEDDF0C9
:107E7000FFEAE3DFD91706E30BDED1D7C2D006D67F
:107E8000BFC2C200BAD8F406E5F122EE08DC14D471
:107E9000DF18E91F0FFB10EECDDDFE00BEDED3D8EC
:107EA000F1B0F41E3A050F1DFAFCF9FEE1F12523AD
:107EB000F303F8E2FCF00DFBFEECF603F7DDF80F40
:107EC00008FD0B18FF2EF6FF2FE9FB27F5E21B201C
:107ED000071100DAE90B313C22F7021E0CF1000B0E
:107EE0000908D702213D0CEA08BE0B0DFB0C013638
:107EF000281C002915081C15010C0FEBF7F812239C
:107F000029FE1F300A332316ED02151932F6FE182A
:107F1000100623FFF0F3E80C10DF0426281AFAF805
:107F200015FC05271F2D220D1609111003ECF41264
:107F3000F0F50515221717F8F601161B0A09FC0CB7
:107F4000130B0A1700F7F1F305000110FE000906F4
:107F5000F9F50616140D03121502FBF503FBF4F9EF
:107F60000FFEFFF903050C130B04F0F7F4F2FEFD0E
:107F7000FF131F09F906F7F3F3F803F9F4050A04F0
:107F8000090B03000D0DF7F4F2FA02FF06010FFBD7
:107F9000FEEE00FCEF10FF040C0800010E0D0EF9C0
:107FA000FB0205F50607F601FDF0E4F2F3F6FFFC2F
:107FB00006FB13FCEB0102FAEDF6FA1111FBFBFCD8
:107FC000EEF103FE0703FCF1F9FAF5FD15060913BE
:107FD00005ECE6F80D01E3E0EC0102FFF7ECF0FE42
:107FE000F3F8F7FBF2F302FFEEFBF9F90700FDF5FA
:107FF000ECFE03F60002F7F9FE0001FDF5F5F3F3E0
:1080000007FDF4F302F3EBF2F0F2FBF3F3FDFFF8FC
:10801000F2E9FEFE020DFD010AF9FCFFFBFAFEFB90
:10802000FB01FD05FAF2F9F4F5FBFC00FFFAFEFE98
:10803000050DF1F2FD01FCF6F80402FEFBFDFD0268
:1080400002FF0CFCFE0403070A0F090402FE080DE0
:1080500009FFFCFCF902FFF8FBFBFE07FC040A0524
:1080600011050D0002060B0B02080E0E0203040997
:10807000040601FCFC0A0D1209060B0B0504070A95
:1080800001FD080B0205FC0607FE03060001070DB3
:10809000100C0A040C0F0A05FE050F0CFF01050762
:1080A000080704030305FFFF080C07060502090083
:1080B000F804010101030B030105FE00020100FEAB
:1080C000010503030C0D0B050101FCFEF7F6070586
:1080D0000403F9FAF5FB000300FDFCFBFFFF0605B6
:1080E00001FFFFFDFDFEF9FBF9FE02FDFF04FFFBB2
:1080F000F7F5FEFCFCF6FFFEF9FC0103FF02FCF7BE
:10810000F8F7F8F4FCFEFB02FE0001FE00FEFEF9AB
:10811000FDFDF9FBF9F6FBF8F6F9FBFAF8FAFBFAC4
:10812000FBFF0102020200FDFCFEFCFEFAF8F8F87B
:10813000F6FD00F9FBFDFBFAFEFFFF02FDFC01036B
:108140000303020102FCF9FBFDFEF6F6FDF9FBFC60
:10815000FE0003010101FE02010104FE0000040211
:10816000FDF9FB01FF020100FDFCFCFEFFFF010029
:10817000030600FE0101040603FF01FD00030405E0
:10818000030606030402FDFEFF0100FF00FFFFFEE1
:10819000020100030301FE020204030503010506B8
:1081A00008030001FE0103020101050705030203A4
:1081B0000101FFFE00020102000405050600FFFFA9
:1081C000FEFCFE010402000302030102050400019B
:1081D000030201020403000102020302030101FF82
:1081E000FFFD010402000100FE00FFFDFEFEFEFF98
:1081F0000102FF010200FF00010202FEFF04020271
:10820000040303030300FEFE010301FEFDFDFDFD6B
:108210000000FDFEFEFE0102FEF90002FDFEFFFF72
:10822000FFFEFE0000FFFFFF04020000010302FF4B
:10823000FF01020100FFFF01FDFD00FFFE00FFFC4A
:10824000FCFCFCFCFCFB0002FFFDFD010302010144
:1082500002FFFCFF0302FE01010102010000010018
:10826000FFFEFF00000000FEFDFCFBFBFCFCFBFA38
:10827000FCFDFFFEFE00040501FF030404030101F1
:108280000101020203030100FF0000FFFEFCFDFFED
:10829000FFFEFEFEFEFEFEFEFEFEFEFE00FEFDFEFC
:1082A000010002040201FF050505030506020204A0
:1082B0000202FFFC00FEFBFE00FF01FDFCFEFDFDD7
:1082C000FEFCFEFEFCFE00020103030303050205A3
:1082D000020101030504020403FF02010000FDFF87
:1082E00000FE01FEFAFEFCFCFAFEFFFBFF010301AB
:1082F00001FFFF020101020403020205020205045C
:108300000304020101010101FD00FFFE00FDFCFD6F
:10831000FEFDFDFEFDFBFDFEFDFFFFFC0101020178
:108320000306030403060603050107050000FFFD1D
:10833000FFFEFEFEFEFDFBFFFEFAFDFDFEFEFFFC66
:10834000FBFEFDFF00FD010002030503030303051F
:1083500005060304020202000100FFFFFEFCFCFC14
:10836000FCFDFDFFFEFBFEFD0000FEFF0003010122
:10837000000002FF000101FFFE03030301030200EE
:108380000103020102FF0200FEFDFCFCFEFDFA01FA
:10839000FEFEFCFC01FEFF00FC00FF0002010402E7
:1083A0000202010203040302030101FF05FE0100B2
:1083B000FE00FDFDFFFFFD00FBFCFBFEFFFEFF00DE
:1083C00000FE0002FF0101FE01010305020404FD9D
:1083D0000305020300FE02FBFFFFFDFFFD00FD00A1
:1083E00001FF02FC02FEFF02FD02FF000100FF0090
:1083F000FF000004FE02010102030100030103006B
:108400000202000001FE01FDFCFFFEFDFBFDFD0080
:1084100001FDFE0000FF010200010101030602024E
:10842000000201FF03FF01FF02000201FFFF010044
:10843000FE00000000FDFFFD000000FF00FFFFFF49
:10844000FDFDFF0100FE0201060201FF0103000421
:10845000FE04FE0003FE00FEFFFFFF02020000FD1F
:1084600000FE01FDFDFD00FE00FE00010001000018
:1084700003020101FE02020102000203010101FDEB
:1084800000FF00FFFD00FFFF00FF00FF00FFFF01F6
:10849000FFFE000000FFFEFF0002FFFFFF020001E1
:1084A000030204FF01010004FF030100FFFFFE00BF
:1084B00002FFFFFE00FFFEFFFDFEFDFEFDFE0003CE
:1084C0000001020101FF0101020201FE0300FF00A1
:1084D00000000100FF00000100FF020001FF00009A
:1084E0000001010100FFFFFDFEFEFFFDFEFFFF009A
:1084F00000020100030302050001FFFF0101FFFE6E
:10850000FE00010100FFFFFFFF000000FFFF000170
:10851000FFFEFF01020102FF00000101FFFFFF0259
:1085200002020003010001FFFEFEFFFEFFFFFF014C
:1085300001FF0000010002FF00010200FF00000037
:10854000FEFF000002020001FF00FF00FE0100002C
:1085500002040302020200FFFDFBFDFF0000FFFE1C
:10856000FE020202FFFFFFFF00FE00FDFEFE010112
:108570000002020403030101020000000000FFFEEC
:10858000FE0001FF0303FDFDFBFE0200FFFF0001F3
:108590000202000102FEFEFEFD0000FE00FFFF03DE
:1085A0000202020202010101FFFE00020100FEFFC1
:1085B000000000FEFF0101FFFDFEFDFE0000FFFFC9
:1085C00000010202FF01010303000100FEFFFF01A1
:1085D00000000100FEFFFD000102FFFEFF010000A0
:1085E0000101020101000001020300FDFBFE010088
:1085F0000100000001030001FEFEFEFF00FF020279
:108600000303FFFEFF0000FFFFFEFCFEFF0203016D
:1086100000FF0001020002010200FF00FF01FFFF56
:108620000000020101FEFF00FEFEFF0101FDFD0052
:108630000200FF00020202FFFEFF01020201000130
:10864000000101020200FFFFFFFEFE00FFFFFF002E
:10865000010100FCFFFFFE0102010201FFFFFEFF1E
:10866000FDFE020202FF0204050200FF0001FFFFFF
:10867000FFFF000000FFFFFDFD00FF000001010102
:108680000301FFFDFE0102000001FEFF00010200E8
:1086900000000000000001010200FFFFFFFF0000DA
:1086A000010100FFFF00FFFEFF01FFFFFF010101CD
:1086B00002010201020302FEFDFEFEFE00020201B3
:1086C000010102030200FFFE00FEFDFCFD000100AF
:1086D000FF0001000000000100FF00020000FFFF9A
:1086E0000102040303010001FF000000000000007C
:1086F000FFFF0101FEFBFDFFFFFEFDFF000101008A
:108700000001010202000000FF00FF00000102035F
:10871000040201010201FFFE000102FFFDFEFFFF56
:10872000FFFEFEFDFDFEFEFFFF00FF000002010256
:1087300001020200000000FFFF0202030201020228
:1087400002FFFEFE0001FFFDFBFE010101FFFEFF37
:10875000020301FFFFFF00FF00FEFDFF0002020217
:10876000000101FF000002020100FF010101010000
:10877000000100FFFFFEFFFEFDFEFD0000FF000107
:10878000010001000000FF010202000001010201DE
:108790000000010100FF0001FFFEFF0001FF0000DB
:1087A00000000000000001000000000000FF0000C9
:1087B000000000000000FF000000000001010000B8
:1087C00000000000000000000000000000FF00FFAB
:1087D0000201FE03FC0201010201000302FE02FF8E
:1087E0000401FD05FBFF0300F80701FA04FB03FE8B
:1087F000F804FAFD04F308F802FEFA030808F81377
:108800000BF405FBF9FD0700FDFE05FA10FEFE0561
:1088100006FF0000F408FC09FEF7F9FE0DFCFDF070
:10882000FEFA06FCF7FFFF01EF1308FA100F0A0328
:1088300005FDFB0C0DDC0D02F309F80A0B0CEB0037
:10884000FF01FCF300EFFFF1FC03FB010205100D3B
:10885000030D0EFA05F7E6F8EF07F7FDFEFF1B1410
:108860000E0AFC07F8F400FE0201F3071102010BE7
:10887000E80AFEFEFAF0F9F804F500F213080A0619
:10888000F806FEFBF8FFFEF108FD120C09F80200E5
:10889000FEFAFCF6F4FE07FF1415FDF903F001F4EF
:1088A000FAFDFB04080B10140B00F6F4F7F5FD02BB
:1088B000F4F70806171204F7EEE6F6F50304FB05D5
:1088C00016121407F4F9E1EEFCEA0D0702141C136A
:1088D0000D09EEF3E5F605F2060505151006FCF1A7
:1088E000E9F6F7F90006FC111112F9FDE5EAFAFBC9
:1088F0000C000915121B05F6EFF2ECF60700140642
:108900001F1CFCFEE7E3EAF9F8F9100F0C1C0BFE44
:10891000E2E2EBF2FA070E0F1E1D05FDE7E9EAE6BB
:1089200001FF1E151B1F08FAE8DFF1F902FF0C1109
:108930001E130BF1E7EBE4F9FD05150E2312FDEA1A
:10894000E3EBEA01F80E1D231119FAE1ECE2EEFE69
:108950000415250A11FFE6DDD8EC00050D1A2416D2
:108960000BE6ECE8E901070F281B1B15F2EAE4D936
:10897000F6FFFE1E1A1A0DFAE9E2E7E40404161BDC
:108980001B15F9EBF0DDECFDF917221E14FFECE3EB
:10899000E0E8F9020C271A13F9EEECEAF30B041ED7
:1089A000221815F3EDDFE1F0040F14201604E7E8B8
:1089B000DFDFF1050A291F1104E4EFE5ED030A15D5
:1089C0001E1B0DF8E4ECE1F1051210231306FCEC7C
:1089D000ECE6FB030B17170DFAF0E6E4EF000617C1
:1089E000140C07F9ECE7EDF90512161E0BFCF6E87E
:1089F000F0FA0110181A17FEF1EBE8EAFD0A101E52
:108A000015FCF3E1E7EDF8020F1D180DFAF5EBEE9A
:108A1000F4FE0911130DFBFAEAF0F2FC0D0E191128
:108A200000FFF3F0F3F90910191509FAF3F2E6F271
:108A3000FB02141006FCF5EDEBF3F9071115120714
:108A4000FBF0EAECF5040E1916130CFDF0F0F30040
:108A50000B13130D08F5F0F0EFF5060B110D03F4F1
:108A6000E3E8E9FC040B110D0BFAF3F5F0FD040F3C
:108A7000170F07F5EAF2F007101621110AF5ECEED0
:108A8000EBFB0712160E01F0E8E8E8000E13250DC7
:108A900001ECE1E8EB0512171B10FFF4EAE5F30324
:108AA000131417FEF4E9E6F1FB1119191404F1F19E
:108AB000E5F2FD0E20120BFBF3ECF0FC031316168F
:108AC00005F0EDE5EEFA0C11170FFCF1EBE9F703F9
:108AD0000F191302F3EEEAF3FF0916101102F8EE74
:108AE000EEF6040F1A1102FDECF2F5000F120E045F
:108AF000F6EDF1F3FF0E12170BF6F2EDEAFFFD0EA5
:108B0000130A01F3ECEFFA030F0E0E01F8F1F0F582
:108B1000040A101407F5F5EEFA010F141304F8EE29
:108B2000ECF5FF0F11140800F9F2F400070F130819
:108B3000FEECE8ECF6080E130CF7F0E7EFFB07107D
:108B4000150800F3E2F3F50A1B1C1708EFE9E7F339
:108B500007131A1309F6ECE7F20A171D1508F2E8D5
:108B6000E2EDFD121C1B10F9E6DEE0FC131A1908F9
:108B7000FAEAE3E7F60C151D1205F0E5E9F20F132A
:108B80001E11FDF2E6E6FD10191B10FEECE4E0F804
:108B90000D1B1D1704F0E2E3F809151A1007F4E89D
:108BA000E1F00A17190F04F2E8E4F1051117100AB1
:108BB000F6E7E5F00C181B1104F7EBE5F1031018CC
:108BC0000F05F6E6E7F60B121A1002F9E8E3F302D6
:108BD000151C1706F7EAE0F506181E1304F8E3E083
:108BE000F100131C0F05FBE3E4F3091A1E1304F54F
:108BF000E1E3F20919231304F4E5E2F40714180F72
:108C0000FFF0DFE2F8061A221603EDDBE2F90F1A95
:108C10001F1203EFE0E8FA0D1E1F12FDE8D9E7FE70
:108C20000D211A10FFEAE0EB00121D1908FBE5D92F
:108C3000EE0314201A0BF6E1E2F004121B1500F00B
:108C4000DDE0F40615211406F2E4E7F90A1923120F
:108C500004ECE0E7FB0E191E0EFCE6DFEB00111D35
:108C60001F0CFAE4E4F00416201905F1E2DEF0032B
:108C7000121F1604F2DEE5F7081A1D0CFCEADDEA05
:108C8000FD0F1D1F11FDE7DFEB0111211B08F3E1B3
:108C9000DEF20A14221C0CF6DEDDF4091B1F12FFA3
:108CA000EADBE3F80B1C201400E8DBE8FA0E1D1DDC
:108CB0000DF8E7E0EF0113221E0AF5DCDCF20519DE
:108CC000221802ECDDE1F70D1A1E0FFFECDCE8FDC7
:108CD0000D1F2111F8E1DDED0614211C07F2E1DE84
:108CE000F40A1B251B04F0DCE2F9081A1D12FFE64A
:108CF000DCE7F9101E1C0DF6DFDEEE031824180564
:108D0000F0E0E1F10418271904ECDBE5FE121E2364
:108D10000EF9E7D9E60315221F09F3E2DAEC091888
:108D20002515FCECDFDFFC091D2A10FBE5DBEB035E
:108D300010261F08EFDEDFF3061A251801E8DBDD39
:108D4000F91022270FFBE3D6E60115281F05F2DFF5
:108D5000DFEB04162D1E02EDD3E1FC0E232B14FBDA
:108D6000E8D3E600112B270AF7DBCCEC071F301FF6
:108D700007F3DDDCF501121BFFE5CEBAD0F31037A7
:108D80003F241503F91629313B1EF8DEC0C5E4F473
:108D9000122A1D04E7D6E900122F2BDFC4A7A6C3B1
:108DA000D9FD110EF5F6F60524385A56342300EA9B
:108DB000FD081F3B2C2928FBE1E2FB131A01E6CB3F
:108DC000B3BAD5EF0106F5E9CFC2DEEF0B2D1E0ACF
:108DD000E2BDCAF30C1B22281A01F913262C413AD2
:108DE00016FFF7E80413283E2D10FEE7D5DCE6FF5A
:108DF000F8F1F9DEDDE901FB0703EAE8CDD3D5F4AC
:108E000009231F0D06F3E80A172A31262C0C02E766
:108E1000D9FA181D01F4E6EC0DF30118260BF0EF5A
:108E2000CEF0E9EB17101F12FBFBF9F40007F5FB7E
:108E3000DFDDEDFF16FD09140BFEF6F8FB1D29170B
:108E400025FCF3F3F3F809070713F901FB00080DFC
:108E500010F7FCE1D6E8EB0916080BFFF4FEE6EB91
:108E6000F709160AF2EA000918151610FDFBDFFCD7
:108E700005110F0708F6EEE9FE0918150FFDE6E3E8
:108E8000E604150E1904F7EBDAF8041E240F02F4B9
:108E9000E1E9F80907210FFCF3E5F5FB05131602DC
:108EA000F2E5DCF30918260EF5F2ECF6FF0D1A0BCD
:108EB00014F7DEE9E8FC1F2F1B08F5EDF1FA0B2390
:108EC0001C0AF7D6D4E50710111506F9DFD9ED1302
:108ED00019140AEBEBE2EA0A17232506F1F0EBFB83
:108EE0001B241A07FCDCE1F903131F1E08F0E1D86C
:108EF000F00D1D170FF8E4DCE2F90C1C120DF6E37F
:108F0000DFF807152A1F03EADCE2010E22200DFB21
:108F1000E9DCEA010E221AFFFEEAE6F405121C1A49
:108F200008F4E6E5F5FE131C170CF3E5E1EB02147B
:108F30001C16F7EDDDEAF70C1B1E1202ECD9E9FF57
:108F400013251E08F0DFE1F11214271B05F0DFDE08
:108F5000FE0C181C12FEECE9E8FC08191D15FEEACF
:108F6000D5DDF30A1E2115F8EADCE6FC061A1F0F10
:108F7000FCEEE0EB03141F1B0DF8E0DEED051F2BEC
:108F80001C0BF8E4E1F3020E1A0D00EEE8E9F2061C
:108F9000121D1706F2DCDFF209161E1605F0DFE7D8
:108FA000F70916241807F3E4E3FB06101F11FDEB85
:108FB000DEE1F90F1B1D1403E9E0E7F8091A221698
:108FC000FFEEE1E0F307151E1905F4EAE8F9070FD3
:108FD0001A15FEF0E2E2F00B1E201000EADEE6F6C3
:108FE0000319211605EFE5E6F708191F1604F9EF36
:108FF000F3FE0613150DFEE8DFDDEB071621180161
:10900000F2E2E6F7020C151001F9E8E7F7030B1E90
:109010001B0CF7EAE7F70C18221605F4E8E4EF005A
:10902000131E200AF6E7DDE9F90913160CF9EDE342
:10903000ECF804131910FDF0E7EFFD061A1C1508F3
:10904000F0E9E4F3041D261E05F0DEE0F0FF131C3A
:109050001A04F6E9E3EDFF0C161708F7E8E4ED0350
:109060001320220CF9E7DFE6FB0C21250E03F0E4C8
:10907000EDF606161E1406F2DBDBEE040F201B04D1
:10908000F3E5E3EF0414221E09EFE0DDE9FC112112
:109090002013FEEAE3E6F4071B271A03F4E7E6F1E0
:1090A0000111201D0AF8E5E0F1020D1B1A06F0E798
:1090B000DDE8F705131D1303F3EAEAF407141E189D
:1090C00009FCECE9F3FD0C1B1D11FDEDE3E7FE0CC3
:1090D0001A2211F8EBDBDDEC02131C1403F4E8E1B7
:1090E000EAFE0D1D2514FDEDE1E6FA0D1D251E0A13
:1090F000F6E7E1EA0011212409FAE8D8E4F70415BB
:109100001D12FFF2E2DEF102101F1B0AFDEDE3ED7E
:10911000FD0A17221805F6E6E1F00111211C09FBF2
:10912000EBE1E9F70318221602EEE2E1F0FB081A80
:109130001E0E03F3E9EEF80110191505FFEEE3EC3E
:10914000FB071D1E0B01F5E8E9F3FD0A191504FAEA
:10915000EEE6F1000513120C04FAEEEEF7FE0B1723
:10916000130802F8F0EEF7FE0713100706F8EEF604
:10917000FBFA09140B06FFF1EFF6F7FB0C120A07D6
:1091800004F5F1F7F8FC0F120706FFECEEF8F70410
:1091900014120B08FAEEECF2F30313130F06F8F4B3
:1091A000FDF8F2FD0E150E0C00EFE8EEF204191DAD
:1091B0001609F4EAF4F0EFFF151C140EFEEDE5E8D5
:1091C000F40C17110F0DF7E9E7E5F00712171A1461
:1091D000FDEFEBE5F0071212150BFBF0EBEBF811CE
:1091E0001A111105F1E9E9EDFD0C16171106F6EC5F
:1091F000E7EBF90715181005FBEDE7F0FA05181A6B
:109200001108FCE7E5EEFA0818171104F8EEE8ED8E
:10921000FC0710150F00FAF5EFF4030609110F0013
:10922000FEF6F0F60002070E0C00FEF8F1F4010461
:10923000040706FEFAFBFAFB0604040705FEFBFB27
:10924000FBFD0407030203FEFCFDFE000306030012
:1092500000FEFCFEFF0102FF00FFFEFFFE00010119
:109260000101FFFFFEFEFF00020102020000FFFFFE
:03927000FF0000FC
:089274001498FE7F01000000C8
:10927C00000000005521E507E5559A15B53B121F76
:10928C00FF000000AB0A00000000803F0000803FA0
:10929C000000803F0000803F000080C0000000C044
:1092AC00000080BF000000BF0000003F0000803FB6
:1092BC0000000040000080400A040000B896FF1F28
:1092CC0008000000FFFFFFFF01000000090243003F
:1092DC00020100C032090400000102020100052451
:1092EC0000100105240101010424020605240600D6
:1092FC00010705820310004009040100020A000066
:10930C00000705030240000007058402400000002E
:10931C001201100102000040C01683047502010204
:10932C0003010000040309041803540065006500E0
:10933C006E00730079006400750069006E006F00A8
:10934C0016035500530042002000530065007200C4
:10935C00690061006C0000000C03000000000000BC
:10936C0000000000000000000000000000000000F1
:10937C0000000000000000002088FF1F2088FF1F55
:10938C002888FF1F2888FF1F3088FF1F3088FF1F89
:10939C003888FF1F3888FF1F4088FF1F4088FF1F39
:1093AC004888FF1F4888FF1F5088FF1F5088FF1FE9
:1093BC005888FF1F5888FF1F6088FF1F6088FF1F99
:1093CC006888FF1F6888FF1F7088FF1F7088FF1F49
:1093DC007888FF1F7888FF1F8088FF1F8088FF1FF9
:1093EC008888FF1F8888FF1F9088FF1F9088FF1FA9
:1093FC009888FF1F9888FF1FA088FF1FA088FF1F59
:10940C00A888FF1FA888FF1FB088FF1FB088FF1F08
:10941C00B888FF1FB888FF1FC088FF1FC088FF1FB8
:10942C00C888FF1FC888FF1FD088FF1FD088FF1F68
:10943C00D888FF1FD888FF1FE088FF1FE088FF1F18
:10944C00E888FF1FE888FF1FF088FF1FF088FF1FC8
:10945C00F888FF1FF888FF1F0089FF1F0089FF1F76
:10946C000889FF1F0889FF1F1089FF1F1089FF1F24
:10947C001889FF1F1889FF1F2089FF1F2089FF1FD4
:10948C002889FF1F2889FF1F3089FF1F3089FF1F84
:10949C003889FF1F3889FF1F4089FF1F4089FF1F34
:1094AC004889FF1F4889FF1F5089FF1F5089FF1FE4
:1094BC005889FF1F5889FF1F6089FF1F6089FF1F94
:1094CC006889FF1F6889FF1F7089FF1F7089FF1F44
:1094DC007889FF1F7889FF1F8089FF1F8089FF1FF4
:1094EC008889FF1F8889FF1F9089FF1F9089FF1FA4
:1094FC009889FF1F9889FF1FA089FF1FA089FF1F54
:10950C00A889FF1FA889FF1FB089FF1FB089FF1F03
:10951C00B889FF1FB889FF1FC089FF1FC089FF1FB3
:10952C00C889FF1FC889FF1FD089FF1FD089FF1F63
:10953C00D889FF1FD889FF1FE089FF1FE089FF1F13
:10954C00E889FF1FE889FF1FF089FF1FF089FF1FC3
:10955C00F889FF1FF889FF1F008AFF1F008AFF1F71
:10956C00088AFF1F088AFF1F108AFF1F108AFF1F1F
:10957C00188AFF1F188AFF1F208AFF1F208AFF1FCF
:10958C00288AFF1F288AFF1F308AFF1F308AFF1F7F
:10959C00388AFF1F388AFF1F408AFF1F408AFF1F2F
:1095AC00488AFF1F488AFF1F508AFF1F508AFF1FDF
:1095BC00588AFF1F588AFF1F608AFF1F608AFF1F8F
:1095CC00688AFF1F688AFF1F708AFF1F708AFF1F3F
:1095DC00788AFF1F788AFF1F808AFF1F808AFF1FEF
:1095EC00888AFF1F888AFF1F908AFF1F908AFF1F9F
:1095FC00988AFF1F988AFF1FA08AFF1FA08AFF1F4F
:10960C00A88AFF1FA88AFF1FB08AFF1FB08AFF1FFE
:10961C00B88AFF1FB88AFF1FC08AFF1FC08AFF1FAE
:10962C00C88AFF1FC88AFF1FD08AFF1FD08AFF1F5E
:10963C00D88AFF1FD88AFF1FE08AFF1FE08AFF1F0E
:10964C00E88AFF1FE88AFF1FF08AFF1FF08AFF1FBE
:10965C00F88AFF1FF88AFF1F008BFF1F008BFF1F6C
:10966C00088BFF1F088BFF1F108BFF1F108BFF1F1A
:10967C00188BFF1F188BFF1F208BFF1F208BFF1FCA
:10968C00288BFF1F288BFF1F308BFF1F308BFF1F7A
:10969C00388BFF1F388BFF1F408BFF1F408BFF1F2A
:1096AC00488BFF1F488BFF1F508BFF1F508BFF1FDA
:1096BC00588BFF1F588BFF1F608BFF1F608BFF1F8A
:1096CC00688BFF1F688BFF1F708BFF1F708BFF1F3A
:1096DC00788BFF1F788BFF1F808BFF1F808BFF1FEA
:1096EC00888BFF1F888BFF1F908BFF1F908BFF1F9A
:1096FC00988BFF1F988BFF1FA08BFF1FA08BFF1F4A
:10970C00A88BFF1FA88BFF1FB08BFF1FB08BFF1FF9
:10971C00B88BFF1FB88BFF1FC08BFF1FC08BFF1FA9
:10972C00C88BFF1FC88BFF1FD08BFF1FD08BFF1F59
:10973C00D88BFF1FD88BFF1FE08BFF1FE08BFF1F09
:10974C00E88BFF1FE88BFF1FF08BFF1FF08BFF1FB9
:10975C00F88BFF1FF88BFF1F008CFF1F008CFF1F67
:10976C00088CFF1F088CFF1F108CFF1F108CFF1F15
:10977C00188CFF1F188CFF1FFFFFFFFF000002005B
:10978C0000000000E093FF1F4894FF1FB094FF1FE0
:10979C0000000000000000000000000000000000BD
:1097AC0000000000000000000000000000000000AD
:1097BC00000000000000000000000000000000009D
:1097CC00000000000000000000000000000000008D
:1097DC00000000000000000000000000000000007D
:1097EC00000000000000000000000000000000006D
:1097FC00000000000000000000000000000000005D
:10980C00000000000000000000000000000000004C
:10981C00000000000000000001000000000000003B
:10982C000E33CDAB34126DE6ECDE05000B00000000
:10983C00000000000000000000000000000000001C
:10984C00000000000000000000000000000000000C
:10985C0000000000000000000000000000000000FC
:10986C0000000000000000000000000000000000EC
:10987C0000000000000000000000000000000000DC
:10988C0000000000000000000000000000000000CC
:10989C0000000000000000000000000000000000BC
:0898AC00308CFF1F1C95FF1F0B
:00000001FF
